기기유형,기기명,형식명,제작사,사용여부,안전도승인여부,허용하중
검사기기,사이드슬립측정기,AAT-10AT,대본,사용,승인,10
검사기기,사이드슬립측정기,AAT-10T,대본,사용,승인,10
검사기기,사이드슬립측정기,AAT-15AT,대본,사용,승인,15
검사기기,사이드슬립측정기,AAT-3T,대본,사용,승인,3
검사기기,사이드슬립측정기,AB-5112,NISSAN ALTIA,사용,승인,1.8
검사기기,사이드슬립측정기,ABS-A-10T,(주)오토기기,사용,승인,10
검사기기,사이드슬립측정기,ABS-A-15T,(주)오토기기,사용,승인,15
검사기기,사이드슬립측정기,ABS-A-3T,(주)오토기기,사용,승인,3
검사기기,사이드슬립측정기,AIM S.S.T.,AIM,사용,승인,10
검사기기,사이드슬립측정기,AMC-300A,(주)자동기기,사용,승인,3
검사기기,사이드슬립측정기,AS-1135,NISSAN ALTIA,사용,승인,1.8
검사기기,사이드슬립측정기,AS-4105,NISSALCO,사용,승인,10
검사기기,사이드슬립측정기,AUTO-A-10T,(주)오토기기,사용,승인,10
검사기기,사이드슬립측정기,AUTO-A-10T-1,(주)오토기기,사용,승인,10
검사기기,사이드슬립측정기,AUTO-A-10T-TS,(주)오토기기,사용,승인,10
검사기기,사이드슬립측정기,AUTO-A-15A,(주)오토기기,사용,승인,15
검사기기,사이드슬립측정기,AUTO-A-15T,(주)오토기기,사용,승인,15
검사기기,사이드슬립측정기,AUTO-A-3T,(주)오토기기,사용,승인,3
검사기기,사이드슬립측정기,BLA-10,보림정밀,사용,승인,10
검사기기,사이드슬립측정기,BLA-10-1,보림정밀,사용,승인,10
검사기기,사이드슬립측정기,BLA-15,보림정밀,사용,승인,15
검사기기,사이드슬립측정기,BLA-15A,보림정밀,사용,승인,15
검사기기,사이드슬립측정기,DASAN-10TA,(주)다산알앤디,사용,승인,10
검사기기,사이드슬립측정기,DASAN-15TA,(주)다산알앤디,사용,승인,15
검사기기,사이드슬립측정기,DASAN-3TA,(주)다산알앤디,사용,승인,3
검사기기,사이드슬립측정기,DBC-03A-1,대본,사용,승인,3
검사기기,사이드슬립측정기,DBC-101,대본제작소,사용,승인,10
검사기기,사이드슬립측정기,DBC-101-AT-A,대본,사용,승인,10
검사기기,사이드슬립측정기,DBC-101-AT2,대본,사용,승인,10
검사기기,사이드슬립측정기,DBC-101A,대본,사용,승인,10
검사기기,사이드슬립측정기,DBC-101AI,대본제작소,사용,승인,10
검사기기,사이드슬립측정기,DBC-101AT-1,대본제작소,사용,승인,10
검사기기,사이드슬립측정기,DBC-101DC,대본제작소,사용,승인,10
검사기기,사이드슬립측정기,DBC-101DF,대본제작소,사용,승인,10
검사기기,사이드슬립측정기,DBC-101I,대본제작소,사용,승인,10
검사기기,사이드슬립측정기,DBC-10A-1,대본,사용,승인,10
검사기기,사이드슬립측정기,DBC-10AT-A,대본,사용,승인,10
검사기기,사이드슬립측정기,DBC-10T-S,대본제작소,사용,승인,10
검사기기,사이드슬립측정기,DBC-10TA,대본,사용,승인,10
검사기기,사이드슬립측정기,DBC-15-A,대본,사용,승인,15
검사기기,사이드슬립측정기,DBC-151AT,대본제작소,사용,승인,15
검사기기,사이드슬립측정기,DBC-151AT-1,대본제작소,사용,승인,15
검사기기,사이드슬립측정기,DBC-151DC,대본제작소,사용,승인,15
검사기기,사이드슬립측정기,DBC-151DF,대본제작소,사용,승인,15
검사기기,사이드슬립측정기,DBC-151S-2,대본제작소,사용,승인,15
검사기기,사이드슬립측정기,DBC-15A-1,대본제작소,사용,승인,15
검사기기,사이드슬립측정기,DBC-15B-2,대본제작소,사용,승인,15
검사기기,사이드슬립측정기,DBC-15I-DC,대본제작소,사용,승인,15
검사기기,사이드슬립측정기,DBC-15S-2,대본제작소,사용,승인,15
검사기기,사이드슬립측정기,DBC-15T,대본,사용,승인,15
검사기기,사이드슬립측정기,DBC-15T-S,대본제작소,사용,승인,15
검사기기,사이드슬립측정기,DBC-15T-S-1,대본제작소,사용,승인,15
검사기기,사이드슬립측정기,DBC-3000A,대본제작소,사용,승인,3
검사기기,사이드슬립측정기,DBC-301,대본제작소,사용,승인,6
검사기기,사이드슬립측정기,DBC-31,대본제작소,사용,승인,3
검사기기,사이드슬립측정기,DBC-31AT,대본제작소,사용,승인,3
검사기기,사이드슬립측정기,DBC-31DC,대본,사용,승인,3
검사기기,사이드슬립측정기,DBC-31DF,대본제작소,사용,승인,3
검사기기,사이드슬립측정기,DBC-31DF2,대본제작소,사용,승인,3
검사기기,사이드슬립측정기,DBC-31T,대본,사용,승인,3
검사기기,사이드슬립측정기,DFA-100A,(주)디펜스,사용,승인,10
검사기기,사이드슬립측정기,DFA-100M,(주)디팬스,사용,승인,10
검사기기,사이드슬립측정기,DFA-100M1,(주)디펜스,사용,승인,10
검사기기,사이드슬립측정기,DFA-150A,(주)디펜스,사용,승인,15
검사기기,사이드슬립측정기,DFA-150A1,(주)디펜스,사용,승인,15
검사기기,사이드슬립측정기,DFA-150A2,(주)디펜스,사용,승인,15
검사기기,사이드슬립측정기,DFA-15M,(주)디펜스,사용,승인,3
검사기기,사이드슬립측정기,DFA-30A,(주)디펜스,사용,승인,3
검사기기,사이드슬립측정기,DFA-30M,(주)디펜스,사용,승인,3
검사기기,사이드슬립측정기,DFA-50A,(주)디펜스,사용,승인,10
검사기기,사이드슬립측정기,DFA-50A2,(주)디펜스,사용,승인,10
검사기기,사이드슬립측정기,DFA-50M,(주)디펜스,사용,승인,10
검사기기,사이드슬립측정기,DFA-50M1,디펜스,사용,승인,10
검사기기,사이드슬립측정기,DFA-75A1,(주)디펜스,사용,승인,15
검사기기,사이드슬립측정기,DFA-75A2,(주)디펜스,사용,승인,15
검사기기,사이드슬립측정기,DKM-10-A,대광기계제작소,사용,승인,10
검사기기,사이드슬립측정기,DKM-10-A-1,대광기계제작소,사용,승인,10
검사기기,사이드슬립측정기,DKM-10-AAP,대광기계제작소,사용,승인,10
검사기기,사이드슬립측정기,DKM-10-AAP-1,대광기계제작소,사용,승인,10
검사기기,사이드슬립측정기,DKM-10-AP,대광기계제작소,사용,승인,10
검사기기,사이드슬립측정기,DKM-10-AP-1,대광기계제작소,사용,승인,10
검사기기,사이드슬립측정기,DKM-15-A,대광기계제작소,사용,승인,15
검사기기,사이드슬립측정기,DKM-15-A-1,대광기계제작소,사용,승인,15
검사기기,사이드슬립측정기,DKM-15-AAP,대광기계제작소,사용,승인,15
검사기기,사이드슬립측정기,DKM-15-AP,대광기계제작소,사용,승인,15
검사기기,사이드슬립측정기,DKM-15-AP-1,대광기계제작소,사용,승인,15
검사기기,사이드슬립측정기,DKM-2-A,대광기계제작소,사용,승인,2
검사기기,사이드슬립측정기,DKM-2-A-1,대광기계제작소,사용,승인,2
검사기기,사이드슬립측정기,DKM-2-AP,대광기계제작소,사용,승인,2
검사기기,사이드슬립측정기,DKM-2-AP-1,대광기계제작소,사용,승인,2
검사기기,사이드슬립측정기,DKM-3-A,대광기계제작소,사용,승인,3
검사기기,사이드슬립측정기,DKM-3-A-1,대광기계제작소,사용,승인,3
검사기기,사이드슬립측정기,DKM-3-AP,대광기계제작소,사용,승인,3
검사기기,사이드슬립측정기,DKM-3-AP-1,대광기계제작소,사용,승인,3
검사기기,사이드슬립측정기,DL-10A,대림기전,사용,승인,10
검사기기,사이드슬립측정기,DL-3A,대림기전,사용,승인,3
검사기기,사이드슬립측정기,DSM-10-AT,두산기업,사용,승인,10
검사기기,사이드슬립측정기,DSM-10-AT,디에스엠,사용,승인,10
검사기기,사이드슬립측정기,DSM-10-AT-A,두산기계,사용,승인,10
검사기기,사이드슬립측정기,DSM-10-AT-A1,두산기계,사용,승인,10
검사기기,사이드슬립측정기,DSM-10-SS,두산기계,사용,승인,10
검사기기,사이드슬립측정기,DSM-10-SS-A,두산기계,사용,승인,10
검사기기,사이드슬립측정기,DSM-15-AT,두산기업,사용,승인,15
검사기기,사이드슬립측정기,DSM-15-AT-1,두산기계,사용,승인,15
검사기기,사이드슬립측정기,DSM-15-AT-A,두산기계,사용,승인,15
검사기기,사이드슬립측정기,DSM-15-SS,두산기계,사용,승인,15
검사기기,사이드슬립측정기,DSM-2-SS,두산기계,사용,승인,2
검사기기,사이드슬립측정기,DSM-3-AT,두산기업,사용,승인,3
검사기기,사이드슬립측정기,DSM-3-AT-A,두산기계,사용,승인,3
검사기기,사이드슬립측정기,DSM-3-SS,두산기계,사용,승인,3
검사기기,사이드슬립측정기,DW-101AT,대본,사용,승인,10
검사기기,사이드슬립측정기,DWG-300D-2,덕산,사용,승인,3
검사기기,사이드슬립측정기,FSS-04IS,(주)포리코리아,사용,승인,3
검사기기,사이드슬립측정기,FSS-06N,(주)포리코리아,사용,승인,1.5
검사기기,사이드슬립측정기,HBEP-S-01,한국비이피,사용,승인,10
검사기기,사이드슬립측정기,HBEP-SST-101,(주)한국비이피,사용,승인,10
검사기기,사이드슬립측정기,HI-60AA,헤스본(주),사용,승인,10
검사기기,사이드슬립측정기,HI-60MA,헤스본기계(주),사용,승인,10
검사기기,사이드슬립측정기,HI-62MA,헤스본,사용,승인,2
검사기기,사이드슬립측정기,HKC-10-A,한국카텍,사용,승인,10
검사기기,사이드슬립측정기,HKC-10-A-1,한국카택,사용,승인,10
검사기기,사이드슬립측정기,HKC-15-A-1,한국카택,사용,승인,10
검사기기,사이드슬립측정기,HKC-3-A,한국카텍,사용,승인,3
검사기기,사이드슬립측정기,HKC-3-A-1,한국카텍,사용,승인,3
검사기기,사이드슬립측정기,HS-03,한진기계,사용,승인,3
검사기기,사이드슬립측정기,HS-03A,한진기계(주),사용,승인,3
검사기기,사이드슬립측정기,HS-10,한진기계(주),사용,승인,10
검사기기,사이드슬립측정기,HS-10A,한진기계(주),사용,승인,10
검사기기,사이드슬립측정기,HS-15A,한진기계(주),사용,승인,15
검사기기,사이드슬립측정기,HS-15M,한진기계(주),사용,승인,15
검사기기,사이드슬립측정기,HYC-10-A,한영산업,사용,승인,10
검사기기,사이드슬립측정기,HYC-10-A-1,한영산업,사용,승인,10
검사기기,사이드슬립측정기,HYC-15-A-1,한영산업,사용,승인,15
검사기기,사이드슬립측정기,HYC-3-A,한영산업,사용,승인,3
검사기기,사이드슬립측정기,IAT-1050A,이레모텍,사용,승인,10
검사기기,사이드슬립측정기,IAT-1500,이레모텍,사용,승인,15
검사기기,사이드슬립측정기,IAT-1510A,이레모텍,사용,승인,15
검사기기,사이드슬립측정기,IAT-300A,이레모텍,사용,승인,3
검사기기,사이드슬립측정기,IAT-301,이레모텍,사용,승인,3
검사기기,사이드슬립측정기,IAT-305A,이레모텍,사용,승인,3
검사기기,사이드슬립측정기,IM-2220,NISSALCO,사용,승인,3
검사기기,사이드슬립측정기,IM-2230,NISSALCO,사용,승인,10
검사기기,사이드슬립측정기,IM-2235,NISSALCO,사용,승인,6
검사기기,사이드슬립측정기,IM-2254,NISSAN ALTIA,사용,승인,3
검사기기,사이드슬립측정기,JAT-10,(주)자스텍,사용,승인,10
검사기기,사이드슬립측정기,JAT-10C,(주)자스텍,사용,승인,10
검사기기,사이드슬립측정기,JAT-15,(주)자스텍,사용,승인,15
검사기기,사이드슬립측정기,JAT-15B,(주)자스텍,사용,승인,15
검사기기,사이드슬립측정기,JAT-15C,(주)자스텍,사용,승인,15
검사기기,사이드슬립측정기,KOTSA-10-A,한국교통안전공단,사용,승인,10
검사기기,사이드슬립측정기,KOTSA-10AT,한국교통안전공단,사용,승인,10
검사기기,사이드슬립측정기,KOTSA-10AT94-00,한국교통안전공단,사용,승인,10
검사기기,사이드슬립측정기,KSS-1500SIS-A,케이아이엔티(주):구)한국이야사까,사용,승인,15
검사기기,사이드슬립측정기,KSST-1000,케이아이엔티(주):구)한국이야사까,사용,승인,10
검사기기,사이드슬립측정기,KSST-1000-IT,케이아이엔티(주):구)한국이야사까,사용,승인,10
검사기기,사이드슬립측정기,KSST-1000AL,케이아이엔티(주):구)한국이야사까,사용,승인,10
검사기기,사이드슬립측정기,KSST-1000AUTO88,케이아이엔티(주):구)한국이야사까,사용,승인,10
검사기기,사이드슬립측정기,KSST-1000AUTO88B,케이아이엔티(주):구)한국이야사까,사용,승인,10
검사기기,사이드슬립측정기,KSST-1000AUTO88C,케이아이엔티(주):구)한국이야사까,사용,승인,10
검사기기,사이드슬립측정기,KSST-1000AUTO88C-1,케이아이엔티(주):구)한국이야사까,사용,승인,10
검사기기,사이드슬립측정기,KSST-1000AUTO88C-1L,케이아이엔티(주):구)한국이야사까,사용,승인,10
검사기기,사이드슬립측정기,KSST-1000AUTO88D-1,케이아이엔티(주):구)한국이야사까,사용,승인,10
검사기기,사이드슬립측정기,KSST-1000B,케이아이엔티(주):구)한국이야사까,사용,승인,10
검사기기,사이드슬립측정기,KSST-1000CT,케이아이엔티(주):구)한국이야사까,사용,승인,10
검사기기,사이드슬립측정기,KSST-1000CT-1,케이아이엔티(주):구)한국이야사까,사용,승인,
검사기기,사이드슬립측정기,KSST-1000KMC,케이아이엔티(주):구)한국이야사까,사용,승인,10
검사기기,사이드슬립측정기,KSST-1000KMCA,케이아이엔티(주):구)한국이야사까,사용,승인,10
검사기기,사이드슬립측정기,KSST-1000MC,케이아이엔티(주):구)한국이야사까,사용,승인,10
검사기기,사이드슬립측정기,KSST-1000P,케이아이엔티(주):구)한국이야사까,사용,승인,10
검사기기,사이드슬립측정기,KSST-1000P-1,케이아이엔티(주):구)한국이야사까,사용,승인,10
검사기기,사이드슬립측정기,KSST-1000P-IT,케이아이엔티(주):구)한국이야사까,사용,승인,10
검사기기,사이드슬립측정기,KSST-1000S,케이아이엔티(주):구)한국이야사까,사용,승인,10
검사기기,사이드슬립측정기,KSST-1000SIS-A,케이아이엔티(주):구)한국이야사까,사용,승인,10
검사기기,사이드슬립측정기,KSST-1000W-1,케이아이엔티(주):구)한국이야사까,사용,승인,10
검사기기,사이드슬립측정기,KSST-100S,케이아이엔티(주):구)한국이야사까,사용,승인,1
검사기기,사이드슬립측정기,KSST-100SIS-A,케이아이엔티(주):구)한국이야사까,사용,승인,1
검사기기,사이드슬립측정기,KSST-1010DA,케이아이엔티(주):구)한국이야사까,사용,승인,10
검사기기,사이드슬립측정기,KSST-1050B,케이아이엔티(주):구)한국이야사까,사용,승인,10
검사기기,사이드슬립측정기,KSST-1050D,케이아이엔티(주):구)한국이야사까,사용,승인,10
검사기기,사이드슬립측정기,KSST-1050DB,케이아이엔티(주):구)한국이야사까,사용,승인,10
검사기기,사이드슬립측정기,KSST-1050IT,케이아이엔티(주):구)한국이야사까,사용,승인,10
검사기기,사이드슬립측정기,KSST-1050SIS-A,케이아이엔티(주):구)한국이야사까,사용,승인,10
검사기기,사이드슬립측정기,KSST-1051B,케이아이엔티(주):구)한국이야사까,사용,승인,10
검사기기,사이드슬립측정기,KSST-1051D,케이아이엔티(주):구)한국이야사까,사용,승인,10
검사기기,사이드슬립측정기,KSST-1051SIS-A,케이아이엔티(주):구)한국이야사까,사용,승인,10
검사기기,사이드슬립측정기,KSST-150-M,케이아이엔티(주):구)한국이야사까,사용,승인,10
검사기기,사이드슬립측정기,KSST-1500,케이아이엔티(주):구)한국이야사까,사용,승인,15
검사기기,사이드슬립측정기,KSST-1500A,케이아이엔티(주):구)한국이야사까,사용,승인,15
검사기기,사이드슬립측정기,KSST-1500AUTO88C-1LH,케이아이엔티(주):구)한국이야사까,사용,승인,15
검사기기,사이드슬립측정기,KSST-1500H,케이아이엔티(주):구)한국이야사까,사용,승인,15
검사기기,사이드슬립측정기,KSST-1500SIS-A,케이아이엔티(주):구)한국이야사까,사용,승인,10
검사기기,사이드슬립측정기,KSST-1501SIS-A,케이아이엔티(주):구)한국이야사까,사용,승인,15
검사기기,사이드슬립측정기,KSST-150MC,케이아이엔티(주):구)한국이야사까,사용,승인,1.5
검사기기,사이드슬립측정기,KSST-150MC-1,케이아이엔티(주):구)한국이야사까,사용,승인,1.5
검사기기,사이드슬립측정기,KSST-150MC-3,케이아이엔티(주):구)한국이야사까,사용,승인,10
검사기기,사이드슬립측정기,KSST-150P,케이아이엔티(주):구)한국이야사까,사용,승인,1.5
검사기기,사이드슬립측정기,KSST-150S,케이아이엔티(주):구)한국이야사까,사용,승인,10
검사기기,사이드슬립측정기,KSST-1550B,케이아이엔티(주):구)한국이야사까,사용,승인,15
검사기기,사이드슬립측정기,KSST-1550D,케이아이엔티(주):구)한국이야사까,사용,승인,15
검사기기,사이드슬립측정기,KSST-1550SIS-A,케이아이엔티(주):구)한국이야사까,사용,승인,15
검사기기,사이드슬립측정기,KSST-155SIS-A,케이아이엔티(주):구)한국이야사까,사용,승인,1.5
검사기기,사이드슬립측정기,KSST-300A,케이아이엔티(주):구)한국이야사까,사용,승인,3
검사기기,사이드슬립측정기,KSST-300IT,케이아이엔티(주):구)한국이야사까,사용,승인,3
검사기기,사이드슬립측정기,KSST-305B,케이아이엔티(주):구)한국이야사까,사용,승인,3
검사기기,사이드슬립측정기,KSST-305D,케이아이엔티(주):구)한국이야사까,사용,승인,3
검사기기,사이드슬립측정기,KSST-305DB,케이아이엔티(주):구)한국이야사까,사용,승인,3
검사기기,사이드슬립측정기,KSST-305SIS-A,케이아이엔티(주):구)한국이야사까,사용,승인,3
검사기기,사이드슬립측정기,KSST-AUTO88,케이아이엔티(주):구)한국이야사까,사용,승인,10
검사기기,사이드슬립측정기,KSST-AUTO88A,케이아이엔티(주):구)한국이야사까,사용,승인,10
검사기기,사이드슬립측정기,KSST-AUTO88B,케이아이엔티(주):구)한국이야사까,사용,승인,10
검사기기,사이드슬립측정기,KSST-AUTO88B-1,케이아이엔티(주):구)한국이야사까,사용,승인,10
검사기기,사이드슬립측정기,KSST-AUTO88C,케이아이엔티(주):구)한국이야사까,사용,승인,10
검사기기,사이드슬립측정기,KSST-AUTO88C-1,케이아이엔티(주):구)한국이야사까,사용,승인,10
검사기기,사이드슬립측정기,KSST1000,케이아이엔티(주):구)한국이야사까,사용,승인,10
검사기기,사이드슬립측정기,KTA-105,코리아컴테크,사용,승인,10
검사기기,사이드슬립측정기,KTA-105B,코리아컴테크,사용,승인,3
검사기기,사이드슬립측정기,KTA-10B,코리아컴텍,사용,승인,10
검사기기,사이드슬립측정기,KTA-300A,코리아컴테크,사용,승인,3
검사기기,사이드슬립측정기,KTA-300BA,코리아컴테크,사용,승인,1.5
검사기기,사이드슬립측정기,KTA-305B,코리아컴테크,사용,승인,3
검사기기,사이드슬립측정기,KTA-310-23,코리아컴텍,사용,승인,3
검사기기,사이드슬립측정기,LP-10A,삼미기계,사용,승인,10
검사기기,사이드슬립측정기,LP-3,삼미기계,사용,승인,3
검사기기,사이드슬립측정기,MS-AL-10,(주)명성기기,사용,승인,10
검사기기,사이드슬립측정기,MS-CA,명성,사용,승인,10
검사기기,사이드슬립측정기,NDA-1000A,NODE,사용,승인,10
검사기기,사이드슬립측정기,NDA-V3.0,동보ENG,사용,승인,10
검사기기,사이드슬립측정기,NDAV-1.0,동보,사용,승인,10
검사기기,사이드슬립측정기,NDAV-3.0,노드,사용,승인,10
검사기기,사이드슬립측정기,NTR-ABS-A-40A,(주)오토기기,사용,승인,10
검사기기,사이드슬립측정기,SA-10A,삼미,사용,승인,10
검사기기,사이드슬립측정기,SA-10B,삼미전자,사용,승인,10
검사기기,사이드슬립측정기,SA-10K,삼미,사용,승인,10
검사기기,사이드슬립측정기,SAT-100S,세안통상,사용,승인,10
검사기기,사이드슬립측정기,SBD-10T-A,삼미,사용,승인,10
검사기기,사이드슬립측정기,SBST-500A,안전,사용,승인,6
검사기기,사이드슬립측정기,SHC-10-A,삼화기계,사용,승인,10
검사기기,사이드슬립측정기,SHC-10-A-1,삼화기계,사용,승인,10
검사기기,사이드슬립측정기,SHC-10-S,삼화기계,사용,승인,10
검사기기,사이드슬립측정기,SHC-10-S-2,삼화기계,사용,승인,10
검사기기,사이드슬립측정기,SHC-15-A,삼화제작소,사용,승인,15
검사기기,사이드슬립측정기,SHC-15-A-1,삼화기계,사용,승인,15
검사기기,사이드슬립측정기,SHC-3-A,삼화기계,사용,승인,3
검사기기,사이드슬립측정기,SHC-3-S,삼화기계,사용,승인,3
검사기기,사이드슬립측정기,SHC-3S-S,삼화제작소,사용,승인,3
검사기기,사이드슬립측정기,SHC-3SS,삼화제작소,사용,승인,3
검사기기,사이드슬립측정기,SHM-10-A,(주)삼화기계,사용,승인,10
검사기기,사이드슬립측정기,SHM-10-A-1,(주)삼화기계,사용,승인,10
검사기기,사이드슬립측정기,SHM-10-A5,삼화기계,사용,승인,10
검사기기,사이드슬립측정기,SHM-10-A5-1,삼화기계,사용,승인,10
검사기기,사이드슬립측정기,SHM-10-A5P,삼화기계시스템,사용,승인,10
검사기기,사이드슬립측정기,SHM-10-A5P-1,삼화기계시스템,사용,승인,10
검사기기,사이드슬립측정기,SHM-15-A,삼화기계,사용,승인,15
검사기기,사이드슬립측정기,SHM-15-A-1,(주)삼화기계,사용,승인,15
검사기기,사이드슬립측정기,SHM-15-A5-1,삼화기계,사용,승인,15
검사기기,사이드슬립측정기,SHM-15-A5P,삼화기계시스템,사용,승인,15
검사기기,사이드슬립측정기,SHM-15-A5P-1,삼화기계시스템,사용,승인,15
검사기기,사이드슬립측정기,SHM-15-AP,삼화기계,사용,승인,15
검사기기,사이드슬립측정기,SHM-2-A5,삼화기계,사용,승인,2
검사기기,사이드슬립측정기,SHM-2-A5-1,삼화기계,사용,승인,2
검사기기,사이드슬립측정기,SHM-3-A,(주)삼화기계,사용,승인,3
검사기기,사이드슬립측정기,SHM-3-A-1,삼화기계,사용,승인,3
검사기기,사이드슬립측정기,SHM-3-A5,삼화기계,사용,승인,3
검사기기,사이드슬립측정기,SHM-3-A5-1,삼화기계,사용,승인,3
검사기기,사이드슬립측정기,SHM-3-A5P,삼화기계시스템,사용,승인,3
검사기기,사이드슬립측정기,SJC-AL-10,(주)삼성전자,사용,승인,10
검사기기,사이드슬립측정기,SM-260-A,NISSALCO,사용,승인,1.5
검사기기,사이드슬립측정기,SM-270-A,NISSALCO,사용,승인,10
검사기기,사이드슬립측정기,SMA-10A,삼미전자,사용,승인,10
검사기기,사이드슬립측정기,SMA-10A-D,삼미전자,사용,승인,10
검사기기,사이드슬립측정기,SMA-10T-A,삼미전자,사용,승인,10
검사기기,사이드슬립측정기,SMA-10T-D,삼미전자,사용,승인,10
검사기기,사이드슬립측정기,SMA-10TA,삼미전자,사용,승인,10
검사기기,사이드슬립측정기,SMA-10TB,삼미전자,사용,승인,10
검사기기,사이드슬립측정기,SMA-3A,삼미전자,사용,승인,3
검사기기,사이드슬립측정기,SMA-3T-D,삼미전자,사용,승인,3
검사기기,사이드슬립측정기,SMA-3TA,삼미전자,사용,승인,3
검사기기,사이드슬립측정기,SMA-6A,삼미전자,사용,승인,6
검사기기,사이드슬립측정기,SMA-A,삼미,사용,승인,10
검사기기,사이드슬립측정기,SMB-10A,삼미,사용,승인,10
검사기기,사이드슬립측정기,SMB-10T-ABS,삼미,사용,승인,10
검사기기,사이드슬립측정기,SMB-10TA,삼미전자,사용,승인,10
검사기기,사이드슬립측정기,SMC-1.5A,삼미,사용,승인,1.5
검사기기,사이드슬립측정기,SMC-10A,삼미전자,사용,승인,10
검사기기,사이드슬립측정기,SMC-15A,삼미전자(주),사용,승인,15
검사기기,사이드슬립측정기,SOM-10-AT,삼오시스템,사용,승인,10
검사기기,사이드슬립측정기,SOM-10-AT-A,삼오기기,사용,승인,10
검사기기,사이드슬립측정기,SOM-15-AT,삼오기기,사용,승인,15
검사기기,사이드슬립측정기,SOM-3-A,삼오기기,사용,승인,3
검사기기,사이드슬립측정기,SOM-3-AT,삼오기기,사용,승인,3
검사기기,사이드슬립측정기,SS-100,신성시스템,사용,승인,3
검사기기,사이드슬립측정기,SS-103C,동보ENG,사용,승인,10
검사기기,사이드슬립측정기,SSC-15-A-1,(주)삼성LTS,사용,승인,15
검사기기,사이드슬립측정기,SST-1000A88D,케이아이엔티(주):구)한국이야사까,사용,승인,10
검사기기,사이드슬립측정기,SST-1000K,이야사까,사용,승인,6
검사기기,사이드슬립측정기,SST-1000SIS,케이아이엔티(주):구)한국이야사까,사용,승인,10
검사기기,사이드슬립측정기,SST-1000SIS-A,케이아이엔티(주):구)한국이야사까,사용,승인,10
검사기기,사이드슬립측정기,SST-1050A88D,케이아이엔티(주):구)한국이야사까,사용,승인,10
검사기기,사이드슬립측정기,SST-1050B,케이아이엔티(주):구)한국이야사까,사용,승인,10
검사기기,사이드슬립측정기,SST-1050SIS-A,케이아이엔티(주):구)한국이야사까,사용,승인,10
검사기기,사이드슬립측정기,SST-1500A88L,케이아이엔티(주):구)한국이야사까,사용,승인,15
검사기기,사이드슬립측정기,SST-1500SIS-A,케이아이엔티(주):구)한국이야사까,사용,승인,15
검사기기,사이드슬립측정기,SST-150MC,케이아이엔티(주):구)한국이야사까,사용,승인,1.5
검사기기,사이드슬립측정기,SST-305,IYASAKA,사용,승인,3
검사기기,사이드슬립측정기,SST-305SIS-A,케이아이엔티(주):구)한국이야사까,사용,승인,3
검사기기,사이드슬립측정기,SST-3500,신성시스템,사용,승인,10
검사기기,사이드슬립측정기,SST-600B,IYASAKA,사용,승인,6
검사기기,사이드슬립측정기,ST-15,대한정비기기,사용,승인,15
검사기기,사이드슬립측정기,ST-300,코리아컴테크,사용,승인,3
검사기기,사이드슬립측정기,ST-3000,안전,사용,승인,3
검사기기,사이드슬립측정기,ST-5000,ANZEN,사용,승인,10
검사기기,사이드슬립측정기,TBE-A-103C-D2,(주)동보,사용,승인,10
검사기기,사이드슬립측정기,TBE-A103C-D2,동보ENG,사용,승인,10
검사기기,사이드슬립측정기,TBE-A300D2,동보ENG,사용,승인,3
검사기기,사이드슬립측정기,TBE-SS100,동보엔지니어링,사용,승인,10
검사기기,사이드슬립측정기,TBE-SS1000,동보엔지니어링,사용,승인,10
검사기기,사이드슬립측정기,TBE-SS103C,동보엔지니어링,사용,승인,10
검사기기,사이드슬립측정기,TBE-SS153C,동보엔지니어링,사용,승인,15
검사기기,사이드슬립측정기,TBE-SS300BE,동보,사용,승인,3
검사기기,사이드슬립측정기,TS-10A,토신인터내셔날,사용,승인,10
검사기기,사이드슬립측정기,TS-15A,토신인터내셔날,사용,승인,15
검사기기,사이드슬립측정기,TSST-1000,토신인터내쇼날,사용,승인,10
검사기기,사이드슬립측정기,TSST-300,토신인터내쇼날,사용,승인,3
검사기기,사이드슬립측정기,TST-105SP,TOAKOKI,사용,승인,10
검사기기,사이드슬립측정기,TST-3000E,TOAKOKI,사용,승인,6
검사기기,사이드슬립측정기,WD-6000-2,BANZAI,사용,승인,10
검사기기,사이드슬립측정기,WG-1000S,BANZAI,사용,승인,10
검사기기,사이드슬립측정기,WG-150B-2,BANZAI,사용,승인,3
검사기기,사이드슬립측정기,WG-180HS,BANZAI,사용,승인,1
검사기기,사이드슬립측정기,WG-3000,BANZAI,사용,승인,6
검사기기,사이드슬립측정기,WG-300B-2,BANZAI,사용,승인,6
검사기기,사이드슬립측정기,WG-300D,BANZAI,사용,승인,3
검사기기,사이드슬립측정기,WG-300D-2,덕산,사용,승인,6
검사기기,사이드슬립측정기,WG-500B,BANZAI,사용,승인,6
검사기기,사이드슬립측정기,WG-500B-3,BANZAI,사용,승인,3
검사기기,사이드슬립측정기,WG-75B,BANZAI,사용,승인,1.5
검사기기,사이드슬립측정기,DBC-31F,대본제작소,사용,승인,3
검사기기,사이드슬립측정기,A&G-SST,A&G,사용,승인,3
검사기기,사이드슬립측정기,AMC-3S,AMC텍크,사용,승인,3
검사기기,사이드슬립측정기,AMC-10S,AMC텍크,사용,승인,10
검사기기,사이드슬립측정기,DSM-10-AT, 디에스엠,사용,승인,10
검사기기,사이드슬립측정기,SOM-15-AT-A,삼오시스템,사용,승인,15
검사기기,사이드슬립측정기,HS-15-D,한진기계(주),사용,승인,15
검사기기,사이드슬립측정기,KSST-1500 IT,케이아이엔티(주):구)한국이야사까,사용,승인,15
검사기기,사이드슬립측정기,KTA-310B,코리아컴테크,사용,승인,3
검사기기,사이드슬립측정기,DASAN-MS-15TA,(주)다산엠에스,사용,승인,15
검사기기,사이드슬립측정기,SOM-3-AT-A,삼오시스템,사용,승인,3
검사기기,사이드슬립측정기,KSST-1000IT,케이아이엔티(주):구)한국이야사까,사용,승인,10
검사기기,사이드슬립측정기,KSST-300GM,케이아이엔티(주):구)한국이야사까,사용,승인,3
검사기기,사이드슬립측정기,KSST-1500IT,케이아이엔티(주):구)한국이야사까,사용,승인,15
검사기기,사이드슬립측정기,ANG-SST605,A&G 테크놀러지,사용,승인,1.5
검사기기,사이드슬립측정기,DBC-311,대본,사용,승인,3
검사기기,사이드슬립측정기,DKM-15-A-S,대광기계제작소,사용,승인,15
검사기기,사이드슬립측정기,DASAN-15TA-1,(주)다산알앤디,사용,승인,15
검사기기,사이드슬립측정기,KHSM-10-AI,효성기기,사용,승인,10
검사기기,사이드슬립측정기,BLA-N5,보림정밀,사용,승인,15
검사기기,사이드슬립측정기,BLA-3-1,보림정밀,사용,승인,3
검사기기,사이드슬립측정기,SOM-15-AT-A1,삼오시스템,사용,승인,15
검사기기,사이드슬립측정기,KHSM-10-A5,효성기기,사용,승인,10
검사기기,사이드슬립측정기,HS-10D,한진기계(주),사용,승인,10
검사기기,사이드슬립측정기,DBC-31DC-1,대본,사용,승인,1
검사기기,사이드슬립측정기,BLA-10-2,보림정밀,사용,승인,10
검사기기,사이드슬립측정기,DBC-101AT,대본제작소,사용,승인,10
검사기기,사이드슬립측정기,DBC-101DC-1,대본,사용,승인,1
검사기기,사이드슬립측정기,BLA-15-1,보림정밀,사용,승인,15
검사기기,사이드슬립측정기,KSST-1500MC,케이아이엔티(주):구)한국이야사까,사용,승인,15
검사기기,사이드슬립측정기,HS-03D,한진기계(주),사용,승인,3
검사기기,사이드슬립측정기,DC15114-EOL,A&G,사용,승인,
검사기기,사이드슬립측정기,KOTSA-10AT94-00-1,한국교통안전공단,사용,승인,10
검사기기,사이드슬립측정기,SOM-3-AT-1,삼오시스템,사용,승인,3
검사기기,사이드슬립측정기,SHM-10K-A,삼화기계시스템,사용,승인,10
검사기기,사이드슬립측정기,SHM-3K-A,삼화기계제작소,사용,승인,3
검사기기,사이드슬립측정기,SHM-10-A10P,삼화기계시스템,사용,승인,10
검사기기,사이드슬립측정기,KSST-1500D,케이아이엔티(주):구)한국이야사까,사용,승인,15
검사기기,사이드슬립측정기,JAT-10C-1,(자)자스텍,사용,승인,10
검사기기,사이드슬립측정기,DBC-03A-2,대본,사용,승인,3
검사기기,사이드슬립측정기,SOM-10-AT-1,삼오시스템,사용,승인,10
검사기기,사이드슬립측정기,DKM-10-AA,대광기계제작소,사용,승인,10
검사기기,사이드슬립측정기,JAT-15C-1,(자)자스텍,사용,승인,15
검사기기,사이드슬립측정기,TS-2016-15A,보림정밀,사용,승인,15
검사기기,사이드슬립측정기,DASAN-15TA,(주)다산엠에스,사용,승인,15
검사기기,사이드슬립측정기,DBC-3AT-A,대본,사용,승인,3
검사기기,사이드슬립측정기,DBC-3T-A,대본,사용,승인,3
검사기기,사이드슬립측정기,DBC-101AT2,대본,사용,승인,10
검사기기,사이드슬립측정기,DKM-10-AT,대광기계제작소,사용,승인,10
검사기기,사이드슬립측정기,DASAN-10TA,(주)다산엠에스,사용,승인,1
검사기기,사이드슬립측정기,DASAN-10TA-MS,(주)다산엠에스,사용,승인,10
검사기기,사이드슬립측정기,JAT-10B,(주)자스텍,사용,승인,10
검사기기,사이드슬립측정기,SHM-15-A,삼화기계시스템,사용,승인,15
검사기기,사이드슬립측정기,DKM-10-2A,대광기계제작소,사용,승인,10
검사기기,사이드슬립측정기,TS-2017-15A,보림정밀,사용,승인,15
검사기기,사이드슬립측정기,DBC-10A-2,대본,사용,승인,10
검사기기,사이드슬립측정기,SST-01,(주)비이피코리아티디씨,사용,승인,5
검사기기,사이드슬립측정기,DASAN-15TA-MS,(주)다산엠에스,사용,승인,15
검사기기,사이드슬립측정기,DBC-15A-2,대본,사용,승인,15
검사기기,사이드슬립측정기,SHM-15-A5,삼화기계시스템,사용,승인,15
검사기기,사이드슬립측정기,DSM-10-AT2,두산기업,사용,승인,10
검사기기,사이드슬립측정기,DSM-3-AT2,두산기업,사용,승인,3
검사기기,사이드슬립측정기,GH-10-A,(주)지에취디자인,사용,승인,10
검사기기,사이드슬립측정기,SLIP7000,(주)다산엠에스,사용,승인,10
검사기기,사이드슬립측정기,DKM-3-AA,대광기계제작소,사용,승인,3
검사기기,사이드슬립측정기,DSM-15-AT2,두산기업,사용,승인,15
검사기기,사이드슬립측정기,AUTO-A-3T-1,(주)오토기기,사용,승인,3
검사기기,사이드슬립측정기,BLA-10-3,보림정밀,사용,승인,10
검사기기,사이드슬립측정기,DKM-15-2AA,대광기계제작소,사용,승인,15
검사기기,사이드슬립측정기,SLIP7000-1,(주)다산엠에스(공단),사용,승인,15
검사기기,사이드슬립측정기,DKM-10-2AA,대광기계제작소,사용,승인,10
검사기기,사이드슬립측정기,KSST-1000IT-1,케이아이엔티(주):구)한국이야사까,사용,승인,10
검사기기,사이드슬립측정기,SOM-10-AT-A1,삼오기기,사용,승인,10
검사기기,사이드슬립측정기,KSST-1500IT,케이아이엔티(주):구)한국이야사까,사용,승인,15
검사기기,사이드슬립측정기,SHM-3K-A,삼화기계시스템,사용,승인,3
검사기기,사이드슬립측정기,KSST-1500ITS,케이아이엔티(주):구)한국이야사까,사용,승인,15
검사기기,사이드슬립측정기,GH-10-A,(주)지에이취디자인,사용,승인,10
검사기기,사이드슬립측정기,KSST-1000ITS,케이아이엔티(주):구)한국이야사까,사용,승인,10
검사기기,사이드슬립측정기,SST-02,(주)비이피코리아티디씨,사용,승인,10
검사기기,사이드슬립측정기,SOM-3-AT-A1,삼오기기,사용,승인,3
검사기기,사이드슬립측정기,AUTO-A-18T,(주)오토기기,사용,승인,18
검사기기,사이드슬립측정기,DKM-10-2AA-1,대광기계제작소,사용,승인,10
검사기기,사이드슬립측정기,MINC Ⅱ,MAHA,사용,승인,15
검사기기,사이드슬립측정기,KSST-50EV,,사용,승인,
검사기기,사이드슬립측정기,KSST-500EV,케이아이엔티(주):구)한국이야사까,사용,승인,3
검사기기,사이드슬립측정기,KSST-1000EV,케이아이엔티(주):구)한국이야사까,사용,승인,15
검사기기,사이드슬립측정기,DBC-101AT21,대본제작소,사용,승인,10
검사기기,사이드슬립측정기,SHM-3K-A-1,삼화기계시스템,사용,승인,3
검사기기,사이드슬립측정기,AUTO-A-15T-1,(주)오토기기,사용,승인,15
검사기기,사이드슬립측정기,BLBA10-5,보림정밀,사용,승인,10
검사기기,사이드슬립측정기,BLA-10-5,보림정밀,사용,승인,10
검사기기,사이드슬립측정기,JAT-15D,(주)자스텍,사용,승인,15
검사기기,사이드슬립측정기,JAT-10D,(주)자스텍,사용,승인,10
검사기기,사이드슬립측정기,DBC-10AT-1,대본,사용,승인,10
검사기기,사이드슬립측정기,KISST-2130,케이아이엔티(주):구)한국이야사까,사용,승인,3
검사기기,사이드슬립측정기,DBC-101-AI,대본제작소,사용,승인,10
검사기기,사이드슬립측정기,TS2020-A-18T,(주)오토기기,사용,승인,18
검사기기,사이드슬립측정기,DBC-15A-3,대본,사용,승인,15
검사기기,사이드슬립측정기,KISST-10TATA,케이아이엔티(주):구)한국이야사까,사용,승인,10
검사기기,사이드슬립측정기,VT-EOL-SST,(주)에이앤지테크놀로지,사용,승인,15
검사기기,사이드슬립측정기,EOL-SS,(주)에이앤지테크놀로지,사용,승인,
검사기기,사이드슬립측정기,SHM-10K-A-1,삼화기계시스템,사용,승인,10
검사기기,사이드슬립측정기,DSM-3-AT1,두산기업,사용,승인,3
검사기기,사이드슬립측정기,DSM-10-AT1,두산기업,사용,승인,10
검사기기,사이드슬립측정기,FSS-2021M,(주)포리코리아,사용,승인,3
검사기기,사이드슬립측정기,DSM-15-AT1-A,두산기업,사용,승인,15
검사기기,사이드슬립측정기,AG-SST101,(주)에이앤지테크놀로지,사용,승인,10
검사기기,사이드슬립측정기,AG-SST201,(주)에이앤지테크놀로지,사용,승인,3
검사기기,사이드슬립측정기,SHM-15K-A-1,삼화기계시스템,사용,승인,15
검사기기,사이드슬립측정기,DSM-10-ATC,두산기업,사용,승인,10
검사기기,사이드슬립측정기,DSM-3-ATC,두산기업,사용,승인,3
검사기기,사이드슬립측정기,TS2021-A-18T,(주)오토기기,사용,승인,10
검사기기,사이드슬립측정기,KSST-300ITS,케이아이엔티(주),사용,승인,3
검사기기,사이드슬립측정기,DBC-101DF21,대본제작소,사용,승인,10
검사기기,사이드슬립측정기,DASAN-15TA-MSA,(주)다산엠에스,사용,승인,15
검사기기,사이드슬립측정기,TS-2022-15H-A,보림정밀,사용,승인,15
검사기기,사이드슬립측정기,KSST-1500 D2,케이아이엔티(주):구)한국이야사까,사용,승인,15
검사기기,사이드슬립측정기,JAT-20B,(주)자스텍,사용,승인,20
검사기기,사이드슬립측정기,AG-SST102,(주)에이앤지테크놀로지,사용,승인,3
검사기기,사이드슬립측정기,AG-SST103,(주)에이앤지테크놀로지,사용,승인,10
검사기기,제동시험기,3100(R),(주)에이앤지테크놀로지,사용,승인,10
검사기기,제동시험기,360(R),버크포터,사용,승인,10
검사기기,제동시험기,360-0(R),버크포터,사용,승인,10
검사기기,제동시험기,360-3100(R),버크포터,사용,승인,10
검사기기,제동시험기,3600(R),버크포터,사용,승인,10
검사기기,제동시험기,3600.(R),(주)에이앤지테크,사용,승인,10
검사기기,제동시험기,AB-1131,NISSAN ALTIA,사용,승인,1.8
검사기기,제동시험기,AB-5118,NISSAN ALTIA,사용,승인,1.8
검사기기,제동시험기,ABS-500H,케이아이엔티(주):구)한국이야사까,사용,승인,5
검사기기,제동시험기,ABS-B-10T,(주)오토기기,사용,승인,10
검사기기,제동시험기,ABS-B-10T-1,(주)오토기기,사용,승인,10
검사기기,제동시험기,ABS-B-15T,(주)오토기기,사용,승인,15
검사기기,제동시험기,ABS-BS-3T,(주)오토기기,사용,승인,3
검사기기,제동시험기,AG_BT001,AG,사용,승인,15
검사기기,제동시험기,AG_BT002,AG,사용,승인,15
검사기기,제동시험기,AG_RBT2012(R),A&G,사용,승인,10
검사기기,제동시험기,AMC-300BS,(주)자동기기,사용,승인,3
검사기기,제동시험기,AUTO-B-10T,(주)오토기기,사용,승인,10
검사기기,제동시험기,AUTO-B-10T-1,(주)오토기기,사용,승인,10
검사기기,제동시험기,AUTO-B-10T-11,(주)오토기기,사용,승인,10
검사기기,제동시험기,AUTO-B-10T-D2,(주)오토기기,사용,승인,10
검사기기,제동시험기,AUTO-B-10T-TS,(주)오토기기,사용,승인,10
검사기기,제동시험기,AUTO-B-10T-TS-1,(주)오토기기,사용,승인,10
검사기기,제동시험기,AUTO-B-15A,(주)오토기기,사용,승인,15
검사기기,제동시험기,AUTO-B-15T,(주)오토기기,사용,승인,15
검사기기,제동시험기,AUTO-B-15T-1,(주)오토기기,사용,승인,15
검사기기,제동시험기,AUTO-B-15T-11,(주)오토기기,사용,승인,15
검사기기,제동시험기,AUTO-B-15T-D2,(주)오토기기,사용,승인,15
검사기기,제동시험기,AUTO-B-3T,(주)오토기기,사용,승인,3
검사기기,제동시험기,AUTO-B-3T-1,(주)오토기기,사용,승인,3
검사기기,제동시험기,AUTO-BS-10T,(주)오토기기,사용,승인,10
검사기기,제동시험기,AUTO-BS-3T,(주)오토기기,사용,승인,3
검사기기,제동시험기,AUTO-BS-3T-1,(주)오토기기,사용,승인,3
검사기기,제동시험기,AUTO-BS-3T-11,(주)오토기기,사용,승인,3
검사기기,제동시험기,AUTO-BS-3T-111,(주)오토기기,사용,승인,3
검사기기,제동시험기,AUTO-HBS-10T,(주)오토기기,사용,승인,10
검사기기,제동시험기,B-103C,동보ENG,사용,승인,10
검사기기,제동시험기,BAT-10AT,대본,사용,승인,10
검사기기,제동시험기,BAT-10T,대본,사용,승인,10
검사기기,제동시험기,BAT-15AT,대본,사용,승인,15
검사기기,제동시험기,BAT-3T,대본,사용,승인,3
검사기기,제동시험기,BBT-102A-3,BANZAI,사용,승인,3
검사기기,제동시험기,BBT-204A,BANZAI,사용,승인,6
검사기기,제동시험기,BBT-306A,BANZAI,사용,승인,10
검사기기,제동시험기,BBT-307A,BANZAI,사용,승인,3
검사기기,제동시험기,BBT-51A,BANZAI,사용,승인,1.5
검사기기,제동시험기,BEP-5206,B.E.P,사용,승인,10
검사기기,제동시험기,BK-DBS-10B,보경시스템,사용,승인,10
검사기기,제동시험기,BLB-10,보림정밀,사용,승인,10
검사기기,제동시험기,BLB-10-1,보림정밀,사용,승인,10
검사기기,제동시험기,BLB-15,보림정밀,사용,승인,15
검사기기,제동시험기,BLB-15A,보림정밀,사용,승인,15
검사기기,제동시험기,BLBS-10,보림정밀,사용,승인,10
검사기기,제동시험기,BLBS-10-1,보림정밀,사용,승인,10
검사기기,제동시험기,BS-1000A88D,케이아이엔티(주):구)한국이야사까,사용,승인,10
검사기기,제동시험기,BS-1000SIS-A,케이아이엔티(주):구)한국이야사까,사용,승인,10
검사기기,제동시험기,BS-1000SIS-AW,케이아이엔티(주):구)한국이야사까,사용,승인,10
검사기기,제동시험기,BS-1000SIS-AW-1,케이아이엔티(주):구)한국이야사까,사용,승인,10
검사기기,제동시험기,BS-300SIS-A,케이아이엔티(주):구)한국이야사까,사용,승인,3
검사기기,제동시험기,BS-300SIS-AW-1,케이아이엔티(주):구)한국이야사까,사용,승인,3
검사기기,제동시험기,BS-300SIS-AW-2,케이아이엔티(주):구)한국이야사까,사용,승인,3
검사기기,제동시험기,BSCHD-250,케이아이엔티(주):구)한국이야사까,사용,승인,10
검사기기,제동시험기,BSCT-1000A,케이아이엔티(주):구)한국이야사까,사용,승인,10
검사기기,제동시험기,BSCT-1000AL,케이아이엔티(주):구)한국이야사까,사용,승인,10
검사기기,제동시험기,BSCT-1000AL-1,케이아이엔티(주):구)한국이야사까,사용,승인,10
검사기기,제동시험기,BSCT-1000D,케이아이엔티(주):구)한국이야사까,사용,승인,10
검사기기,제동시험기,BSCT-1000DB,케이아이엔티(주):구)한국이야사까,사용,승인,10
검사기기,제동시험기,BSCT-1000SIS-AW-1,케이아이엔티(주):구)한국이야사까,사용,승인,10
검사기기,제동시험기,BSCT-100SIS-AW-1,케이아이엔티(주):구)한국이야사까,사용,승인,1
검사기기,제동시험기,BSCT-300,케이아이엔티(주):구)한국이야사까,사용,승인,3
검사기기,제동시험기,BSCT-300A,케이아이엔티(주):구)한국이야사까,사용,승인,3
검사기기,제동시험기,BSCT-300AL,케이아이엔티(주):구)한국이야사까,사용,승인,3
검사기기,제동시험기,BSCT-300AL-1,케이아이엔티(주):구)한국이야사까,사용,승인,3
검사기기,제동시험기,BSCT-300D,케이아이엔티(주):구)한국이야사까,사용,승인,3
검사기기,제동시험기,BSCT-300DB,케이아이엔티(주):구)한국이야사까,사용,승인,3
검사기기,제동시험기,BST-300,코리아컴테크,사용,승인,3
검사기기,제동시험기,BT-1000K,IYASAKA,사용,승인,10
검사기기,제동시험기,BT-1000S-ABS,케이아이엔티(주):구)한국이야사까,사용,승인,10
검사기기,제동시험기,BT-1000W/ABS,케이아이엔티(주):구)한국이야사까,사용,승인,10
검사기기,제동시험기,BT-1010D-A,IYASAKA,사용,승인,10
검사기기,제동시험기,BT-1010DA,케이아이엔티(주):구)한국이야사까,사용,승인,10
검사기기,제동시험기,BT-15,대한정비기기,사용,승인,15
검사기기,제동시험기,BT-1500A88L,케이아이엔티(주):구)한국이야사까,사용,승인,15
검사기기,제동시험기,BT-150MC,케이아이엔티(주):구)한국이야사까,사용,승인,1.5
검사기기,제동시험기,BT-303D-A,IYASAKA,사용,승인,3
검사기기,제동시험기,DASAN-10T-HBS,(주)다산알앤디,사용,승인,10
검사기기,제동시험기,DASAN-10T-HBST,(주)다산알앤디,사용,승인,10
검사기기,제동시험기,DASAN-10TB,(주)다산알앤디,사용,승인,10
검사기기,제동시험기,DASAN-10TBS,(주)다산알앤디,사용,승인,10
검사기기,제동시험기,DASAN-15T-HBS,(주)다산알앤디,사용,승인,15
검사기기,제동시험기,DASAN-15TB,(주)다산알앤디,사용,승인,15
검사기기,제동시험기,DASAN-3TB,(주)다산알앤디,사용,승인,3
검사기기,제동시험기,DBC-03B.S-2,대본,사용,승인,3
검사기기,제동시험기,DBC-101-AT-B,대본,사용,승인,10
검사기기,제동시험기,DBC-102,대본제작소,사용,승인,10
검사기기,제동시험기,DBC-102-AT2,대본,사용,승인,10
검사기기,제동시험기,DBC-102-I,대본제작소,사용,승인,10
검사기기,제동시험기,DBC-102AT,대본제작소,사용,승인,10
검사기기,제동시험기,DBC-102AT-1,대본제작소,사용,승인,10
검사기기,제동시험기,DBC-102AT10,대본,사용,승인,10
검사기기,제동시험기,DBC-102DC,대본제작소,사용,승인,10
검사기기,제동시험기,DBC-102DF,대본제작소,사용,승인,10
검사기기,제동시험기,DBC-102I,대본제작소,사용,승인,10
검사기기,제동시험기,DBC-10AT-B,대본,사용,승인,10
검사기기,제동시험기,DBC-10BS-2,대본,사용,승인,10
검사기기,제동시험기,DBC-10T,대본제작소,사용,승인,10
검사기기,제동시험기,DBC-10T-B,대본제작소,사용,승인,10
검사기기,제동시험기,DBC-10TB,대본,사용,승인,10
검사기기,제동시험기,DBC-15-B,대본제작소,사용,승인,15
검사기기,제동시험기,DBC-15-BS,대본,사용,승인,15
검사기기,제동시험기,DBC-152AT,대본제작소,사용,승인,15
검사기기,제동시험기,DBC-152AT-1,대본제작소,사용,승인,15
검사기기,제동시험기,DBC-152B-2,대본제작소,사용,승인,15
검사기기,제동시험기,DBC-152DC,대본제작소,사용,승인,15
검사기기,제동시험기,DBC-152DF,대본제작소,사용,승인,15
검사기기,제동시험기,DBC-15B-1,대본제작소,사용,승인,15
검사기기,제동시험기,DBC-15B-2,대본제작소,사용,승인,15
검사기기,제동시험기,DBC-15T,대본,사용,승인,15
검사기기,제동시험기,DBC-15T-B,대본제작소,사용,승인,15
검사기기,제동시험기,DBC-15T-B-1,대본제작소,사용,승인,15
검사기기,제동시험기,DBC-3000B,대본제작소,사용,승인,3
검사기기,제동시험기,DBC-30DF-2,대본제작소,사용,승인,3
검사기기,제동시험기,DBC-30DF2,대본제작소,사용,승인,3
검사기기,제동시험기,DBC-32AT,대본제작소,사용,승인,3
검사기기,제동시험기,DBC-32DC,대본,사용,승인,3
검사기기,제동시험기,DBC-32DF,대본제작소,사용,승인,3
검사기기,제동시험기,DBC-32DF-2,대본제작소,사용,승인,3
검사기기,제동시험기,DBC-32DF2,대본제작소,사용,승인,3
검사기기,제동시험기,DBC-32T,대본,사용,승인,3
검사기기,제동시험기,DBC-6000,대본제작소,사용,승인,6
검사기기,제동시험기,DBC-6000B,대본제작소,사용,승인,6
검사기기,제동시험기,DFB-100A,(주)디펜스,사용,승인,10
검사기기,제동시험기,DFB-100A2,(주)디펜스,사용,승인,10
검사기기,제동시험기,DFB-100M,(주)디펜스,사용,승인,10
검사기기,제동시험기,DFB-100M1,(주)디펜스,사용,승인,10
검사기기,제동시험기,DFB-150A,(주)디펜스,사용,승인,15
검사기기,제동시험기,DFB-150A1,(주)디펜스,사용,승인,15
검사기기,제동시험기,DFB-150A2,(주)디펜스,사용,승인,15
검사기기,제동시험기,DFB-30A,(주)디펜스,사용,승인,3
검사기기,제동시험기,DFB-30M,(주)디펜스,사용,승인,3
검사기기,제동시험기,DFBS-30M,(주)디펜스,사용,승인,3
검사기기,제동시험기,DKM-10-B,대광기계제작소,사용,승인,10
검사기기,제동시험기,"DKM-10-B,SP-1",대광기계제작소,사용,승인,10
검사기기,제동시험기,DKM-10-B-1,대광기계제작소,사용,승인,10
검사기기,제동시험기,DKM-10-B-S,대광기계제작소,사용,승인,10
검사기기,제동시험기,DKM-10-BC,대광기계제작소,사용,승인,10
검사기기,제동시험기,DKM-10-BC-1,대광기계제작소,사용,승인,10
검사기기,제동시험기,DKM-10-BC-1G,대광기계제작소,사용,승인,10
검사기기,제동시험기,DKM-10-BC-2,대광기계제작소,사용,승인,10
검사기기,제동시험기,DKM-10-BC-G,대광기계제작소,사용,승인,10
검사기기,제동시험기,DKM-10-BC-S,대광기계제작소,사용,승인,10
검사기기,제동시험기,DKM-10-BS,대광기계제작소,사용,승인,10
검사기기,제동시험기,DKM-10-BS-G,대광기계제작소,사용,승인,10
검사기기,제동시험기,DKM-10-BSGM,대광기계제작소,사용,승인,10
검사기기,제동시험기,DKM-15-B,대광기계제작소,사용,승인,15
검사기기,제동시험기,DKM-15-B-1,대광기계제작소,사용,승인,15
검사기기,제동시험기,DKM-15-B-S,대광기계제작소,사용,승인,15
검사기기,제동시험기,DKM-15-BC,대광기계제작소,사용,승인,15
검사기기,제동시험기,DKM-15-BC-1,대광기계제작소,사용,승인,15
검사기기,제동시험기,DKM-15-BC-S,대광기계제작소,사용,승인,15
검사기기,제동시험기,DKM-15-BL,대광기계제작소,사용,승인,15
검사기기,제동시험기,DKM-2-B,대광기계제작소,사용,승인,2
검사기기,제동시험기,DKM-2-B-1,대광기계제작소,사용,승인,2
검사기기,제동시험기,DKM-2-B-S,대광기계제작소,사용,승인,2
검사기기,제동시험기,DKM-2-B1,대광기계제작소,사용,승인,2
검사기기,제동시험기,DKM-2-B1-1,대광기계제작소,사용,승인,2
검사기기,제동시험기,DKM-2-B1-S,대광기계제작소,사용,승인,2
검사기기,제동시험기,DKM-2-B1C,대광기계제작소,사용,승인,2
검사기기,제동시험기,DKM-2-B1C-1,대광기계제작소,사용,승인,2
검사기기,제동시험기,DKM-2-BC-1,대광기계제작소,사용,승인,2
검사기기,제동시험기,DKM-2-BIC,대광기계제작소,사용,승인,2
검사기기,제동시험기,DKM-2-BIC-1,대광기계제작소,사용,승인,2
검사기기,제동시험기,DKM-2-BIC-S,대광기계제작소,사용,승인,2
검사기기,제동시험기,DKM-2-BS,대광기계제작소,사용,승인,2
검사기기,제동시험기,DKM-2-BS-1,대광기계제작소,사용,승인,2
검사기기,제동시험기,DKM-2-BSG,대광기계제작소,사용,승인,2
검사기기,제동시험기,DKM-3-B,대광기계제작소,사용,승인,3
검사기기,제동시험기,DKM-3-B-1,대광기계제작소,사용,승인,3
검사기기,제동시험기,DKM-3-B1C-S,대광기계제작소,사용,승인,3
검사기기,제동시험기,DKM-3-BC-1,대광기계제작소,사용,승인,3
검사기기,제동시험기,DKM-3-BC-2,대광기계제작소,사용,승인,3
검사기기,제동시험기,DKM-3-BCL,대광기계제작소,사용,승인,3
검사기기,제동시험기,DKM-3-BI-S,대광기계제작소,사용,승인,3
검사기기,제동시험기,DKM-3-BIC,대광기계제작소,사용,승인,3
검사기기,제동시험기,DKM-3-BIC-1,대광기계제작소,사용,승인,3
검사기기,제동시험기,DKM-3-BIC-S,대광기계제작소,사용,승인,3
검사기기,제동시험기,DKM-3-BS,대광기계제작소,사용,승인,3
검사기기,제동시험기,DKM-3-BS3,대광기계제작소,사용,승인,3
검사기기,제동시험기,DL-10B,대림기전,사용,승인,10
검사기기,제동시험기,DL-3UBS,대림기전,사용,승인,3
검사기기,제동시험기,DSM-10-B,두산기계,사용,승인,10
검사기기,제동시험기,DSM-10-B-A,두산기계,사용,승인,10
검사기기,제동시험기,DSM-10-BSL,두산기업,사용,승인,10
검사기기,제동시험기,DSM-10-BST,두산기업,사용,승인,10
검사기기,제동시험기,DSM-10-BT,두산기업,사용,승인,10
검사기기,제동시험기,DSM-10-BT-A,두산기업,사용,승인,10
검사기기,제동시험기,DSM-15-B,두산기계,사용,승인,15
검사기기,제동시험기,DSM-15-BST,두산기업,사용,승인,15
검사기기,제동시험기,DSM-15-BT,두산기계,사용,승인,15
검사기기,제동시험기,DSM-15-BT-A,두산기계,사용,승인,15
검사기기,제동시험기,"DSM-2-B,SP",두산기계,사용,승인,2
검사기기,제동시험기,DSM-2-B.S,두산기계,사용,승인,2
검사기기,제동시험기,DSM-2-B.SP,두산기계,사용,승인,2
검사기기,제동시험기,DSM-3-B,두산기계,사용,승인,3
검사기기,제동시험기,DSM-3-BSL,두산기업,사용,승인,3
검사기기,제동시험기,DSM-3-BST,두산기계,사용,승인,3
검사기기,제동시험기,DSM-3-BT,두산기계,사용,승인,3
검사기기,제동시험기,DSM-3-BT-A,두산기계,사용,승인,3
검사기기,제동시험기,DW-102AT,대본,사용,승인,10
검사기기,제동시험기,FAL-BT-SA-250,(주)훠리아름텍,사용,승인,10
검사기기,제동시험기,FBT-2000BK,BANZAI,사용,승인,6
검사기기,제동시험기,FBT-3000B,BANZAI,사용,승인,6
검사기기,제동시험기,FRB-03S/DR(R),(주)포리코리아,사용,승인,3
검사기기,제동시험기,FRB-03SR(R),(주)포리코리아,사용,승인,3
검사기기,제동시험기,FRB-06SDR(R),(주)포리코리아,사용,승인,3
검사기기,제동시험기,FRB-06SR(R),(주)포리코리아,사용,승인,3
검사기기,제동시험기,G-2500-A2,NISSALCO,사용,승인,3
검사기기,제동시험기,H3600(R),(주)에이치비이피,사용,승인,10
검사기기,제동시험기,HB-10A,한진기계,사용,승인,10
검사기기,제동시험기,HB-15A,한진기계(주),사용,승인,15
검사기기,제동시험기,HB-15M,한진기계(주),사용,승인,15
검사기기,제동시험기,HBEP-BT-05,B.E.P,사용,승인,10
검사기기,제동시험기,HBEP-BT-4X,한국 B.E.P,사용,승인,10
검사기기,제동시험기,HBS-03,한진기계,사용,승인,3
검사기기,제동시험기,HBS-03A,한진기계(주),사용,승인,3
검사기기,제동시험기,HBS-10,한진기계(주),사용,승인,10
검사기기,제동시험기,HBS-10A,한진기계(주),사용,승인,10
검사기기,제동시험기,HBS-15,한진기계,사용,승인,15
검사기기,제동시험기,HI-60AB,헤스본(주),사용,승인,10
검사기기,제동시험기,HI-60MB,헤스본기계(주),사용,승인,10
검사기기,제동시험기,HI-62MB,헤스본,사용,승인,2
검사기기,제동시험기,HKC-10-B,한국카텍,사용,승인,10
검사기기,제동시험기,HKC-10-B-1,한국카텍,사용,승인,10
검사기기,제동시험기,HKC-15-B-1,한국카택,사용,승인,15
검사기기,제동시험기,HKC-3-B,한국카텍,사용,승인,3
검사기기,제동시험기,HKC-3-B-1,한국카텍,사용,승인,3
검사기기,제동시험기,HYC-10-B,한영산업,사용,승인,10
검사기기,제동시험기,HYC-10-B-1,한영산업,사용,승인,15
검사기기,제동시험기,HYC-15-B-1,한영산업,사용,승인,15
검사기기,제동시험기,IBS-1000A,이레모텍,사용,승인,10
검사기기,제동시험기,IBS-300A,이레모텍,사용,승인,3
검사기기,제동시험기,IBS-301,이레모텍,사용,승인,3
검사기기,제동시험기,IBT-1500A,이레모텍,사용,승인,15
검사기기,제동시험기,IM-2010,NISSALCO,사용,승인,10
검사기기,제동시험기,IM-2020,NISSALCO,사용,승인,6
검사기기,제동시험기,JBS-10,(주)자스텍,사용,승인,10
검사기기,제동시험기,JBS-15,(주)자스텍,사용,승인,15
검사기기,제동시험기,JBS-HB10,(주)자스텍,사용,승인,10
검사기기,제동시험기,JBS-HB10C,(주)자스텍,사용,승인,10
검사기기,제동시험기,JBS-HB10CB,(주)자스텍,사용,승인,10
검사기기,제동시험기,JBS-HB15,(주)자스텍,사용,승인,15
검사기기,제동시험기,JBS-HB15C,(주)자스텍,사용,승인,15
검사기기,제동시험기,JBS-HB15CB,(주)자스텍,사용,승인,15
검사기기,제동시험기,JBS-HB15CB-1,(주)자스텍,사용,승인,15
검사기기,제동시험기,JBT-10,(주)자스텍,사용,승인,10
검사기기,제동시험기,JBT-10CB,(주)자스텍,사용,승인,10
검사기기,제동시험기,JBT-15,(주)자스텍,사용,승인,15
검사기기,제동시험기,JBT-15B,(주)자스텍,사용,승인,15
검사기기,제동시험기,JBT-15C,(주)자스텍,사용,승인,15
검사기기,제동시험기,JBT-15CB,(주)자스텍,사용,승인,15
검사기기,제동시험기,KBT-1000-2,케이아이엔티(주):구)한국이야사까,사용,승인,10
검사기기,제동시험기,KBT-1000A,케이아이엔티(주):구)한국이야사까,사용,승인,10
검사기기,제동시험기,KBT-1000ABS,케이아이엔티(주):구)한국이야사까,사용,승인,10
검사기기,제동시험기,KBT-1000AUTO88B,케이아이엔티(주):구)한국이야사까,사용,승인,10
검사기기,제동시험기,KBT-1000AUTO88C,케이아이엔티(주):구)한국이야사까,사용,승인,10
검사기기,제동시험기,KBT-1000AUTO88C-1,케이아이엔티(주):구)한국이야사까,사용,승인,10
검사기기,제동시험기,KBT-1000AUTO88C-1L,케이아이엔티(주):구)한국이야사까,사용,승인,10
검사기기,제동시험기,KBT-1000AUTO88D-1,케이아이엔티(주):구)한국이야사까,사용,승인,10
검사기기,제동시험기,KBT-1000AUTO88D-1L,케이아이엔티(주):구)한국이야사까,사용,승인,10
검사기기,제동시험기,KBT-1000C,케이아이엔티(주):구)한국이야사까,사용,승인,10
검사기기,제동시험기,KBT-1000C-1,케이아이엔티(주):구)한국이야사까,사용,승인,10
검사기기,제동시험기,KBT-1000CL,케이아이엔티(주):구)한국이야사까,사용,승인,10
검사기기,제동시험기,KBT-1000CL-1,케이아이엔티(주):구)한국이야사까,사용,승인,10
검사기기,제동시험기,KBT-1000CT,케이아이엔티(주):구)한국이야사까,사용,승인,10
검사기기,제동시험기,KBT-1000CT-1,케이아이엔티(주):구)한국이야사까,사용,승인,10
검사기기,제동시험기,KBT-1000CT-2,케이아이엔티(주):구)한국이야사까,사용,승인,10
검사기기,제동시험기,KBT-1000D,케이아이엔티(주):구)한국이야사까,사용,승인,10
검사기기,제동시험기,KBT-1000DB,케이아이엔티(주):구)한국이야사까,사용,승인,10
검사기기,제동시험기,KBT-1000IBS,케이아이엔티(주):구)한국이야사까,사용,승인,10
검사기기,제동시험기,KBT-1000IT,케이아이엔티(주):구)한국이야사까,사용,승인,10
검사기기,제동시험기,KBT-1000IT-AW-1,케이아이엔티(주):구)한국이야사까,사용,승인,10
검사기기,제동시험기,KBT-1000KMC,케이아이엔티(주):구)한국이야사까,사용,승인,10
검사기기,제동시험기,KBT-1000KMCA,케이아이엔티(주):구)한국이야사까,사용,승인,10
검사기기,제동시험기,KBT-1000MC,케이아이엔티(주):구)한국이야사까,사용,승인,10
검사기기,제동시험기,KBT-1000P,케이아이엔티(주):구)한국이야사까,사용,승인,10
검사기기,제동시험기,KBT-1000P-1,케이아이엔티(주):구)한국이야사까,사용,승인,10
검사기기,제동시험기,KBT-1000P-IT,케이아이엔티(주):구)한국이야사까,사용,승인,10
검사기기,제동시험기,KBT-1000S,케이아이엔티(주):구)한국이야사까,사용,승인,10
검사기기,제동시험기,KBT-1000S-1,케이아이엔티(주):구)한국이야사까,사용,승인,10
검사기기,제동시험기,KBT-1000SIS-AW-1,케이아이엔티(주):구)한국이야사까,사용,승인,10
검사기기,제동시험기,KBT-1000W-1,케이아이엔티(주):구)한국이야사까,사용,승인,10
검사기기,제동시험기,KBT-100S,케이아이엔티(주):구)한국이야사까,사용,승인,1
검사기기,제동시험기,KBT-1010A,케이아이엔티(주):구)한국이야사까,사용,승인,10
검사기기,제동시험기,KBT-1010AUTO88,케이아이엔티(주):구)한국이야사까,사용,승인,10
검사기기,제동시험기,KBT-1010B,케이아이엔티(주):구)한국이야사까,사용,승인,10
검사기기,제동시험기,KBT-1010D-B,미영기기(주),사용,승인,10
검사기기,제동시험기,KBT-1010DA,케이아이엔티(주):구)한국이야사까,사용,승인,10
검사기기,제동시험기,KBT-1010DB,케이아이엔티(주):구)한국이야사까,사용,승인,10
검사기기,제동시험기,KBT-1010DB-2,케이아이엔티(주):구)한국이야사까,사용,승인,10
검사기기,제동시험기,KBT-1010DB-3,케이아이엔티(주):구)한국이야사까,사용,승인,10
검사기기,제동시험기,KBT-1010DB-5,케이아이엔티(주):구)한국이야사까,사용,승인,10
검사기기,제동시험기,KBT-1010IBS,케이아이엔티(주):구)한국이야사까,사용,승인,10
검사기기,제동시험기,KBT-1500,케이아이엔티(주):구)한국이야사까,사용,승인,15
검사기기,제동시험기,KBT-1500A,케이아이엔티(주):구)한국이야사까,사용,승인,15
검사기기,제동시험기,KBT-1500AUTO88C-1LH,케이아이엔티(주):구)한국이야사까,사용,승인,15
검사기기,제동시험기,KBT-1500CL,케이아이엔티(주):구)한국이야사까,사용,승인,15
검사기기,제동시험기,KBT-1500D,케이아이엔티(주):구)한국이야사까,사용,승인,15
검사기기,제동시험기,KBT-1500DA,케이아이엔티(주):구)한국이야사까,사용,승인,15
검사기기,제동시험기,KBT-1500H,케이아이엔티(주):구)한국이야사까,사용,승인,15
검사기기,제동시험기,KBT-1500SIS-A,케이아이엔티(주):구)한국이야사까,사용,승인,15
검사기기,제동시험기,KBT-1500SIS-AW-1,케이아이엔티(주):구)한국이야사까,사용,승인,15
검사기기,제동시험기,KBT-1500SIS-AW-2,케이아이엔티(주):구)한국이야사까,사용,승인,15
검사기기,제동시험기,KBT-1501SIS-AW-1,케이아이엔티(주):구)한국이야사까,사용,승인,15
검사기기,제동시험기,KBT-150MC,케이아이엔티(주):구)한국이야사까,사용,승인,1.5
검사기기,제동시험기,KBT-150MC-1,케이아이엔티(주):구)한국이야사까,사용,승인,1.5
검사기기,제동시험기,KBT-150P,케이아이엔티(주):구)한국이야사까,사용,승인,1.5
검사기기,제동시험기,KBT-150SIS-AW-1,케이아이엔티(주):구)한국이야사까,사용,승인,1.5
검사기기,제동시험기,KBT-1550CL,케이아이엔티(주):구)한국이야사까,사용,승인,15
검사기기,제동시험기,KBT-300A,케이아이엔티(주):구)한국이야사까,사용,승인,3
검사기기,제동시험기,KBT-300C,케이아이엔티(주):구)한국이야사까,사용,승인,3
검사기기,제동시험기,KBT-300D,케이아이엔티(주):구)한국이야사까,사용,승인,3
검사기기,제동시험기,KBT-300DA,케이아이엔티(주):구)한국이야사까,사용,승인,3
검사기기,제동시험기,KBT-300IBS,케이아이엔티(주):구)한국이야사까,사용,승인,3
검사기기,제동시험기,KBT-300IT,케이아이엔티(주):구)한국이야사까,사용,승인,3
검사기기,제동시험기,KBT-300SIS-AW-1,케이아이엔티(주):구)한국이야사까,사용,승인,3
검사기기,제동시험기,KBT-AUTO88,케이아이엔티(주):구)한국이야사까,사용,승인,10
검사기기,제동시험기,KBT-AUTO88A,케이아이엔티(주):구)한국이야사까,사용,승인,10
검사기기,제동시험기,KBT-AUTO88B,케이아이엔티(주):구)한국이야사까,사용,승인,10
검사기기,제동시험기,KBT-AUTO88B-1,케이아이엔티(주):구)한국이야사까,사용,승인,10
검사기기,제동시험기,KBT-AUTO88C,케이아이엔티(주):구)한국이야사까,사용,승인,10
검사기기,제동시험기,KBT-AUTO88C-1,케이아이엔티(주):구)한국이야사까,사용,승인,10
검사기기,제동시험기,KBT-AUTO88C-1L,케이아이엔티(주):구)한국이야사까,사용,승인,10
검사기기,제동시험기,KOTSA-10-B,한국교통안전공단,사용,승인,10
검사기기,제동시험기,KOTSA-10BT,한국교통안전공단,사용,승인,10
검사기기,제동시험기,KOTSA-10BT94-00,한국교통안전공단,사용,승인,10
검사기기,제동시험기,KTB-100W,코리아컴테크,사용,승인,10
검사기기,제동시험기,LP-10B,삼미기계,사용,승인,10
검사기기,제동시험기,MS-BR-10,(주)명성기기,사용,승인,10
검사기기,제동시험기,NDB-1000A,NODE,사용,승인,10
검사기기,제동시험기,NDB-V3.0,동보ENG,사용,승인,10
검사기기,제동시험기,NDBV-1.0,동보,사용,승인,10
검사기기,제동시험기,NDBV-3.0,노드,사용,승인,10
검사기기,제동시험기,NTR-ABS-B-40A,(주)오토기기,사용,승인,10
검사기기,제동시험기,SA-10B,삼미,사용,승인,10
검사기기,제동시험기,SABT-100,세안통상,사용,승인,10
검사기기,제동시험기,SB-10B,삼미전자,사용,승인,10
검사기기,제동시험기,SB-10B2,삼미,사용,승인,10
검사기기,제동시험기,SB-10B3,삼미,사용,승인,10
검사기기,제동시험기,SB-10K,삼미,사용,승인,10
검사기기,제동시험기,SBD-10T-B,삼미,사용,승인,10
검사기기,제동시험기,SBT-1010DA,이야사까,사용,승인,10
검사기기,제동시험기,SBT-301F,ANZEN,사용,승인,3
검사기기,제동시험기,SBT-302FB,ANZEN,사용,승인,10
검사기기,제동시험기,SHC-10-B,삼화기계,사용,승인,10
검사기기,제동시험기,SHC-10-B-1,삼화기계,사용,승인,10
검사기기,제동시험기,SHC-10-B-2,삼화기계,사용,승인,10
검사기기,제동시험기,SHC-15-B,삼화제작소,사용,승인,15
검사기기,제동시험기,SHC-15-B-1,삼화기계,사용,승인,15
검사기기,제동시험기,SHC-3-B,삼화기계,사용,승인,3
검사기기,제동시험기,SHC-3-B-1,삼화제작소,사용,승인,3
검사기기,제동시험기,SHC-3B,삼화제작소,사용,승인,3
검사기기,제동시험기,SHM-10-B,(주)삼화기계,사용,승인,10
검사기기,제동시험기,"SHM-10-B,SP-3",삼화기계시스템,사용,승인,10
검사기기,제동시험기,"SHM-10-B,SP-3G",삼화기계시스템,사용,승인,10
검사기기,제동시험기,"SHM-10-B,SP-G",삼화기계시스템,사용,승인,10
검사기기,제동시험기,SHM-10-B.SP-GG,삼화기계시스템,사용,승인,10
검사기기,제동시험기,SHM-10-B-1,(주)삼화기계,사용,승인,10
검사기기,제동시험기,SHM-10-B-1G,삼화기계시스템,사용,승인,10
검사기기,제동시험기,SHM-10-B-G,삼화기계시스템,사용,승인,10
검사기기,제동시험기,SHM-10-B-U,삼화기계시스템,사용,승인,10
검사기기,제동시험기,SHM-10-B.SP,삼화기계,사용,승인,10
검사기기,제동시험기,SHM-10-B.SP-1G,삼화기계시스템,사용,승인,10
검사기기,제동시험기,SHM-10-B.SP-2,삼화기계시스템,사용,승인,10
검사기기,제동시험기,SHM-10-B.SP-3,삼화기계시스템,사용,승인,10
검사기기,제동시험기,SHM-10-B.SP-3G,삼화기계시스템,사용,승인,10
검사기기,제동시험기,SHM-10-B.SP-G,삼화기계시스템,사용,승인,10
검사기기,제동시험기,SHM-10-B.SP-G-1,삼화기계시스템,사용,승인,10
검사기기,제동시험기,SHM-10-B.SP-GG,삼화기계시스템,사용,승인,10
검사기기,제동시험기,SHM-10-B.SP-U,삼화기계시스템,사용,승인,10
검사기기,제동시험기,SHM-10-BST,삼화기계시스템,사용,승인,10
검사기기,제동시험기,SHM-15-B,삼화기계,사용,승인,15
검사기기,제동시험기,SHM-15-B-1,(주)삼화기계,사용,승인,15
검사기기,제동시험기,SHM-15-B-1G,삼화기계시스템,사용,승인,15
검사기기,제동시험기,SHM-15-B-G,삼화기계시스템,사용,승인,15
검사기기,제동시험기,SHM-15-B-S,삼화기계시스템,사용,승인,15
검사기기,제동시험기,SHM-15-B-U,삼화기계시스템,사용,승인,15
검사기기,제동시험기,SHM-15-B.SP-2,삼화기계,사용,승인,15
검사기기,제동시험기,SHM-15-B.SP-3G,삼화기계시스템,사용,승인,15
검사기기,제동시험기,SHM-15-B.SP-U,삼화기계시스템,사용,승인,15
검사기기,제동시험기,SHM-2-B,삼화기계,사용,승인,2
검사기기,제동시험기,"SHM-2-B,SP",삼화기계시스템,사용,승인,2
검사기기,제동시험기,SHM-2-B-1,삼화기계,사용,승인,2
검사기기,제동시험기,SHM-2-B.SP,삼화기계,사용,승인,2
검사기기,제동시험기,SHM-3-B,(주)삼화기계,사용,승인,3
검사기기,제동시험기,"SHM-3-B,SP",삼화기계,사용,승인,3
검사기기,제동시험기,"SHM-3-B,SP-1",삼화기계,사용,승인,3
검사기기,제동시험기,"SHM-3-B,SP-2",삼화기계시스템,사용,승인,3
검사기기,제동시험기,"SHM-3-B,SP-3",삼화기계시스템,사용,승인,3
검사기기,제동시험기,"SHM-3-B,SP-G",삼화기계,사용,승인,3
검사기기,제동시험기,SHM-3-B-1,삼화기계,사용,승인,3
검사기기,제동시험기,SHM-3-B.SP,삼화기계,사용,승인,3
검사기기,제동시험기,SHM-3-B.SP-1,삼화기계,사용,승인,3
검사기기,제동시험기,SHM-3-B.SP-2,삼화기계시스템,사용,승인,3
검사기기,제동시험기,SHM-3-B.SP-2G,삼화기계시스템,사용,승인,3
검사기기,제동시험기,SHM-3-B.SP-G,삼화기계시스템,사용,승인,3
검사기기,제동시험기,SHM-3-B.SP-GG,삼화기계시스템,사용,승인,3
검사기기,제동시험기,SHM-3G-B.SP,삼화기계시스템,사용,승인,3
검사기기,제동시험기,SJC-BR-10,(주)삼성전자,사용,승인,10
검사기기,제동시험기,SM-261-A,NISSALCO,사용,승인,1.5
검사기기,제동시험기,SM-271-A,NISSALCO,사용,승인,10
검사기기,제동시험기,SMA-10B,삼미전자,사용,승인,10
검사기기,제동시험기,SMA-10B-D,삼미전자,사용,승인,10
검사기기,제동시험기,SMA-10T-D,삼미전자,사용,승인,10
검사기기,제동시험기,SMA-10TB,삼미전자,사용,승인,10
검사기기,제동시험기,SMA-3B,삼미전자,사용,승인,3
검사기기,제동시험기,SMA-B,삼미전자,사용,승인,10
검사기기,제동시험기,SMB-10B,삼미전자,사용,승인,10
검사기기,제동시험기,SMB-10T-A,삼미전자,사용,승인,10
검사기기,제동시험기,SMB-10T-ABS,삼미,사용,승인,
검사기기,제동시험기,SMB-10T-D,삼미전자,사용,승인,10
검사기기,제동시험기,SMB-10TA,삼미전자,사용,승인,10
검사기기,제동시험기,SMB-10TB,삼미전자,사용,승인,10
검사기기,제동시험기,SMB-3T-D,삼미전자,사용,승인,3
검사기기,제동시험기,SMB-3TA,삼미전자,사용,승인,3
검사기기,제동시험기,SMC-1.5B,삼미,사용,승인,1.5
검사기기,제동시험기,SMC-10B,삼미,사용,승인,10
검사기기,제동시험기,SMC-15B,삼미전자(주),사용,승인,15
검사기기,제동시험기,SOM-10-B-1,삼오기기,사용,승인,10
검사기기,제동시험기,SOM-10-BSL,삼오기기,사용,승인,10
검사기기,제동시험기,SOM-15-BSL,삼오기기,사용,승인,15
검사기기,제동시험기,SOM-3-BSL,삼오기기,사용,승인,3
검사기기,제동시험기,SOM-3-BST,삼오기기,사용,승인,3
검사기기,제동시험기,SSC-15-B-1,(주)삼성LTS,사용,승인,15
검사기기,제동시험기,TBE-B-103C-D2,(주)동보,사용,승인,10
검사기기,제동시험기,TBE-B100,동보ENG,사용,승인,10
검사기기,제동시험기,TBE-B1000,동보엔지니어링,사용,승인,10
검사기기,제동시험기,TBE-B103C,동보엔지니어링,사용,승인,10
검사기기,제동시험기,TBE-B103C-D2,동보ENG,사용,승인,10
검사기기,제동시험기,TBE-B153C,(주)동보,사용,승인,15
검사기기,제동시험기,TBE-B300BE,동보,사용,승인,3
검사기기,제동시험기,TBE-B300D2,동보ENG,사용,승인,3
검사기기,제동시험기,TBT-3000B,TOAKOKI,사용,승인,3
검사기기,제동시험기,TBT-6000A,TOAKOKI,사용,승인,6
검사기기,제동시험기,TBT-6000B,TOAKOKI,사용,승인,6
검사기기,제동시험기,TS-10-B,토신인터네셔날,사용,승인,10
검사기기,제동시험기,TS-10B,토신인터내셔날,사용,승인,10
검사기기,제동시험기,TS-15B,토신인터내셔날,사용,승인,15
검사기기,제동시험기,TSBS-1000,토신인터내쇼날,사용,승인,10
검사기기,제동시험기,TSBS-300,토신인터내쇼날,사용,승인,3
검사기기,제동시험기,DBC-323F,대본제작소,사용,승인,3
검사기기,제동시험기,DKM-3-B.SP-1,대광기계제작소,사용,승인,3
검사기기,제동시험기,A&G-RB(R),A&G,사용,승인,3
검사기기,제동시험기,AMC-3BSP,AMC텍크,사용,승인,3
검사기기,제동시험기,AMC-10BSP,AMC텍크,사용,승인,10
검사기기,제동시험기,DSM-10-BST,두산기업(신청),사용,승인,10
검사기기,제동시험기,HBS-15-D,한진기계(주),사용,승인,15
검사기기,제동시험기,KBT-1000S-185,케이아이엔티(주):구)한국이야사까,사용,승인,10
검사기기,제동시험기,KBT-1500 IT,케이아이엔티(주):구)한국이야사까,사용,승인,15
검사기기,제동시험기,BLBS-10-1F,보림정밀,사용,승인,10
검사기기,제동시험기,BSCHD-250-1,케이아이엔티(주):구)한국이야사까,사용,승인,10
검사기기,제동시험기,A&G-BT,A&G,사용,승인,10
검사기기,제동시험기,JBT-15BB,(자)자스텍,사용,승인,15
검사기기,제동시험기,DASAN-MS-15T-HBS,(주)다산엠에스,사용,승인,15
검사기기,제동시험기,SOM-3-B-1,삼오시스템,사용,승인,3
검사기기,제동시험기,BS-1000IT,케이아이엔티(주):구)한국이야사까,사용,승인,10
검사기기,제동시험기,BLB-15-A,보림정밀,사용,승인,15
검사기기,제동시험기,BSCT-1000lT,케이아이엔티(주):구)한국이야사까,사용,승인,10
검사기기,제동시험기,KBT-1500IT,케이아이엔티(주):구)한국이야사까,사용,승인,15
검사기기,제동시험기,AUTO-BS-10T-1,(주)오토기기,사용,승인,10
검사기기,제동시험기,KCTBT-1000A,코리아컴텍,사용,승인,10
검사기기,제동시험기,DBC-312,대본,사용,승인,3
검사기기,제동시험기,DBC-03B.S-3,대본,사용,승인,3
검사기기,제동시험기,DASAN-DS-15T-HBS,(주)다산알앤디,사용,승인,15
검사기기,제동시험기,KHSM-15-B,효성기기,사용,승인,15
검사기기,제동시험기,BSCT-300SIS-AW-1,케이아이엔티(주):구)한국이야사까,사용,승인,3
검사기기,제동시험기,DASAN-DS-15T-HBS-1,(주)다산엠에스,사용,승인,15
검사기기,제동시험기,DKM-10-B.SP,대광기계제작소,사용,승인,10
검사기기,제동시험기,A&G-RBT(R),A&G,사용,승인,10
검사기기,제동시험기,DKM-3-B.SP,대광기계제작소,사용,승인,3
검사기기,제동시험기,KIBSD-1500,케이아이엔티(주):구)한국이야사까,사용,승인,15
검사기기,제동시험기,BLB-3-1,보림정밀,사용,승인,3
검사기기,제동시험기,"KHSM-10-B,SP",효성기기,사용,승인,10
검사기기,제동시험기,HBS-10D,한진기계(주),사용,승인,10
검사기기,제동시험기,DBC-32DC-1,대본,사용,승인,3
검사기기,제동시험기,DKM-3-B.SPG,대광기계제작소,사용,승인,3
검사기기,제동시험기,BLBS-10-2,보림정밀,사용,승인,10
검사기기,제동시험기,DKM-15-B.SPG,대광기계제작소,사용,승인,15
검사기기,제동시험기,SOM-15-B-1,삼오시스템,사용,승인,15
검사기기,제동시험기,DBC-102DC-1,대본,사용,승인,10
검사기기,제동시험기,DKM-10-B.SPG,대광기계제작소,사용,승인,10
검사기기,제동시험기,SHM-3-B.SP-2GG,삼화기계시스템,사용,승인,3
검사기기,제동시험기,BLB-15-1,보림정밀,사용,승인,15
검사기기,제동시험기,KIBSD-1500L,케이아이엔티(주):구)한국이야사까,사용,승인,15
검사기기,제동시험기,BSCHD-250L,케이아이엔티(주):구)한국이야사까,사용,승인,10
검사기기,제동시험기,HBS-03D,한진기계(주),사용,승인,3
검사기기,제동시험기,SHM-10C-B.SP-GG,삼화기계시스템,사용,승인,10
검사기기,제동시험기,KBT-1500ITH,케이아이엔티(주):구)한국이야사까,사용,승인,15
검사기기,제동시험기,DASAN-MS-15T-HBS-1,(주)다산엠에스,사용,승인,15
검사기기,제동시험기,BLBS-10-3,보림정밀,사용,승인,10
검사기기,제동시험기,SHM-3-B-G,삼화기계시스템,사용,승인,3
검사기기,제동시험기,SHM-3C-B.SP-G,삼화기계시스템,사용,승인,3
검사기기,제동시험기,DBC-03B.S-4,대본,사용,승인,3
검사기기,제동시험기,"SHM-10K-B,SP",삼화기계시스템,사용,승인,10
검사기기,제동시험기,"SHM-3K-B,SP",삼화기계제작소,사용,승인,3
검사기기,제동시험기,"SHM-10K-B,SP-2",삼화기계시스템,사용,승인,10
검사기기,제동시험기,DBC-10BS-3,대본,사용,승인,10
검사기기,제동시험기,DKM-3-BSGG,대광기계제작소,사용,승인,3
검사기기,제동시험기,SHM-10-B.SP-C,삼화기계시스템,사용,승인,10
검사기기,제동시험기,TS-2016-15B,보림정밀,사용,승인,15
검사기기,제동시험기,DASAN-15TB,(주)다산엠에스,사용,승인,15
검사기기,제동시험기,DSM-10-BST2,두산기업,사용,승인,10
검사기기,제동시험기,ABS-B-3T,(주)오토기기,사용,승인,3
검사기기,제동시험기,DBC-3AT-B,대본,사용,승인,3
검사기기,제동시험기,DBC-3T-B,대본,사용,승인,3
검사기기,제동시험기,SHM-3-B.SP-M,삼화기계시스템,사용,승인,3
검사기기,제동시험기,DBC-102AT2,대본,사용,승인,10
검사기기,제동시험기,KTB-100W,코리아컴테크,사용,승인,10
검사기기,제동시험기,SHM-3-B.SP,삼화기계시스템,사용,승인,3
검사기기,제동시험기,KBT-1500PIT,케이아이엔티(주):구)한국이야사까,사용,승인,15
검사기기,제동시험기,DASAN-10TB,(주)다산엠에스,사용,승인,10
검사기기,제동시험기,SOM-10-BSL,삼오시스템,사용,승인,10
검사기기,제동시험기,DASAN-10TB-MS,(주)다산엠에스,사용,승인,10
검사기기,제동시험기,DBC-15BS-1,대본,사용,승인,15
검사기기,제동시험기,JBT-10B,(주)자스텍,사용,승인,10
검사기기,제동시험기,MBT-7450,MAHA,사용,승인,
검사기기,제동시험기,SHM-15-B.SP,삼화기계시스템,사용,승인,15
검사기기,제동시험기,SHM-3K-B.SP,삼화기계시스템,사용,승인,3
검사기기,제동시험기,DASAN-15TB-MS,(주)다산엠에스,사용,승인,15
검사기기,제동시험기,DSM-10-BT2,두산기업,사용,승인,10
검사기기,제동시험기,TS-2017-15B,보림정밀,사용,승인,15
검사기기,제동시험기,DSM-15-BT2,두산기업,사용,승인,15
검사기기,제동시험기,DBC-10BS-4,대본,사용,승인,10
검사기기,제동시험기,KHSM-10-B,효성기기,사용,승인,10
검사기기,제동시험기,SHM-10K-B-2,삼화기계시스템,사용,승인,10
검사기기,제동시험기,DKM-10K-B-2,삼화기계시스템,사용,승인,
검사기기,제동시험기,"KHSM-10-B,SP-B",효성기기,사용,승인,10
검사기기,제동시험기,KHSM-10-B-1,효성기기,사용,승인,10
검사기기,제동시험기,DBC-10BS-5,대본,사용,승인,10
검사기기,제동시험기,DASAN-10T-HBS,(주)다산엠에스,사용,승인,
검사기기,제동시험기,SHM-3K-B-2,삼화기계시스템,사용,승인,3
검사기기,제동시험기,BSCT-300IT,케이아이엔티(주):구)한국이야사까,사용,승인,3
검사기기,제동시험기,DKM-10-BTG,대광기계제작소,사용,승인,10
검사기기,제동시험기,GH-10-B,(주)지에취디자인,사용,승인,10
검사기기,제동시험기,AUTO-BS-3T-B,(주)오토기기,사용,승인,3
검사기기,제동시험기,VTEQ7000,(주)다산엠에스(공단),사용,승인,15
검사기기,제동시험기,DKM-15-BSTG,대광기계제작소,사용,승인,15
검사기기,제동시험기,DSM-10-BS2,두산기업,사용,승인,10
검사기기,제동시험기,DSM-3-BS2,두산기업,사용,승인,3
검사기기,제동시험기,DKM-3-BSTG,대광기계제작소,사용,승인,3
검사기기,제동시험기,DSM-15-BS2,두산기업,사용,승인,15
검사기기,제동시험기,BLBS-10-6,보림정밀,사용,승인,10
검사기기,제동시험기,DKM-10-BSTG,대광기계제작소,사용,승인,10
검사기기,제동시험기,KBT-1500IT,케이아이엔티(주):구)한국이야사까,사용,승인,15
검사기기,제동시험기,AG-BT301,A&G 테크놀러지,사용,승인,10
검사기기,제동시험기,KBT-1500ITS,케이아이엔티(주):구)한국이야사까,사용,승인,15
검사기기,제동시험기,JBS-10B,(주)자스텍,사용,승인,10
검사기기,제동시험기,GH-10-B,(주)지에이취디자인,사용,승인,10
검사기기,제동시험기,FRBT-DR-1,(주)포리코리아,사용,승인,10
검사기기,제동시험기,FRBT-DR,(주)포리코리아,사용,승인,10
검사기기,제동시험기,BLBS-3-1,보림정밀,사용,승인,3
검사기기,제동시험기,DKM-10-2BTG,대광기계제작소,사용,승인,10
검사기기,제동시험기,AUTO-HBS-10T-1,(주)오토기기,사용,승인,10
검사기기,제동시험기,KBT-300EV,케이아이엔티(주):구)한국이야사까,사용,승인,3
검사기기,제동시험기,AUTO-B-18T-1,(주)오토기기,사용,승인,18
검사기기,제동시험기,MBT 7250,MAHA,사용,승인,15
검사기기,제동시험기,AUTO-BS-15T-111,(주)오토기기,사용,승인,15
검사기기,제동시험기,KBT-1000ITS,케이아이엔티(주):구)한국이야사까,사용,승인,10
검사기기,제동시험기,BLB-10-4,보림정밀,사용,승인,10
검사기기,제동시험기,KBT-500EV,케이아이엔티(주):구)한국이야사까,사용,승인,3
검사기기,제동시험기,QRO-B-15,큐로테크(주),사용,승인,15
검사기기,제동시험기,KBT-1000EV,케이아이엔티(주):구)한국이야사까,사용,승인,10
검사기기,제동시험기,SHM-3K-B-1,삼화기계시스템,사용,승인,3
검사기기,제동시험기,AUTO-HBS-15T,(주)오토기기,사용,승인,15
검사기기,제동시험기,DASAN-15BS-MS,(주)다산엠에스,사용,승인,15
검사기기,제동시험기,BLBS-10-5,보림정밀,사용,승인,10
검사기기,제동시험기,DASAN-15TB-MSA,(주)다산엠에스,사용,승인,15
검사기기,제동시험기,KIBT-2130-R,케이아이엔티(주):구)한국이야사까,사용,승인,3
검사기기,제동시험기,TS2020-B-3T,(주)오토기기,사용,승인,3
검사기기,제동시험기,TS2020-B-18T,(주)오토기기,사용,승인,18
검사기기,제동시험기,KIBT-10TATA,케이아이엔티(주):구)한국이야사까,사용,승인,10
검사기기,제동시험기, SOM-3-B.SP-1,삼오시스템,사용,승인,3
검사기기,제동시험기,TS2020-B-18T-1,(주)오토기기,사용,승인,18
검사기기,제동시험기,AUTO-B-15T-D3,(주)오토기기,사용,승인,15
검사기기,제동시험기,DKM-10-BBSTG,대광기계제작소,사용,승인,10
검사기기,제동시험기,DASAN-10TBS1,(주)다산엠에스,사용,승인,10
검사기기,제동시험기,SHM-10K-B-1,삼화기계시스템,사용,승인,10
검사기기,제동시험기,DSM-3-BS1,두산기업,사용,승인,3
검사기기,제동시험기,DSM-10-BS1,두산기업,사용,승인,10
검사기기,제동시험기,AUTO-B-10T-111,(주)오토기기,사용,승인,10
검사기기,제동시험기,AUTO-B-3T-DD,(주)오토기기,사용,승인,3
검사기기,제동시험기,AG-BRT301,(주)에이앤지테크놀로지,사용,승인,10
검사기기,제동시험기,AG-RBT301,A&G 테크놀러지,사용,승인,10
검사기기,제동시험기,AG-RBT304,(주)에이앤지테크놀로지,사용,승인,10
검사기기,제동시험기,BLB-10-2,보림정밀,사용,승인,10
검사기기,제동시험기,"SHM-15K-B,SP-1",삼화기계시스템,사용,승인,15
검사기기,제동시험기,DSM-3-BSC,두산기업,사용,승인,3
검사기기,제동시험기,DSM-10-BSC,두산기업,사용,승인,10
검사기기,제동시험기,TS2021-B-18T-1,(주)오토기기,사용,승인,10
검사기기,제동시험기,AG-RBT401,A&G 테크놀러지,사용,승인,10
검사기기,제동시험기,DKM-10-BSTC,대광기계제작소,사용,승인,10
검사기기,제동시험기,KBT-300ITS,케이아이엔티(주),사용,승인,3
검사기기,제동시험기,BLBS-10-5-1,보림정밀,사용,승인,10
검사기기,제동시험기,DASAN-15TB-MSA-1,(주)다산엠에스,사용,승인,15
검사기기,제동시험기,AG-RBT501,A&G 테크놀러지,사용,승인,12
검사기기,제동시험기,TS-2022-15H-B,보림정밀,사용,승인,15
검사기기,제동시험기,JBT-20B,(주)자스텍,사용,승인,20
검사기기,제동시험기,DSM-15-BT3,두산기업,사용,승인,15
검사기기,제동시험기,DSM-15-BSC,두산기업,사용,승인,15
검사기기,제동시험기,SHM-10K-B.SP-1,삼화기계시스템,사용,승인,10
검사기기,제동시험기,DASAN-15TB-MSA-3,(주)다산엠에스,사용,승인,15
검사기기,제동시험기,DASAN-15TB-MSA-4,(주)다산엠에스,사용,승인,15
검사기기,제동시험기,AUTO-B-15T-D2-1,(주)오토기기,사용,승인,15
검사기기,제동시험기,DSM-3-BT2,두산기업,사용,승인,3
검사기기,제동시험기,DSM-10-BS3,두산기업,사용,승인,10
검사기기,제동시험기,AUTO-HBS-15T-11,(주)오토기기,사용,승인,15
검사기기,제동시험기,BLB-15-1A,보림정밀,사용,승인,15
검사기기,제동시험기,AUTO-BS-3T-B-W,(주)오토기기,사용,승인,3
검사기기,속도계시험기,3100,(주)에이앤지테크놀로지,사용,승인,10
검사기기,속도계시험기,360,버크포터,사용,승인,10
검사기기,속도계시험기,360-0,버크포터,사용,승인,10
검사기기,속도계시험기,360-3100,버크포터,사용,승인,10
검사기기,속도계시험기,3600,버크포터,사용,승인,10
검사기기,속도계시험기,3600.,(주)에이앤지테크,사용,승인,10
검사기기,속도계시험기,ABS-BS-3T,(주)오토기기,사용,승인,3
검사기기,속도계시험기,ABS-S-10T,(주)오토기기,사용,승인,10
검사기기,속도계시험기,ABS-S-15T,(주)오토기기,사용,승인,15
검사기기,속도계시험기,AF-1068,NISSAN ALTIA,사용,승인,1.8
검사기기,속도계시험기,AF-5060,NISSAN ALTIA,사용,승인,1.8
검사기기,속도계시험기,AG_RBT2012,A&G,사용,승인,10
검사기기,속도계시험기,AG_RT001,AG,사용,승인,15
검사기기,속도계시험기,AMC-300BS,(주)자동기기,사용,승인,3
검사기기,속도계시험기,AUTO-BS-10T,(주)오토기기,사용,승인,10
검사기기,속도계시험기,AUTO-BS-3T,(주)오토기기,사용,승인,3
검사기기,속도계시험기,AUTO-BS-3T-1,(주)오토기기,사용,승인,3
검사기기,속도계시험기,AUTO-BS-3T-11,(주)오토기기,사용,승인,3
검사기기,속도계시험기,AUTO-BS-3T-111,(주)오토기기,사용,승인,3
검사기기,속도계시험기,AUTO-HBS-10T,(주)오토기기,사용,승인,10
검사기기,속도계시험기,AUTO-S-10T,(주)오토기기,사용,승인,10
검사기기,속도계시험기,AUTO-S-10T-TS,(주)오토기기,사용,승인,10
검사기기,속도계시험기,AUTO-S-15A,(주)오토기기,사용,승인,15
검사기기,속도계시험기,AUTO-S-15T,(주)오토기기,사용,승인,15
검사기기,속도계시험기,AUTO-S-3T,(주)오토기기,사용,승인,3
검사기기,속도계시험기,BEP-5206,B.E.P,사용,승인,10
검사기기,속도계시험기,BLBS-10,보림정밀,사용,승인,10
검사기기,속도계시험기,BLBS-10-1,보림정밀,사용,승인,10
검사기기,속도계시험기,BLS-10,보림정밀,사용,승인,10
검사기기,속도계시험기,BLS-10-1,보림정밀,사용,승인,10
검사기기,속도계시험기,BLS-15,보림정밀,사용,승인,15
검사기기,속도계시험기,BLS-15A,보림정밀,사용,승인,15
검사기기,속도계시험기,BS-1000A88D,케이아이엔티(주):구)한국이야사까,사용,승인,10
검사기기,속도계시험기,BS-1000SIS-A,케이아이엔티(주):구)한국이야사까,사용,승인,10
검사기기,속도계시험기,BS-1000SIS-AW,케이아이엔티(주):구)한국이야사까,사용,승인,10
검사기기,속도계시험기,BS-1000SIS-AW-1,케이아이엔티(주):구)한국이야사까,사용,승인,10
검사기기,속도계시험기,BS-300SIS-A,케이아이엔티(주):구)한국이야사까,사용,승인,3
검사기기,속도계시험기,BS-300SIS-AW-1,케이아이엔티(주):구)한국이야사까,사용,승인,3
검사기기,속도계시험기,BS-300SIS-AW-2,케이아이엔티(주):구)한국이야사까,사용,승인,3
검사기기,속도계시험기,BSCHD-250,케이아이엔티(주):구)한국이야사까,사용,승인,10
검사기기,속도계시험기,BSCT-1000A,케이아이엔티(주):구)한국이야사까,사용,승인,10
검사기기,속도계시험기,BSCT-1000AL,케이아이엔티(주):구)한국이야사까,사용,승인,10
검사기기,속도계시험기,BSCT-1000AL-1,케이아이엔티(주):구)한국이야사까,사용,승인,10
검사기기,속도계시험기,BSCT-1000D,케이아이엔티(주):구)한국이야사까,사용,승인,10
검사기기,속도계시험기,BSCT-1000DB,케이아이엔티(주):구)한국이야사까,사용,승인,10
검사기기,속도계시험기,BSCT-1000SIS-AW-1,케이아이엔티(주):구)한국이야사까,사용,승인,10
검사기기,속도계시험기,BSCT-100SIS-AW-1,케이아이엔티(주):구)한국이야사까,사용,승인,1
검사기기,속도계시험기,BSCT-300,케이아이엔티(주):구)한국이야사까,사용,승인,3
검사기기,속도계시험기,BSCT-300A,케이아이엔티(주):구)한국이야사까,사용,승인,3
검사기기,속도계시험기,BSCT-300AL,케이아이엔티(주):구)한국이야사까,사용,승인,3
검사기기,속도계시험기,BSCT-300AL-1,케이아이엔티(주):구)한국이야사까,사용,승인,3
검사기기,속도계시험기,BSCT-300D,케이아이엔티(주):구)한국이야사까,사용,승인,3
검사기기,속도계시험기,BSCT-300DB,케이아이엔티(주):구)한국이야사까,사용,승인,3
검사기기,속도계시험기,BST-300,코리아컴테크,사용,승인,3
검사기기,속도계시험기,CDA-3000E,안전,사용,승인,6
검사기기,속도계시험기,DASAN-10T-HBS,(주)다산알앤디,사용,승인,10
검사기기,속도계시험기,DASAN-10T-HBST,(주)다산알앤디,사용,승인,10
검사기기,속도계시험기,DASAN-10TB.S,(주)다산알앤디,사용,승인,10
검사기기,속도계시험기,DASAN-10TBS,(주)다산알앤디,사용,승인,10
검사기기,속도계시험기,DASAN-10TS,(주)다산알앤디,사용,승인,10
검사기기,속도계시험기,DASAN-15T-HBS,(주)다산알앤디,사용,승인,15
검사기기,속도계시험기,DASAN-15TS,(주)다산알앤디,사용,승인,15
검사기기,속도계시험기,DASAN-3TS,(주)다산알앤디,사용,승인,3
검사기기,속도계시험기,DBC-03B.S-2,대본,사용,승인,3
검사기기,속도계시험기,DBC-101-AT-S,대본,사용,승인,10
검사기기,속도계시험기,DBC-102AT,대본제작소,사용,승인,10
검사기기,속도계시험기,DBC-103,대본제작소,사용,승인,10
검사기기,속도계시험기,DBC-103-AT2,대본,사용,승인,10
검사기기,속도계시험기,DBC-103-I,대본제작소,사용,승인,10
검사기기,속도계시험기,DBC-103AT,대본제작소,사용,승인,10
검사기기,속도계시험기,DBC-103AT-1,대본제작소,사용,승인,10
검사기기,속도계시험기,DBC-103DC,대본제작소,사용,승인,10
검사기기,속도계시험기,DBC-103DF,대본제작소,사용,승인,10
검사기기,속도계시험기,DBC-103I,대본제작소,사용,승인,10
검사기기,속도계시험기,DBC-10AT-S,대본,사용,승인,10
검사기기,속도계시험기,DBC-10BS-2,대본,사용,승인,10
검사기기,속도계시험기,DBC-10T-S,대본,사용,승인,10
검사기기,속도계시험기,DBC-10T-SP,대본제작소,사용,승인,10
검사기기,속도계시험기,DBC-10TS,대본,사용,승인,10
검사기기,속도계시험기,DBC-15-BS,대본,사용,승인,15
검사기기,속도계시험기,DBC-15-SP,대본제작소,사용,승인,15
검사기기,속도계시험기,DBC-153AT,대본제작소,사용,승인,15
검사기기,속도계시험기,DBC-153AT-1,대본제작소,사용,승인,15
검사기기,속도계시험기,DBC-153DC,대본제작소,사용,승인,15
검사기기,속도계시험기,DBC-153DF,대본제작소,사용,승인,15
검사기기,속도계시험기,DBC-153SP-2,대본제작소,사용,승인,15
검사기기,속도계시험기,DBC-15SP-1,대본제작소,사용,승인,15
검사기기,속도계시험기,DBC-15SP-2,대본제작소,사용,승인,15
검사기기,속도계시험기,DBC-15T,대본,사용,승인,15
검사기기,속도계시험기,DBC-15T-SP,대본제작소,사용,승인,15
검사기기,속도계시험기,DBC-15T-SP-1,대본제작소,사용,승인,15
검사기기,속도계시험기,DBC-3000,대본,사용,승인,6
검사기기,속도계시험기,DBC-3000SP,대본제작소,사용,승인,3
검사기기,속도계시험기,DBC-30DF-2,대본제작소,사용,승인,3
검사기기,속도계시험기,DBC-30DF2,대본제작소,사용,승인,3
검사기기,속도계시험기,DBC-33AT,대본제작소,사용,승인,3
검사기기,속도계시험기,DBC-33DC,대본,사용,승인,3
검사기기,속도계시험기,DBC-33DF,대본제작소,사용,승인,3
검사기기,속도계시험기,DBC-33DF2,대본제작소,사용,승인,3
검사기기,속도계시험기,DBC-33T,대본,사용,승인,3
검사기기,속도계시험기,DFBS-30M,(주)디펜스,사용,승인,3
검사기기,속도계시험기,DFS-100A,(주)디펜스,사용,승인,10
검사기기,속도계시험기,DFS-100A2,(주)디펜스,사용,승인,10
검사기기,속도계시험기,DFS-100M,(주)디펜스,사용,승인,10
검사기기,속도계시험기,DFS-100M1,(주)디펜스,사용,승인,10
검사기기,속도계시험기,DFS-150A,(주)디펜스,사용,승인,15
검사기기,속도계시험기,DFS-150A1,디펜스,사용,승인,15
검사기기,속도계시험기,DFS-150A2,(주)디펜스,사용,승인,15
검사기기,속도계시험기,DFS-30A,(주)디펜스,사용,승인,3
검사기기,속도계시험기,DFS-30M,(주)디펜스,사용,승인,3
검사기기,속도계시험기,"DKM-10-B,SP-1",대광기계제작소,사용,승인,10
검사기기,속도계시험기,DKM-10-BS,대광기계제작소,사용,승인,10
검사기기,속도계시험기,DKM-10-BS-G,대광기계제작소,사용,승인,10
검사기기,속도계시험기,DKM-10-BSGM,대광기계제작소,사용,승인,10
검사기기,속도계시험기,DKM-10-SP,대광기계제작소,사용,승인,10
검사기기,속도계시험기,DKM-10-SP-1,대광기계제작소,사용,승인,10
검사기기,속도계시험기,DKM-10-SP-S,대광기계제작소,사용,승인,10
검사기기,속도계시험기,DKM-10-SPC,대광기계제작소,사용,승인,2
검사기기,속도계시험기,DKM-10-SPC-1,대광기계제작소,사용,승인,10
검사기기,속도계시험기,DKM-10-SPC-1G,대광기계제작소,사용,승인,10
검사기기,속도계시험기,DKM-10-SPC-G,대광기계제작소,사용,승인,10
검사기기,속도계시험기,DKM-10-SPC-S,대광기계제작소,사용,승인,10
검사기기,속도계시험기,DKM-15-SL,대광기계제작소,사용,승인,15
검사기기,속도계시험기,DKM-15-SP,대광기계제작소,사용,승인,15
검사기기,속도계시험기,DKM-15-SP-1,대광기계제작소,사용,승인,15
검사기기,속도계시험기,DKM-15-SP-S,대광기계제작소,사용,승인,15
검사기기,속도계시험기,DKM-15-SPC,대광기계제작소,사용,승인,15
검사기기,속도계시험기,DKM-15-SPC-1,대광기계제작소,사용,승인,15
검사기기,속도계시험기,DKM-15-SPC-S,대광기계제작소,사용,승인,15
검사기기,속도계시험기,DKM-2-BS,대광기계제작소,사용,승인,2
검사기기,속도계시험기,DKM-2-BS-1,대광기계제작소,사용,승인,2
검사기기,속도계시험기,DKM-2-BSG,대광기계제작소,사용,승인,2
검사기기,속도계시험기,DKM-2-SP,대광기계제작소,사용,승인,2
검사기기,속도계시험기,DKM-2-SP-1,대광기계제작소,사용,승인,2
검사기기,속도계시험기,DKM-2-SP-S,대광기계제작소,사용,승인,2
검사기기,속도계시험기,DKM-2-SPC,대광기계제작소,사용,승인,2
검사기기,속도계시험기,DKM-2-SPC-1,대광기계제작소,사용,승인,2
검사기기,속도계시험기,DKM-2-SPC-S,대광기계제작소,사용,승인,2
검사기기,속도계시험기,DKM-3-BS,대광기계제작소,사용,승인,3
검사기기,속도계시험기,DKM-3-BS3,대광기계제작소,사용,승인,3
검사기기,속도계시험기,DKM-3-SP,대광기계제작소,사용,승인,3
검사기기,속도계시험기,DKM-3-SP-1,대광기계제작소,사용,승인,3
검사기기,속도계시험기,DKM-3-SP-S,대광기계제작소,사용,승인,3
검사기기,속도계시험기,DKM-3-SPC,대광기계제작소,사용,승인,3
검사기기,속도계시험기,DKM-3-SPC-1,대광기계제작소,사용,승인,3
검사기기,속도계시험기,DKM-3-SPC-2,대광기계제작소,사용,승인,3
검사기기,속도계시험기,DKM-3-SPC-S,대광기계제작소,사용,승인,3
검사기기,속도계시험기,DKM-3-SPL,대광기계제작소,사용,승인,3
검사기기,속도계시험기,DKM-6-SP,대광기계제작소,사용,승인,6
검사기기,속도계시험기,DL-10S,대림기전,사용,승인,10
검사기기,속도계시험기,DL-3UBS,대림기전,사용,승인,3
검사기기,속도계시험기,DRT-928H,케이아이엔티(주):구)한국이야사까,사용,승인,1
검사기기,속도계시험기,DRT-928I,케이아이엔티(주):구)한국이야사까,사용,승인,10
검사기기,속도계시험기,DSM-10-BSL,두산기업,사용,승인,10
검사기기,속도계시험기,DSM-10-BST,두산기업,사용,승인,10
검사기기,속도계시험기,DSM-10-SP,두산기계,사용,승인,10
검사기기,속도계시험기,DSM-10-SP-A,두산기계,사용,승인,10
검사기기,속도계시험기,DSM-10-ST,두산기업,사용,승인,10
검사기기,속도계시험기,DSM-10-ST-A,두산기업,사용,승인,10
검사기기,속도계시험기,DSM-15-BST,두산기업,사용,승인,15
검사기기,속도계시험기,DSM-15-SP,두산기계,사용,승인,15
검사기기,속도계시험기,DSM-15-ST, 디에스엠,사용,승인,15
검사기기,속도계시험기,DSM-15-ST-A,두산기계,사용,승인,15
검사기기,속도계시험기,"DSM-2-B,SP",두산기계,사용,승인,2
검사기기,속도계시험기,DSM-2-B.S,두산기계,사용,승인,2
검사기기,속도계시험기,DSM-2-B.SP,두산기계,사용,승인,2
검사기기,속도계시험기,DSM-3-BSL,두산기업,사용,승인,3
검사기기,속도계시험기,DSM-3-BST,두산기계,사용,승인,3
검사기기,속도계시험기,DSM-3-SP,두산기계,사용,승인,3
검사기기,속도계시험기,DSM-3-ST,두산기계,사용,승인,3
검사기기,속도계시험기,DSM-3-ST-A,두산기계,사용,승인,3
검사기기,속도계시험기,DSM-3000,대본제작소,사용,승인,3
검사기기,속도계시험기,DW-103AT,대본,사용,승인,10
검사기기,속도계시험기,FAL-RT-RR-500,(주)훠리아름텍,사용,승인,10
검사기기,속도계시험기,FRB-03S/DR,(주)포리코리아,사용,승인,3
검사기기,속도계시험기,FRB-03SR,(주)포리코리아,사용,승인,3
검사기기,속도계시험기,FRB-06SDR,(주)포리코리아,사용,승인,3
검사기기,속도계시험기,FRB-06SR,(주)포리코리아,사용,승인,3
검사기기,속도계시험기,H3600,(주)에이치비이피,사용,승인,10
검사기기,속도계시험기,HBEP-RT,HBEP,사용,승인,10
검사기기,속도계시험기,HBEP-RT-4X,한국 B.E.P,사용,승인,10
검사기기,속도계시험기,HBS-03,한진기계,사용,승인,3
검사기기,속도계시험기,HBS-03A,한진기계(주),사용,승인,3
검사기기,속도계시험기,HBS-10,한진기계(주),사용,승인,10
검사기기,속도계시험기,HBS-10A,한진기계(주),사용,승인,10
검사기기,속도계시험기,HBS-15,한진기계,사용,승인,15
검사기기,속도계시험기,HI-60AS,헤스본(주),사용,승인,10
검사기기,속도계시험기,HI-60MS,헤스본기계(주),사용,승인,10
검사기기,속도계시험기,HI-62MS,헤스본,사용,승인,2
검사기기,속도계시험기,HKC-10-SP,한국카텍,사용,승인,10
검사기기,속도계시험기,HKC-10-SP-1,한국카택,사용,승인,10
검사기기,속도계시험기,HKC-15-S-1,한국카택,사용,승인,15
검사기기,속도계시험기,HKC-15-SP-1,한국카택,사용,승인,15
검사기기,속도계시험기,HKC-3-S,한국카텍,사용,승인,3
검사기기,속도계시험기,HKC-3-S-1,한국카텍,사용,승인,3
검사기기,속도계시험기,HOFMANNDT2,WEST GERMANY,사용,승인,10
검사기기,속도계시험기,HSM-10A,한진기계,사용,승인,10
검사기기,속도계시험기,HSM-15A,한진기계,사용,승인,15
검사기기,속도계시험기,HSM-15M,한진기계(주),사용,승인,15
검사기기,속도계시험기,HYC-10-SP,한영산업,사용,승인,10
검사기기,속도계시험기,HYC-10-SP-1,한영산업,사용,승인,10
검사기기,속도계시험기,HYC-15-SP-1,한영산업,사용,승인,15
검사기기,속도계시험기,IBS-1000A,이레모텍,사용,승인,10
검사기기,속도계시험기,IBS-300A,이레모텍,사용,승인,3
검사기기,속도계시험기,IBS-301,이레모텍,사용,승인,3
검사기기,속도계시험기,IM-2040,NISSALCO,사용,승인,6
검사기기,속도계시험기,IM-2410,NISSALCO,사용,승인,3
검사기기,속도계시험기,IM-2420,NISSALCO,사용,승인,6
검사기기,속도계시험기,IM-2445,NISSALCO,사용,승인,10
검사기기,속도계시험기,ISMT-1500A,이레모텍,사용,승인,15
검사기기,속도계시험기,JBS-10,(주)자스텍,사용,승인,10
검사기기,속도계시험기,JBS-15,(주)자스텍,사용,승인,15
검사기기,속도계시험기,JBS-HB10,(주)자스텍,사용,승인,10
검사기기,속도계시험기,JBS-HB10C,(주)자스텍,사용,승인,10
검사기기,속도계시험기,JBS-HB10CB,(주)자스텍,사용,승인,10
검사기기,속도계시험기,JBS-HB15,(주)자스텍,사용,승인,15
검사기기,속도계시험기,JBS-HB15C,(주)자스텍,사용,승인,15
검사기기,속도계시험기,JBS-HB15CB,(주)자스텍,사용,승인,15
검사기기,속도계시험기,JBS-HB15CB-1,(주)자스텍,사용,승인,15
검사기기,속도계시험기,JST-10,(주)자스텍,사용,승인,10
검사기기,속도계시험기,JST-10CB,(주)자스텍,사용,승인,10
검사기기,속도계시험기,JST-15,(주)자스텍,사용,승인,15
검사기기,속도계시험기,JST-15B,(주)자스텍,사용,승인,15
검사기기,속도계시험기,JST-15C,(주)자스텍,사용,승인,15
검사기기,속도계시험기,JST-15CB,(주)자스텍,사용,승인,15
검사기기,속도계시험기,KDRT-1000R-1,케이아이엔티(주):구)한국이야사까,사용,승인,10
검사기기,속도계시험기,KDRT-150MC-1,케이아이엔티(주):구)한국이야사까,사용,승인,1.5
검사기기,속도계시험기,KDRT-928A,케이아이엔티(주):구)한국이야사까,사용,승인,10
검사기기,속도계시험기,KOTSA-10-S,한국교통안전공단,사용,승인,10
검사기기,속도계시험기,KOTSA-10ST,한국교통안전공단,사용,승인,10
검사기기,속도계시험기,KOTSA-10ST94-00,한국교통안전공단,사용,승인,10
검사기기,속도계시험기,KSMT-1000,케이아이엔티(주):구)한국이야사까,사용,승인,10
검사기기,속도계시험기,KSMT-1000A,케이아이엔티(주):구)한국이야사까,사용,승인,10
검사기기,속도계시험기,KSMT-1000AUTO88,케이아이엔티(주):구)한국이야사까,사용,승인,10
검사기기,속도계시험기,KSMT-1000AUTO88B,케이아이엔티(주):구)한국이야사까,사용,승인,10
검사기기,속도계시험기,KSMT-1000AUTO88C,케이아이엔티(주):구)한국이야사까,사용,승인,10
검사기기,속도계시험기,KSMT-1000AUTO88C-1,케이아이엔티(주):구)한국이야사까,사용,승인,10
검사기기,속도계시험기,KSMT-1000AUTO88C-1L,케이아이엔티(주):구)한국이야사까,사용,승인,10
검사기기,속도계시험기,KSMT-1000AUTO88D-1,케이아이엔티(주):구)한국이야사까,사용,승인,10
검사기기,속도계시험기,KSMT-1000B,케이아이엔티(주):구)한국이야사까,사용,승인,10
검사기기,속도계시험기,KSMT-1000C,케이아이엔티(주):구)한국이야사까,사용,승인,10
검사기기,속도계시험기,KSMT-1000CL,케이아이엔티(주):구)한국이야사까,사용,승인,10
검사기기,속도계시험기,KSMT-1000CL-1,케이아이엔티(주):구)한국이야사까,사용,승인,10
검사기기,속도계시험기,KSMT-1000CT,이야사까,사용,승인,
검사기기,속도계시험기,KSMT-1000CT-1,케이아이엔티(주):구)한국이야사까,사용,승인,10
검사기기,속도계시험기,KSMT-1000D,케이아이엔티(주):구)한국이야사까,사용,승인,10
검사기기,속도계시험기,KSMT-1000DB,케이아이엔티(주):구)한국이야사까,사용,승인,10
검사기기,속도계시험기,KSMT-1000IBS,케이아이엔티(주):구)한국이야사까,사용,승인,10
검사기기,속도계시험기,KSMT-1000IT,케이아이엔티(주):구)한국이야사까,사용,승인,10
검사기기,속도계시험기,KSMT-1000IT-A,케이아이엔티(주):구)한국이야사까,사용,승인,10
검사기기,속도계시험기,KSMT-1000KMC,케이아이엔티(주):구)한국이야사까,사용,승인,10
검사기기,속도계시험기,KSMT-1000KMCA,케이아이엔티(주):구)한국이야사까,사용,승인,10
검사기기,속도계시험기,KSMT-1000MC,케이아이엔티(주):구)한국이야사까,사용,승인,10
검사기기,속도계시험기,KSMT-1000P,케이아이엔티(주):구)한국이야사까,사용,승인,10
검사기기,속도계시험기,KSMT-1000P-1,케이아이엔티(주):구)한국이야사까,사용,승인,10
검사기기,속도계시험기,KSMT-1000P-IT,케이아이엔티(주):구)한국이야사까,사용,승인,10
검사기기,속도계시험기,KSMT-1000S,케이아이엔티(주):구)한국이야사까,사용,승인,10
검사기기,속도계시험기,KSMT-1000SIS-A,케이아이엔티(주):구)한국이야사까,사용,승인,10
검사기기,속도계시험기,KSMT-1010IBS,케이아이엔티(주):구)한국이야사까,사용,승인,10
검사기기,속도계시험기,KSMT-1050SIS-A,케이아이엔티(주):구)한국이야사까,사용,승인,10
검사기기,속도계시험기,KSMT-1500,케이아이엔티(주):구)한국이야사까,사용,승인,15
검사기기,속도계시험기,KSMT-1500AUTO88C-1LH,케이아이엔티(주):구)한국이야사까,사용,승인,15
검사기기,속도계시험기,KSMT-1500D,케이아이엔티(주):구)한국이야사까,사용,승인,15
검사기기,속도계시험기,KSMT-1500H,케이아이엔티(주):구)한국이야사까,사용,승인,15
검사기기,속도계시험기,KSMT-1500SIS-A,케이아이엔티(주):구)한국이야사까,사용,승인,15
검사기기,속도계시험기,KSMT-1501SIS-A,케이아이엔티(주):구)한국이야사까,사용,승인,15
검사기기,속도계시험기,KSMT-150MC,케이아이엔티(주):구)한국이야사까,사용,승인,1.5
검사기기,속도계시험기,KSMT-150P,케이아이엔티(주):구)한국이야사까,사용,승인,1.5
검사기기,속도계시험기,KSMT-150SIS-A,케이아이엔티(주):구)한국이야사까,사용,승인,1.5
검사기기,속도계시험기,KSMT-300,케이아이엔티(주):구)한국이야사까,사용,승인,3
검사기기,속도계시험기,KSMT-300A,케이아이엔티(주):구)한국이야사까,사용,승인,3
검사기기,속도계시험기,KSMT-300C,케이아이엔티(주):구)한국이야사까,사용,승인,3
검사기기,속도계시험기,KSMT-300D,케이아이엔티(주):구)한국이야사까,사용,승인,3
검사기기,속도계시험기,KSMT-300IBS,케이아이엔티(주):구)한국이야사까,사용,승인,3
검사기기,속도계시험기,KSMT-300IT,케이아이엔티(주):구)한국이야사까,사용,승인,3
검사기기,속도계시험기,KSMT-300SIS-A,케이아이엔티(주):구)한국이야사까,사용,승인,3
검사기기,속도계시험기,KSMT-AUTO88,케이아이엔티(주):구)한국이야사까,사용,승인,10
검사기기,속도계시험기,KSMT-AUTO88A,케이아이엔티(주):구)한국이야사까,사용,승인,10
검사기기,속도계시험기,KSMT-AUTO88B,케이아이엔티(주):구)한국이야사까,사용,승인,10
검사기기,속도계시험기,KSMT-AUTO88B-1,케이아이엔티(주):구)한국이야사까,사용,승인,10
검사기기,속도계시험기,KSMT-AUTO88C,케이아이엔티(주):구)한국이야사까,사용,승인,10
검사기기,속도계시험기,KSMT-AUTO88C-1,케이아이엔티(주):구)한국이야사까,사용,승인,10
검사기기,속도계시험기,KTS-100,코리아컴테크,사용,승인,10
검사기기,속도계시험기,LP-10S,삼미기계,사용,승인,10
검사기기,속도계시험기,MS-CS,명성,사용,승인,10
검사기기,속도계시험기,MS-SP-1,(주)명성기기,사용,승인,10
검사기기,속도계시험기,MT-15,대한정비기기,사용,승인,15
검사기기,속도계시험기,NDS-1000A,NODE,사용,승인,10
검사기기,속도계시험기,NDS-V3.0,동보ENG,사용,승인,10
검사기기,속도계시험기,NDSV-1.0,동보,사용,승인,10
검사기기,속도계시험기,NDSV-3.0,노드,사용,승인,10
검사기기,속도계시험기,NTR-ABS-S-40A,(주)오토기기,사용,승인,10
검사기기,속도계시험기,SAST-100,세안통상,사용,승인,10
검사기기,속도계시험기,SAT-10AT,대본,사용,승인,10
검사기기,속도계시험기,SAT-10T,대본,사용,승인,10
검사기기,속도계시험기,SAT-15AT,대본,사용,승인,15
검사기기,속도계시험기,SAT-3T,대본,사용,승인,3
검사기기,속도계시험기,SBD-10T-S,삼미,사용,승인,10
검사기기,속도계시험기,SHC-10-SM,삼화제작소,사용,승인,10
검사기기,속도계시험기,SHC-10-SP,삼화기계,사용,승인,10
검사기기,속도계시험기,SHC-10-SP-1,삼화기계,사용,승인,10
검사기기,속도계시험기,SHC-10-SP-2,삼화기계,사용,승인,10
검사기기,속도계시험기,SHC-15-S,삼화제작소,사용,승인,15
검사기기,속도계시험기,SHC-15-SP,삼화제작소,사용,승인,15
검사기기,속도계시험기,SHC-15-SP-1,삼화기계,사용,승인,15
검사기기,속도계시험기,SHC-3-S,삼화제작소,사용,승인,3
검사기기,속도계시험기,SHC-3-SM,삼화제작소,사용,승인,3
검사기기,속도계시험기,SHC-3-SP,삼화기계,사용,승인,3
검사기기,속도계시험기,SHC-3SP,삼화제작소,사용,승인,3
검사기기,속도계시험기,"SHM-10-B,SP-3",삼화기계시스템,사용,승인,10
검사기기,속도계시험기,"SHM-10-B,SP-3G",삼화기계시스템,사용,승인,10
검사기기,속도계시험기,"SHM-10-B,SP-G",삼화기계시스템,사용,승인,10
검사기기,속도계시험기,SHM-10-B.SP-GG,삼화기계시스템,사용,승인,10
검사기기,속도계시험기,SHM-10-B.SP,삼화기계,사용,승인,10
검사기기,속도계시험기,SHM-10-B.SP-1G,삼화기계시스템,사용,승인,10
검사기기,속도계시험기,SHM-10-B.SP-2,삼화기계시스템,사용,승인,10
검사기기,속도계시험기,SHM-10-B.SP-3,삼화기계시스템,사용,승인,10
검사기기,속도계시험기,SHM-10-B.SP-3G,삼화기계시스템,사용,승인,10
검사기기,속도계시험기,SHM-10-B.SP-G,삼화기계시스템,사용,승인,10
검사기기,속도계시험기,SHM-10-B.SP-G-1,삼화기계시스템,사용,승인,10
검사기기,속도계시험기,SHM-10-B.SP-GG,삼화기계시스템,사용,승인,10
검사기기,속도계시험기,SHM-10-B.SP-U,삼화기계시스템,사용,승인,10
검사기기,속도계시험기,SHM-10-BST,삼화기계시스템,사용,승인,10
검사기기,속도계시험기,SHM-10-SP,(주)삼화기계,사용,승인,10
검사기기,속도계시험기,SHM-10-SP-1,(주)삼화기계,사용,승인,10
검사기기,속도계시험기,SHM-10-SP-1G,삼화기계시스템,사용,승인,10
검사기기,속도계시험기,SHM-10-SP-G,삼화기계시스템,사용,승인,10
검사기기,속도계시험기,SHM-10-SP-U,삼화기계시스템,사용,승인,10
검사기기,속도계시험기,SHM-15-B.SP-2,삼화기계,사용,승인,15
검사기기,속도계시험기,SHM-15-B.SP-3G,삼화기계시스템,사용,승인,15
검사기기,속도계시험기,SHM-15-B.SP-U,삼화기계시스템,사용,승인,15
검사기기,속도계시험기,SHM-15-SP,삼화기계,사용,승인,15
검사기기,속도계시험기,SHM-15-SP-1,삼화기계,사용,승인,15
검사기기,속도계시험기,SHM-15-SP-1G,삼화기계시스템,사용,승인,15
검사기기,속도계시험기,SHM-15-SP-G,삼화기계시스템,사용,승인,15
검사기기,속도계시험기,SHM-15-SP-S,삼화기계시스템,사용,승인,15
검사기기,속도계시험기,SHM-15-SP-U,삼화기계시스템,사용,승인,15
검사기기,속도계시험기,"SHM-2-B,SP",삼화기계시스템,사용,승인,2
검사기기,속도계시험기,SHM-2-B.SP,삼화기계,사용,승인,2
검사기기,속도계시험기,SHM-2-SP,삼화기계,사용,승인,2
검사기기,속도계시험기,SHM-2-SP-1,삼화기계,사용,승인,2
검사기기,속도계시험기,"SHM-3-B,SP",삼화기계,사용,승인,3
검사기기,속도계시험기,"SHM-3-B,SP-1",삼화기계,사용,승인,3
검사기기,속도계시험기,"SHM-3-B,SP-2",삼화기계시스템,사용,승인,3
검사기기,속도계시험기,"SHM-3-B,SP-3",삼화기계시스템,사용,승인,3
검사기기,속도계시험기,"SHM-3-B,SP-G",삼화기계,사용,승인,3
검사기기,속도계시험기,SHM-3-B.SP,삼화기계,사용,승인,3
검사기기,속도계시험기,SHM-3-B.SP-1,삼화기계,사용,승인,3
검사기기,속도계시험기,SHM-3-B.SP-2,삼화기계시스템,사용,승인,3
검사기기,속도계시험기,SHM-3-B.SP-2G,삼화기계시스템,사용,승인,3
검사기기,속도계시험기,SHM-3-B.SP-G,삼화기계시스템,사용,승인,3
검사기기,속도계시험기,SHM-3-B.SP-GG,삼화기계시스템,사용,승인,3
검사기기,속도계시험기,SHM-3-SP,삼화기계시스템,사용,승인,3
검사기기,속도계시험기,SHM-3-SP-1,삼화기계,사용,승인,3
검사기기,속도계시험기,SHM-3G-B.SP,삼화기계,사용,승인,3
검사기기,속도계시험기,SHM-3G-B.SP,삼화기계시스템,사용,승인,3
검사기기,속도계시험기,SJC-SP-10,(주)삼성전자,사용,승인,10
검사기기,속도계시험기,SM-103C,동보ENG,사용,승인,10
검사기기,속도계시험기,SM-110,BANZAI,사용,승인,10
검사기기,속도계시험기,SM-130B,BANZAI,사용,승인,6
검사기기,속도계시험기,SM-150-2,BANZAI,사용,승인,3
검사기기,속도계시험기,SM-262-A,NISSALCO,사용,승인,1.5
검사기기,속도계시험기,SM-272-A,NISSALCO,사용,승인,10
검사기기,속도계시험기,SM-300,BANZAI,사용,승인,3
검사기기,속도계시험기,SM-300-2,BANZAI,사용,승인,3
검사기기,속도계시험기,SM-362S,NISSALCO,사용,승인,3
검사기기,속도계시험기,SM-500,BANZAI,사용,승인,10
검사기기,속도계시험기,SM-500-2,BANZAI,사용,승인,3
검사기기,속도계시험기,SM-5000,BANZAI,사용,승인,10
검사기기,속도계시험기,SM-75,BANZAI,사용,승인,1.5
검사기기,속도계시험기,SMA-10S,삼미전자,사용,승인,10
검사기기,속도계시험기,SMA-10S-D,삼미전자,사용,승인,10
검사기기,속도계시험기,SMA-10T-D,삼미전자,사용,승인,10
검사기기,속도계시험기,SMA-10TS,삼미전자,사용,승인,10
검사기기,속도계시험기,SMA-3S,삼미전자,사용,승인,3
검사기기,속도계시험기,SMA-6S,삼미전자,사용,승인,6
검사기기,속도계시험기,SMA-S,삼미,사용,승인,10
검사기기,속도계시험기,SMB-10S,삼미,사용,승인,10
검사기기,속도계시험기,SMB-10T-ABS,삼미,사용,승인,
검사기기,속도계시험기,SMC-1.5S,삼미,사용,승인,1.5
검사기기,속도계시험기,SMC-10S,삼미,사용,승인,10
검사기기,속도계시험기,SMC-15S,삼미전자(주),사용,승인,15
검사기기,속도계시험기,SMS-10T-A,삼미,사용,승인,10
검사기기,속도계시험기,SMS-10T-D,삼미,사용,승인,10
검사기기,속도계시험기,SMS-10TA,삼미전자,사용,승인,10
검사기기,속도계시험기,SMS-10TB,삼미전자,사용,승인,10
검사기기,속도계시험기,SMS-10TS,삼미전자,사용,승인,10
검사기기,속도계시험기,SMS-3T-D,삼미전자,사용,승인,3
검사기기,속도계시험기,SMS-3TA,삼미전자,사용,승인,3
검사기기,속도계시험기,SMT-1000,케이아이엔티(주):구)한국이야사까,사용,승인,10
검사기기,속도계시험기,SMT-1000K,IYASAKA,사용,승인,10
검사기기,속도계시험기,SMT-1500A88L,케이아이엔티(주):구)한국이야사까,사용,승인,15
검사기기,속도계시험기,SMT-150MC,케이아이엔티(주):구)한국이야사까,사용,승인,1.5
검사기기,속도계시험기,SMT-301,IYASAKA,사용,승인,3
검사기기,속도계시험기,SMT-600,IYASAKA,사용,승인,6
검사기기,속도계시험기,SOM-10-BSL,삼오기기,사용,승인,10
검사기기,속도계시험기,SOM-10-S-1,삼오기기,사용,승인,10
검사기기,속도계시험기,SOM-15-BSL,삼오기기,사용,승인,15
검사기기,속도계시험기,SOM-3-BSL,삼오기기,사용,승인,3
검사기기,속도계시험기,SOM-3-BST,삼오기기,사용,승인,3
검사기기,속도계시험기,SR500-160,S.K GMBH,사용,승인,10
검사기기,속도계시험기,SS-10B,삼미전자,사용,승인,10
검사기기,속도계시험기,SS-10K,삼미,사용,승인,10
검사기기,속도계시험기,SS-10S,삼미전자,사용,승인,10
검사기기,속도계시험기,SSC-15-S-1,(주)삼성LTS,사용,승인,15
검사기기,속도계시험기,SSM-3000,덕산,사용,승인,6
검사기기,속도계시험기,SSM-6000,대본제작소,사용,승인,6
검사기기,속도계시험기,SST-500,안전,사용,승인,6
검사기기,속도계시험기,TBE-S-103C-D2,(주)동보,사용,승인,10
검사기기,속도계시험기,TBE-S103C-D2,동보ENG,사용,승인,10
검사기기,속도계시험기,TBE-S300D2,동보ENG,사용,승인,3
검사기기,속도계시험기,TBE-SM100,동보,사용,승인,10
검사기기,속도계시험기,TBE-SM1000,동보엔지니어링,사용,승인,10
검사기기,속도계시험기,TBE-SM103C,동보,사용,승인,10
검사기기,속도계시험기,TBE-SM153C,(주)동보,사용,승인,15
검사기기,속도계시험기,TBE-SM300BE,동보,사용,승인,3
검사기기,속도계시험기,TS-10S,토신인터내셔날,사용,승인,10
검사기기,속도계시험기,TS-15S,토신인터내셔날,사용,승인,15
검사기기,속도계시험기,TSBS-1000,토신인터내쇼날,사용,승인,10
검사기기,속도계시험기,TSBS-300,토신인터내쇼날,사용,승인,3
검사기기,속도계시험기,TSM-3000,ANZEN,사용,승인,6
검사기기,속도계시험기,DBC-323F,대본제작소,사용,승인,3
검사기기,속도계시험기,DKM-3-B.SP-1,대광기계제작소,사용,승인,
검사기기,속도계시험기,A&G-RB,A&G,사용,승인,3
검사기기,속도계시험기,AMC-3BSP,AMC텍크,사용,승인,3
검사기기,속도계시험기,AMC-10BSP,AMC텍크,사용,승인,10
검사기기,속도계시험기,HBS-15-D,한진기계(주),사용,승인,15
검사기기,속도계시험기,KSMT-1000S-370,케이아이엔티(주):구)한국이야사까,사용,승인,10
검사기기,속도계시험기,KSMT-1500 IT,케이아이엔티(주):구)한국이야사까,사용,승인,15
검사기기,속도계시험기,BLBS-10-1F,보림정밀,사용,승인,10
검사기기,속도계시험기,BSCHD-250-1,케이아이엔티(주):구)한국이야사까,사용,승인,10
검사기기,속도계시험기,DSM-10-BST,두산기업(신청),사용,승인,10
검사기기,속도계시험기,JST-15BB,(자)자스텍,사용,승인,15
검사기기,속도계시험기,DASAN-MS-15T-HBS,(주)다산엠에스,사용,승인,15
검사기기,속도계시험기,SOM-3-S-1,삼오시스템,사용,승인,3
검사기기,속도계시험기,BS-1000IT,케이아이엔티(주):구)한국이야사까,사용,승인,10
검사기기,속도계시험기,BSCT-1000IT,케이아이엔티(주):구)한국이야사까,사용,승인,10
검사기기,속도계시험기,KSMT-1500IT,케이아이엔티(주):구)한국이야사까,사용,승인,15
검사기기,속도계시험기,AUTO-BS-10T-1,(주)오토기기,사용,승인,10
검사기기,속도계시험기,DBC-313,대본,사용,승인,3
검사기기,속도계시험기,DBC-03B.S-3,대본,사용,승인,3
검사기기,속도계시험기,DASAN-DS-15T-HBS,(주)다산알앤디,사용,승인,15
검사기기,속도계시험기,KHSM-15-SP,효성기기,사용,승인,15
검사기기,속도계시험기,BSCT-300SIS-AW-1,케이아이엔티(주):구)한국이야사까,사용,승인,3
검사기기,속도계시험기,DASAN-DS-15T-HBS-1,(주)다산엠에스,사용,승인,15
검사기기,속도계시험기,DKM-10-B.SP,대광기계제작소,사용,승인,10
검사기기,속도계시험기,A&G-RBT,A&G,사용,승인,10
검사기기,속도계시험기,DKM-3-B.SP,대광기계제작소,사용,승인,3
검사기기,속도계시험기,KIBSD-1500,케이아이엔티(주):구)한국이야사까,사용,승인,15
검사기기,속도계시험기,BLS-3-1,보림정밀,사용,승인,3
검사기기,속도계시험기,"KHSM-10-B,SP",효성기기,사용,승인,10
검사기기,속도계시험기,HBS-10D,한진기계(주),사용,승인,10
검사기기,속도계시험기,DBC-33DC-1,대본,사용,승인,3
검사기기,속도계시험기,DKM-3-B.SPG,대광기계제작소,사용,승인,3
검사기기,속도계시험기,BLBS-10-2,보림정밀,사용,승인,10
검사기기,속도계시험기,DKM-15-B.SPG,대광기계제작소,사용,승인,15
검사기기,속도계시험기,SOM-15-S-1,삼오시스템,사용,승인,15
검사기기,속도계시험기,DBC-103DC-1,대본,사용,승인,10
검사기기,속도계시험기,DKM-10-B.SPG,대광기계제작소,사용,승인,10
검사기기,속도계시험기,SHM-3-B.SP-2GG,삼화기계시스템,사용,승인,3
검사기기,속도계시험기,BLS-15-1,보림정밀,사용,승인,15
검사기기,속도계시험기,KIBSD-1500L,케이아이엔티(주):구)한국이야사까,사용,승인,15
검사기기,속도계시험기,BSCHD-250L,케이아이엔티(주):구)한국이야사까,사용,승인,10
검사기기,속도계시험기,HBS-03D,한진기계(주),사용,승인,3
검사기기,속도계시험기,SHM-10C-B.SP-GG,삼화기계시스템,사용,승인,10
검사기기,속도계시험기,KSMT-1500ITH,케이아이엔티(주):구)한국이야사까,사용,승인,217
검사기기,속도계시험기,DASAN-MS-15T-HBS-1,(주)다산엠에스,사용,승인,15
검사기기,속도계시험기,BLBS-10-3,보림정밀,사용,승인,10
검사기기,속도계시험기,MS-SP-10,(주)명성기기,사용,승인,10
검사기기,속도계시험기,SHM-3-SP-G,삼화기계시스템,사용,승인,3
검사기기,속도계시험기,SHM-3C-B.SP-G,삼화기계시스템,사용,승인,3
검사기기,속도계시험기,DBC-03B.S-4,대본,사용,승인,3
검사기기,속도계시험기,"SHM-10K-B,SP",삼화기계시스템,사용,승인,10
검사기기,속도계시험기,"SHM-3K-B,SP",삼화기계제작소,사용,승인,3
검사기기,속도계시험기,"SHM-10K-B,SP-2",삼화기계시스템,사용,승인,10
검사기기,속도계시험기,DBC-10BS-3,대본,사용,승인,10
검사기기,속도계시험기,DKM-3-BSGG,대광기계제작소,사용,승인,3
검사기기,속도계시험기,SHM-10-B.SP-C,삼화기계시스템,사용,승인,10
검사기기,속도계시험기,TS-2016-15S,보림정밀,사용,승인,15
검사기기,속도계시험기,DASAN-15TS,(주)다산엠에스,사용,승인,15
검사기기,속도계시험기,DSM-10-BST2,두산기업,사용,승인,10
검사기기,속도계시험기,ABS-S-3T,(주)오토기기,사용,승인,3
검사기기,속도계시험기,DBC-3AT-S,대본,사용,승인,3
검사기기,속도계시험기,DBC-3T-S,대본,사용,승인,3
검사기기,속도계시험기,SHM-3-B.SP-M,삼화기계시스템,사용,승인,3
검사기기,속도계시험기,DBC-103AT2,대본,사용,승인,10
검사기기,속도계시험기,SHM-3-B.SP,삼화기계시스템,사용,승인,3
검사기기,속도계시험기,KSMT-1500PIT,케이아이엔티(주):구)한국이야사까,사용,승인,15
검사기기,속도계시험기,DASAN-10TS,(주)다산엠에스,사용,승인,10
검사기기,속도계시험기,SOM-10-BSL,삼오시스템,사용,승인,10
검사기기,속도계시험기,DASAN-10TS-MS,(주)다산엠에스,사용,승인,10
검사기기,속도계시험기,DBC-15BS-1,대본,사용,승인,15
검사기기,속도계시험기,JST-10B,(주)자스텍,사용,승인,10
검사기기,속도계시험기,SHM-15-B.SP,삼화기계시스템,사용,승인,15
검사기기,속도계시험기,SHM-3K-B.SP,삼화기계시스템,사용,승인,3
검사기기,속도계시험기,DASAN-15TS-MS,(주)다산엠에스,사용,승인,15
검사기기,속도계시험기,TS-2017-15S,보림정밀,사용,승인,15
검사기기,속도계시험기,DBC--10BS,대본,사용,승인,10
검사기기,속도계시험기,DBC-10BS-4,대본,사용,승인,10
검사기기,속도계시험기,DSM-10-ST-2,두산기업,사용,승인,10
검사기기,속도계시험기,DBC-10BS-5,대본,사용,승인,10
검사기기,속도계시험기,DASAN-10T-HBS,(주)다산엠에스,사용,승인,
검사기기,속도계시험기,BSCT-300IT,케이아이엔티(주):구)한국이야사까,사용,승인,3
검사기기,속도계시험기,GH-10-SP,(주)지에취디자인,사용,승인,10
검사기기,속도계시험기,CHD-500DTS-S,케이아이엔티(주):구)한국이야사까,사용,승인,
검사기기,속도계시험기,DSMS-MCD-1000-S,(주)다산엠에스(공단),사용,승인,5.5
검사기기,속도계시험기,AUTO-BS-3T-B,(주)오토기기,사용,승인,3
검사기기,속도계시험기,DASAN-15TS-MS270,(주)다산엠에스(공단),사용,승인,15
검사기기,속도계시험기,DKM-15-BSTG,대광기계제작소,사용,승인,15
검사기기,속도계시험기,DASAN-MD-ASM-97-KR-HD-S,(주)다산엠에스(공단),사용,승인,10
검사기기,속도계시험기,DSM-10-BS2,두산기업,사용,승인,10
검사기기,속도계시험기,DSM-3-BS2,두산기업,사용,승인,3
검사기기,속도계시험기,DKM-3-BSTG,대광기계제작소,사용,승인,3
검사기기,속도계시험기,DSM-15-BS2 ,두산기업,사용,승인,15
검사기기,속도계시험기,BLBS-10-6,보림정밀,사용,승인,10
검사기기,속도계시험기,DKM-10-BSTG,대광기계제작소,사용,승인,10
검사기기,속도계시험기,KSMT-1500IT,케이아이엔티(주):구)한국이야사까,사용,승인,15
검사기기,속도계시험기,KSMT-1500ITS,케이아이엔티(주):구)한국이야사까,사용,승인,15
검사기기,속도계시험기,JBS-10B,(주)자스텍,사용,승인,10
검사기기,속도계시험기,GH-10-SP,(주)지에이취디자인,사용,승인,10
검사기기,속도계시험기,FRRT-DR,(주)포리코리아,사용,승인,10
검사기기,속도계시험기,BLBS-3-1,보림정밀,사용,승인,3
검사기기,속도계시험기,AUTO-HBS-10T-1,(주)오토기기,사용,승인,10
검사기기,속도계시험기,KSMT-300EV,케이아이엔티(주):구)한국이야사까,사용,승인,3
검사기기,속도계시험기,AUTO-S-18T,(주)오토기기,사용,승인,18
검사기기,속도계시험기,TPS Ⅱ,MAHA,사용,승인,15
검사기기,속도계시험기,AUTO-BS-15T-111,(주)오토기기,사용,승인,15
검사기기,속도계시험기,KSMT-1000ITS,케이아이엔티(주):구)한국이야사까,사용,승인,10
검사기기,속도계시험기,KSMT-500EV,케이아이엔티(주):구)한국이야사까,사용,승인,3
검사기기,속도계시험기,KSMT-1000EV,케이아이엔티(주):구)한국이야사까,사용,승인,10
검사기기,속도계시험기, SHM-3K-SP-1,삼화기계시스템,사용,승인,3
검사기기,속도계시험기,AUTO-HBS-15T,(주)오토기기,사용,승인,
검사기기,속도계시험기,DASAN-15BS-MS,(주)다산엠에스,사용,승인,15
검사기기,속도계시험기,BLBS-10-5,보림정밀,사용,승인,10
검사기기,속도계시험기,DASAN-15TS-MSA,(주)다산엠에스,사용,승인,15
검사기기,속도계시험기,KISMT-2130-R,케이아이엔티(주):구)한국이야사까,사용,승인,3
검사기기,속도계시험기,TS2020-S-3T,(주)오토기기,사용,승인,3
검사기기,속도계시험기,TS2020-S-18T,(주)오토기기,사용,승인,18
검사기기,속도계시험기,KISMT-10TATA,케이아이엔티(주):구)한국이야사까,사용,승인,10
검사기기,속도계시험기, SOM-3-B.SP-1,삼오시스템,사용,승인,3
검사기기,속도계시험기,AUTO-S-15T-D3,(주)오토기기,사용,승인,15
검사기기,속도계시험기,DKM-10-BBSTG,대광기계제작소,사용,승인,10
검사기기,속도계시험기,SHM-10K-SP-1,삼화기계시스템,사용,승인,10
검사기기,속도계시험기,DSM-3-BS1,두산기업,사용,승인,3
검사기기,속도계시험기,DSM-10-BS1,두산기업,사용,승인,10
검사기기,속도계시험기,AUTO-S-3T-DD,(주)오토기기,사용,승인,3
검사기기,속도계시험기,AG-RBT301,(주)에이앤지테크놀로지,사용,승인,10
검사기기,속도계시험기,AG-RT302,(주)에이앤지테크놀로지,사용,승인,
검사기기,속도계시험기,AG-RBT304,(주)에이앤지테크놀로지,사용,승인,
검사기기,속도계시험기,"SHM-15K-B,SP-1",삼화기계시스템,사용,승인,15
검사기기,속도계시험기,DSM-10-BSC,두산기업,사용,승인,10
검사기기,속도계시험기,DSM-3-BSC,두산기업,사용,승인,3
검사기기,속도계시험기,TS2021-S-18T,(주)오토기기,사용,승인,10
검사기기,속도계시험기,AG-RBT401,A&G 테크놀러지,사용,승인,
검사기기,속도계시험기,DKM-10-BSTC,대광기계제작소,사용,승인,10
검사기기,속도계시험기,KSMT-300ITS,케이아이엔티(주),사용,승인,3
검사기기,속도계시험기,BLBS-10-5-1,보림정밀,사용,승인,10
검사기기,속도계시험기,DASAN-15TS-MSA-216,(주)다산엠에스,사용,승인,15
검사기기,속도계시험기,TS-2022-15H-S,보림정밀,사용,승인,15
검사기기,속도계시험기,DSM-15-BSC,두산기업,사용,승인,15
검사기기,속도계시험기,SHM-10K-B.SP-1,삼화기계시스템,사용,승인,10
검사기기,속도계시험기,DSM-10-BS3,두산기업,사용,승인,10
검사기기,속도계시험기,AUTO-HBS-15T-11,(주)오토기기,사용,승인,15
검사기기,속도계시험기,BLS-15-1A,보림정밀,사용,승인,15
검사기기,속도계시험기,AUTO-BS-3T-B-W,(주)오토기기,사용,승인,3
검사기기,주행빔전조등시험기,AG_HLA001,AG,사용,승인,1
검사기기,주행빔전조등시험기,AG_HLA100,A&G,사용,승인,1
검사기기,주행빔전조등시험기,AH-1159,NISSAN ALTIA,사용,승인,1
검사기기,주행빔전조등시험기,AH-5120,NISSAN ALTIA,사용,승인,1
검사기기,주행빔전조등시험기,ALT-300,이야사카,사용,승인,3
검사기기,주행빔전조등시험기,ALT-305,케이아이엔티(주):구)한국이야사까,사용,승인,3
검사기기,주행빔전조등시험기,ALT-306,이야사까,사용,승인,
검사기기,주행빔전조등시험기,ALT-307,케이아이엔티(주):구)한국이야사까,사용,승인,3
검사기기,주행빔전조등시험기,ALT-307H,케이아이엔티(주):구)한국이야사까,사용,승인,3
검사기기,주행빔전조등시험기,AMC-300H,(주)자동기기,사용,승인,3
검사기기,주행빔전조등시험기,ATH-100,(주)오토기기,사용,승인,1
검사기기,주행빔전조등시험기,ATH-100-1,(주)오토기기,사용,승인,1
검사기기,주행빔전조등시험기,ATSE-H1,(주)한국비이피,사용,승인,1
검사기기,주행빔전조등시험기,AUTO-H300,(주)오토기기,사용,승인,3
검사기기,주행빔전조등시험기,AUTO-HL150,(주)오토기기,사용,승인,1.5
검사기기,주행빔전조등시험기,AUTO-HL150-11,(주)오토기기,사용,승인,1.5
검사기기,주행빔전조등시험기,AUTO-HT1001,(주)오토기기,사용,승인,1
검사기기,주행빔전조등시험기,AUTO-HT1001-1,(주)오토기기,사용,승인,1
검사기기,주행빔전조등시험기,DA-H-1000,동해&오토테크,사용,승인,1
검사기기,주행빔전조등시험기,DASAN-HT1000,(주)다산알앤디,사용,승인,1
검사기기,주행빔전조등시험기,DB-300HLT,대본,사용,승인,3
검사기기,주행빔전조등시험기,DB-300HLT-1,대본,사용,승인,3
검사기기,주행빔전조등시험기,DBC-101-AT-H,대본,사용,승인,3
검사기기,주행빔전조등시험기,DBC-120,대본제작소,사용,승인,1
검사기기,주행빔전조등시험기,DBC-150A,대본,사용,승인,15
검사기기,주행빔전조등시험기,DBC-150IN,대본제작소,사용,승인,3
검사기기,주행빔전조등시험기,DBC-2-H,대본제작소,사용,승인,3
검사기기,주행빔전조등시험기,DBC-300,대본제작소,사용,승인,3
검사기기,주행빔전조등시험기,DBC-300N,대본제작소,사용,승인,3
검사기기,주행빔전조등시험기,DBC-301,대본,사용,승인,3
검사기기,주행빔전조등시험기,DBC-800,대본제작소,사용,승인,3
검사기기,주행빔전조등시험기,DBC-800N,대본제작소,사용,승인,3
검사기기,주행빔전조등시험기,DBC-800T,대본,사용,승인,3
검사기기,주행빔전조등시험기,DFH-3000,(주)디펜스,사용,승인,3
검사기기,주행빔전조등시험기,DHE-1M,대한정비기기,사용,승인,1
검사기기,주행빔전조등시험기,DHT-500M,(주)다산알앤디,사용,승인,1
검사기기,주행빔전조등시험기,DHT-500MA,(주)다산알앤디,사용,승인,1
검사기기,주행빔전조등시험기,DKM-3000,대광기계제작소,사용,승인,3
검사기기,주행빔전조등시험기,DL-7H,대림기전,사용,승인,3
검사기기,주행빔전조등시험기,DL-H7,대림기전,사용,승인,3
검사기기,주행빔전조등시험기,DS-800,대본,사용,승인,3
검사기기,주행빔전조등시험기,DSM-300,두산기업,사용,승인,3
검사기기,주행빔전조등시험기,EH-1000RD,헤스넷AMS(주),사용,승인,1
검사기기,주행빔전조등시험기,FORI VISION,FORI AUTOMATION,사용,승인,1
검사기기,주행빔전조등시험기,FV-2002,(주)포리코리아,사용,승인,1
검사기기,주행빔전조등시험기,FV-2008DGT,(주)포리코리아,사용,승인,1
검사기기,주행빔전조등시험기,H-300,케이아이엔티(주):구)한국이야사까,사용,승인,3
검사기기,주행빔전조등시험기,H-300A,케이아이엔티(주):구)한국이야사까,사용,승인,3
검사기기,주행빔전조등시험기,H-300AN,케이아이엔티(주):구)한국이야사까,사용,승인,3
검사기기,주행빔전조등시험기,HELIOS-8000,(주)삼화기계,사용,승인,3
검사기기,주행빔전조등시험기,HH-550,헤스본,사용,승인,1
검사기기,주행빔전조등시험기,HH-570,헤스본,사용,승인,3
검사기기,주행빔전조등시험기,HKC-300,한국카텍,사용,승인,3
검사기기,주행빔전조등시험기,HL-1000,케이아이엔티(주):구)한국이야사까,사용,승인,1
검사기기,주행빔전조등시험기,HL-1200,케이아이엔티(주):구)한국이야사까,사용,승인,1
검사기기,주행빔전조등시험기,HL-1200S,케이아이엔티(주):구)한국이야사까,사용,승인,1
검사기기,주행빔전조등시험기,HL-3001D,케이아이엔티(주):구)한국이야사까,사용,승인,3
검사기기,주행빔전조등시험기,HL-3033,ANZEN,사용,승인,3
검사기기,주행빔전조등시험기,HL-303A,안전,사용,승인,3
검사기기,주행빔전조등시험기,HL-8CD,한진기계(주),사용,승인,3
검사기기,주행빔전조등시험기,HLA,비이피,사용,승인,1
검사기기,주행빔전조등시험기,HLT-100,케이아이엔티(주):구)한국이야사까,사용,승인,1
검사기기,주행빔전조등시험기,HLT-1000,케이아이엔티(주):구)한국이야사까,사용,승인,1
검사기기,주행빔전조등시험기,HLT-1100,케이아이엔티(주):구)한국이야사까,사용,승인,1
검사기기,주행빔전조등시험기,HLT-120,케이아이엔티(주):구)한국이야사까,사용,승인,1
검사기기,주행빔전조등시험기,HLT-3,케이아이엔티(주):구)한국이야사까,사용,승인,3
검사기기,주행빔전조등시험기,HLT-3001D,케이아이엔티(주):구)한국이야사까,사용,승인,3
검사기기,주행빔전조등시험기,HLT-300A,케이아이엔티(주):구)한국이야사까,사용,승인,3
검사기기,주행빔전조등시험기,HLT-3S,TOAKOKI,사용,승인,3
검사기기,주행빔전조등시험기,HLT-500A,(주)헤스본,사용,승인,1
검사기기,주행빔전조등시험기,HLT-800D,케이아이엔티(주):구)한국이야사까,사용,승인,3
검사기기,주행빔전조등시험기,HLT-800D-1,케이아이엔티(주):구)한국이야사까,사용,승인,3
검사기기,주행빔전조등시험기,HT-100,BANZAI,사용,승인,1
검사기기,주행빔전조등시험기,HT-300,대본제작소,사용,승인,3
검사기기,주행빔전조등시험기,HT-500,BANZAI,사용,승인,3
검사기기,주행빔전조등시험기,HT-800D-1,케이아이엔티(주):구)한국이야사까,사용,승인,3
검사기기,주행빔전조등시험기,HTL-3S,TOAKOKI,사용,승인,3
검사기기,주행빔전조등시험기,HYC-300,(주)삼화기계,사용,승인,3
검사기기,주행빔전조등시험기,IM-2653,NISSALCO,사용,승인,3
검사기기,주행빔전조등시험기,IM-2720,삼미전자,사용,승인,3
검사기기,주행빔전조등시험기,JHT-1000FA,(주)자스텍,사용,승인,1
검사기기,주행빔전조등시험기,JHT-500HA,(주)자스텍,사용,승인,1
검사기기,주행빔전조등시험기,JHT-500HA-T,(주)자스텍,사용,승인,1
검사기기,주행빔전조등시험기,JHT-500M,(주)자스텍,사용,승인,1
검사기기,주행빔전조등시험기,KHL-120,케이아이엔티(주):구)한국이야사까,사용,승인,1
검사기기,주행빔전조등시험기,KHL-620,케이아이엔티(주):구)한국이야사까,사용,승인,1
검사기기,주행빔전조등시험기,KHL-820,케이아이엔티(주):구)한국이야사까,사용,승인,1
검사기기,주행빔전조등시험기,KHL-820M,케이아이엔티(주):구)한국이야사까,사용,승인,1
검사기기,주행빔전조등시험기,MQD-3B,(주)다산엠에스,사용,승인,1
검사기기,주행빔전조등시험기,MQD-3B-1,(주)다산엠에스,사용,승인,1
검사기기,주행빔전조등시험기,MQD-3B-A,(주)다산알앤디,사용,승인,1
검사기기,주행빔전조등시험기,OPI-410,광전자정밀,사용,승인,1
검사기기,주행빔전조등시험기,QD-100,(주)오토기기,사용,승인,1
검사기기,주행빔전조등시험기,QD-300,Nanhua,사용,승인,3
검사기기,주행빔전조등시험기,SHC-100,삼화제작소,사용,승인,1
검사기기,주행빔전조등시험기,SHC-300,삼화기계,사용,승인,3
검사기기,주행빔전조등시험기,SHC-3000,삼화기계,사용,승인,3
검사기기,주행빔전조등시험기,SHC-301,삼화제작소,사용,승인,3
검사기기,주행빔전조등시험기,SHM-3000,(주)삼화기계,사용,승인,3
검사기기,주행빔전조등시험기,SHM-3001,삼화기계시스템,사용,승인,3
검사기기,주행빔전조등시험기,SHM-3005,(주)삼화기계,사용,승인,3
검사기기,주행빔전조등시험기,SHM-3010,삼화기계시스템,사용,승인,3
검사기기,주행빔전조등시험기,SHT-3000,(주)삼화기계,사용,승인,3
검사기기,주행빔전조등시험기,SJC-LI-10,(주)산전전자,사용,승인,3
검사기기,주행빔전조등시험기,SM-11,삼미,사용,승인,3
검사기기,주행빔전조등시험기,SM-1100,삼미전자,사용,승인,3
검사기기,주행빔전조등시험기,SM-245-A,삼미,사용,승인,
검사기기,주행빔전조등시험기,SOM-300,삼오시스템,사용,승인,3
검사기기,주행빔전조등시험기,SSC-300,SHIN SUNG,사용,승인,3
검사기기,주행빔전조등시험기,TBA-H1000,동보,사용,승인,1
검사기기,주행빔전조등시험기,TBE-H1000,동보,사용,승인,1
검사기기,주행빔전조등시험기,TBE-HT-3000-D2, 동보,사용,승인,3
검사기기,주행빔전조등시험기,TBE-HT1000,동보ENG,사용,승인,1
검사기기,주행빔전조등시험기,TBE-HT3000-D2,동보ENG,사용,승인,3
검사기기,주행빔전조등시험기,THL-3S,동아공기,사용,승인,3
검사기기,주행빔전조등시험기,THT-1000SA,(주)트리니언테크,사용,승인,1
검사기기,주행빔전조등시험기,TSHL-3,토신인터내쇼날,사용,승인,3
검사기기,주행빔전조등시험기,UHT-1000R,유토테크,사용,승인,1
검사기기,주행빔전조등시험기,HT-300,BANZAI,사용,승인,3
검사기기,주행빔전조등시험기,HLT-800IT,케이아이엔티(주):구)한국이야사까,사용,승인,3
검사기기,주행빔전조등시험기,AG_HLA101,A&G,사용,승인,1
검사기기,주행빔전조등시험기,DSM-300,두산기업(신청),사용,승인,3
검사기기,주행빔전조등시험기,JHT-1000FA-D,(주)자스텍(예비 5),사용,승인,1
검사기기,주행빔전조등시험기,HL-B1000,블루아이,사용,승인,1
검사기기,주행빔전조등시험기,KEH-3000S,(주)코엔지,사용,승인,3
검사기기,주행빔전조등시험기,AUTO-HL150-H,(주)오토기기,사용,승인,1.5
검사기기,주행빔전조등시험기,HLH-B2000,블루아이,사용,승인,1M
검사기기,주행빔전조등시험기,BLH-B2000,블루아이,사용,승인,1
검사기기,주행빔전조등시험기,SHM-10000,삼화기계시스템,사용,승인,1
검사기기,주행빔전조등시험기,NHD-8000,,사용,승인,
검사기기,주행빔전조등시험기,KHT-1000FA,케이아이엔티(주):구)한국이야사까,사용,승인,1
검사기기,주행빔전조등시험기,MQD-3B-P-2,(주)다산알앤디,사용,승인,1
검사기기,주행빔전조등시험기,SHM-3030,삼화기계시스템,사용,승인,3
검사기기,주행빔전조등시험기,JHT-500HA-2,(주)자스텍,사용,승인,1
검사기기,주행빔전조등시험기,BKC-5500,부광엔지니어링,사용,승인,3M
검사기기,주행빔전조등시험기,SHM-5001,삼화기계시스템,사용,승인,1.5
검사기기,주행빔전조등시험기,SHM-3031,삼화기계시스템,사용,승인,1.5
검사기기,주행빔전조등시험기,HL-300D,한진기계(주),사용,승인,3
검사기기,주행빔전조등시험기,HLT-1000IT,케이아이엔티(주):구)한국이야사까,사용,승인,1
검사기기,주행빔전조등시험기,JHT-1000CA,(주)자스텍,사용,승인,1
검사기기,주행빔전조등시험기,JPH-7000,썸데이스프링,사용,승인,1
검사기기,주행빔전조등시험기,MQD-3B-P,(주)다산알앤디,사용,승인,1
검사기기,주행빔전조등시험기,JHT-500HA-N,(주)자스텍,사용,승인,1M
검사기기,주행빔전조등시험기,JHT-500HA-N-D,(자)자스텍,사용,승인,1
검사기기,주행빔전조등시험기,HLH-B2000-1,블루아이,사용,승인,1M
검사기기,주행빔전조등시험기,JPH-7000,블루아이,사용,승인,1
검사기기,주행빔전조등시험기,JPH-7000-1,블루아이,사용,승인,1
검사기기,주행빔전조등시험기,HLT-1500K,케이아이엔티(주):구)한국이야사까,사용,승인,1M
검사기기,주행빔전조등시험기,JPH-7000-2,블루아이,사용,승인,1M
검사기기,주행빔전조등시험기,JHT-500HA-N-1,(자)자스텍,사용,승인,1
검사기기,주행빔전조등시험기,HJM-300H,한진기계(주),사용,승인,3
검사기기,주행빔전조등시험기,MQD-3B-P-1,(주)다산엠에스,사용,승인,1
검사기기,주행빔전조등시험기,7130,한국비이피,사용,승인,1
검사기기,주행빔전조등시험기,HLT-1500KTS,케이아이엔티(주):구)한국이야사까,사용,승인,1M
검사기기,주행빔전조등시험기,DKM-3001,대광기계제작소,사용,승인,3
검사기기,주행빔전조등시험기,MS-LI-10,(주)명성기기,사용,승인,3
검사기기,주행빔전조등시험기,HLT-125,케이아이엔티(주):구)한국이야사까,사용,승인,1
검사기기,주행빔전조등시험기,HLT-1000ITS,케이아이엔티(주):구)한국이야사까,사용,승인,1
검사기기,주행빔전조등시험기,JPH-7000-2,썸데이스프링,사용,승인,1
검사기기,주행빔전조등시험기,JPH-7000-3,썸데이스프링,사용,승인,1
검사기기,주행빔전조등시험기,MQD-3B-P-2,(주)다산엠에스,사용,승인,1
검사기기,주행빔전조등시험기,JHT-500HA-1,(주)자스텍,사용,승인,1M
검사기기,주행빔전조등시험기,DASAN-10TH,(주)다산알앤디,사용,승인,1
검사기기,주행빔전조등시험기,QD-100,(주)오토기기,사용,승인,1
검사기기,주행빔전조등시험기,SBHT-1000R,(주)비앤에스,사용,승인,1
검사기기,주행빔전조등시험기,EH-1000R,헤스넷AMS(주),사용,승인,1
검사기기,주행빔전조등시험기,DSM-7000,두산기업,사용,승인,1
검사기기,주행빔전조등시험기,TS-2020-TEST,한국교통안전공단,사용,승인,
검사기기,주행빔전조등시험기,JHT-500HA-D,(주)자스텍,사용,승인,1
검사기기,주행빔전조등시험기,JHT-1000CA,(주)자스텍,사용,승인,1M
검사기기,주행빔전조등시험기,QLT-801,큐로테크(주),사용,승인,1
검사기기,주행빔전조등시험기,MQD-3B-P,(주)다산엠에스(공단),사용,승인,1M
검사기기,주행빔전조등시험기,JHT-1000FA-N,(주)자스텍,사용,승인,1
검사기기,주행빔전조등시험기,AG-DF100,(주)에이앤지테크놀로지,사용,승인,1
검사기기,주행빔전조등시험기,KHL-1500K,케이아이엔티(주):구)한국이야사까,사용,승인,
검사기기,주행빔전조등시험기,GH4000,(주)지에취디자인,사용,승인,3
검사기기,주행빔전조등시험기,DF_HLA100,A&G 테크놀러지,사용,승인,1
검사기기,주행빔전조등시험기,GH5000,(주)지에이취디자인,사용,승인,1
검사기기,주행빔전조등시험기,MLT 3000,MAHA,사용,승인,0.5
검사기기,주행빔전조등시험기,TS-AH,(주)오토기기,사용,승인,1
검사기기,주행빔전조등시험기,DMS-8000,(주)다산엠에스,사용,승인,1
검사기기,주행빔전조등시험기,KHL-1500K1,케이아이엔티(주):구)한국이야사까,사용,승인,1
검사기기,주행빔전조등시험기,SHM-1000,삼화기계시스템,사용,승인,1
검사기기,주행빔전조등시험기,FV-2018HDGT,(주)포리코리아,사용,승인,1
검사기기,주행빔전조등시험기,TS-AH,한국교통안전공단,사용,승인,1
검사기기,주행빔전조등시험기,JHT-500CA,(주)자스텍,사용,승인,1
검사기기,주행빔전조등시험기,KS200LT,(주)케이에스알앤디,사용,승인,1
검사기기,주행빔전조등시험기,VHT1000M,(주)오토기기,사용,승인,1
검사기기,주행빔전조등시험기,KS200HT,(주)케이에스알앤디,사용,승인,
검사기기,주행빔전조등시험기,KIHLT-1700S,케이아이엔티(주):구)한국이야사까,사용,승인,1
검사기기,주행빔전조등시험기,KIHLT-1700,케이아이엔티(주):구)한국이야사까,사용,승인,1
검사기기,주행빔전조등시험기,DMS-8200,(주)다산엠에스,사용,승인,1
검사기기,주행빔전조등시험기,VHT1000M-1,(주)오토기기,사용,승인,
검사기기,주행빔전조등시험기,SHC-300,삼화제작소,사용,승인,3
검사기기,주행빔전조등시험기,VHT1000M-2,㈜오토기기,사용,승인,
검사기기,주행빔전조등시험기,JPH-8000,썸데이스프링,사용,승인,
검사기기,주행빔전조등시험기,LTS-80,엘티에스오토,사용,승인,1
검사기기,주행빔전조등시험기,VHT1000-M,(주)오토기기,사용,승인,
검사기기,주행빔전조등시험기,JHT-500CA-1,(주)자스텍,사용,승인,1
검사기기,주행빔전조등시험기,VHT1000M-3,(주)오토기기,사용,승인,
검사기기,주행빔전조등시험기,FV-2018HDGT[G],(주)포리코리아,사용,승인,1
검사기기,주행빔전조등시험기,DMS-8200-1,(주)다산알앤디,사용,승인,
검사기기,주행빔전조등시험기,DMS-8200-2,(주)다산알앤디,사용,승인,
검사기기,주행빔전조등시험기,JHT-500CA-4,(주)자스텍,사용,승인,
검사기기,주행빔전조등시험기,KS200LT-S,(주)케이에스알앤디,사용,승인,1
검사기기,주행빔전조등시험기,JHT-500CA-N-1,(주)자스텍,사용,승인,
검사기기,주행빔전조등시험기,HLT-1500KS,케이아이엔티(주),사용,승인,1
검사기기,주행빔전조등시험기,LTS-80-1,엘티에스오토,사용,승인,
검사기기,주행빔전조등시험기,AG-DM100,(주)에이앤지테크놀로지,사용,승인,1
검사기기,주행빔전조등시험기,AG-DF100L,(주)에이앤지테크놀로지,사용,승인,1
검사기기,주행빔전조등시험기,JHT-500CA-N,(주)자스텍,사용,승인,
검사기기,주행빔전조등시험기,AG-DM200,A&G 테크놀러지,사용,승인,
검사기기,주행빔전조등시험기,TLS-70H,태신,사용,승인,
검사기기,주행빔전조등시험기,TLS-80H,태신,사용,승인,
검사기기,주행빔전조등시험기,VHT1000M-4,(주)오토기기,사용,승인,
검사기기,택시미터주행검사기,ATC-315-TX,대본,사용,승인,
검사기기,택시미터주행검사기,ATC-315-TXA,대본,사용,승인,
검사기기,택시미터주행검사기,ATC-315TX,대본,사용,승인,
검사기기,택시미터주행검사기,ATC315-TX,대본,사용,승인,
검사기기,택시미터주행검사기,ATC315-TXA,대본제작소,사용,승인,
검사기기,택시미터주행검사기,AUTO-TAX,(주)오토기기,사용,승인,
검사기기,택시미터주행검사기,AUTO-TAX-1,(주)오토기기,사용,승인,
검사기기,택시미터주행검사기,BKMT-7700,부광엔지니어링,사용,승인,
검사기기,택시미터주행검사기,CT-2,중앙산전,사용,승인,
검사기기,택시미터주행검사기,DIM-T,(주)다산알앤디,사용,승인,
검사기기,택시미터주행검사기,HH-88,한국무선통신(주),사용,승인,
검사기기,택시미터주행검사기,HH-88A,한국무선통신(주),사용,승인,
검사기기,택시미터주행검사기,JTM-10,(주)자스텍,사용,승인,
검사기기,택시미터주행검사기,JTM-12,(주)자스텍,사용,승인,
검사기기,택시미터주행검사기,JTM-15,(주)자스텍,사용,승인,
검사기기,택시미터주행검사기,KOTSA-2003T,한국교통안전공단,사용,승인,
검사기기,택시미터주행검사기,KOTSA-2007,한국교통안전공단,사용,승인,
검사기기,택시미터주행검사기,KOTSA-2007T,한국교통안전공단,사용,승인,
검사기기,택시미터주행검사기,KOTSA2008-016,한국교통안전공단,사용,승인,
검사기기,택시미터주행검사기,MUT-T,(주)뮤추얼텍,사용,승인,
검사기기,택시미터주행검사기,SHM-9000,삼화기계,사용,승인,
검사기기,택시미터주행검사기,TM-2000,주남산업,사용,승인,
검사기기,택시미터주행검사기,TM-2004,대광기계제작소,사용,승인,
검사기기,택시미터주행검사기,TM-808,매일엔지니어링,사용,승인,
검사기기,택시미터주행검사기,TMT-21C,케이아이엔티(주):구)한국이야사까,사용,승인,
검사기기,택시미터주행검사기,TMT-21C,케이아이엔티(주):구)한국이야사까,사용,승인,
검사기기,택시미터주행검사기,VT-0001,빅텔전자,사용,승인,
검사기기,택시미터주행검사기,WM200-TX,우미스스템,사용,승인,
검사기기,택시미터주행검사기,WM2000-TX,우미시스템,사용,승인,
검사기기,택시미터주행검사기,TS-2016-15T,보림정밀,사용,승인,15
검사기기,택시미터주행검사기,DIM-T,(주)다산엠에스(공단),사용,승인,
검사기기,택시미터주행검사기,AVIS-TAX-1,(주)오토기기,사용,승인,
검사기기,택시미터주행검사기,AVISTS-TAX-1,(주)오토기기,사용,승인,
검사기기,택시미터주행검사기,TS SYSTEM-T,한국교통안전공단,사용,승인,
검사기기,택시미터주행검사기,DIM-T,(주)다산엠에스,사용,승인,
검사기기,택시미터주행검사기,TS2020-TAX,(주)오토기기,사용,승인,
검사기기,택시미터주행검사기,KOTSA-2020T,한국교통안전공단,사용,승인,
검사기기,택시미터주행검사기,TS-2022-15H-T,보림정밀,사용,승인,
검사기기,택시미터주행검사기,UVIS-TAX,(주)오토기기,사용,승인,
검사기기,가스누출감지기,FM-1E,KOMYO,사용,승인,
검사기기,가스누출감지기,FM-1F,KOMYO,사용,승인,
검사기기,가스누출감지기,FM-P508,(주)동과정기,사용,승인,
검사기기,가스누출감지기,FMP-508,(주)동과정기,사용,승인,
검사기기,가스누출감지기,GC-701S,가스데코(주),사용,승인,
검사기기,가스누출감지기,GC-703D,가스테코(주),사용,승인,
검사기기,가스누출감지기,GC-703S,가스데코(주),사용,승인,
검사기기,가스누출감지기,GC-704S,가스데코(주),사용,승인,
검사기기,가스누출감지기,GDC-101,가스테코(주),사용,승인,
검사기기,가스누출감지기,JB-203SL,제이앤비전자,사용,승인,
검사기기,가스누출감지기,JB-304D,제이앤비,사용,승인,
검사기기,가스누출감지기,MR-300,(주)미리코,사용,승인,
검사기기,가스누출감지기,MR-501,(주)미리코,사용,승인,
검사기기,가스누출감지기,MR-501S,(주)미리코,사용,승인,
검사기기,가스누출감지기,MR-501Sid,(주)미리코,사용,승인,
검사기기,가스누출감지기,MR-505Sid,(주)미리코,사용,승인,
검사기기,가스누출감지기,SH-808,성화전자,사용,승인,
검사기기,가스누출감지기,XP-305,COSMOS,사용,승인,
검사기기,가스누출감지기,XP-3110,코스모스,사용,승인,
검사기기,가스누출감지기,XP-311A,코스모스,사용,승인,
검사기기,가스누출감지기,XP-311αA,COSMOS,사용,승인,
검사기기,가스누출감지기,XP-3160(cng),COSMOS,사용,승인,
검사기기,가스누출감지기,XP-331,코스모스,사용,승인,
검사기기,가스누출감지기,XP-702,COSMOS,사용,승인,
검사기기,가스누출감지기,XP-702ⅡZ-A(S),COSMOS,사용,승인,
검사기기,가스누출감지기,XP-702IIZ-A(S),코스모스,사용,승인,
검사기기,가스누출감지기,XP-702ⅡZ-A(S),신코스모스전기(주),사용,승인,
검사기기,가스누출감지기,YOOLIMAX-701S,가스데코(주),사용,승인,
검사기기,가스누출감지기,YOOLIMAX-703D,개코전자,사용,승인,
검사기기,가스누출감지기,MR-505Sid,(주)미리코,사용,승인,
검사기기,가스누출감지기,XP-702ⅢZ-A(S),코스모스,사용,승인,
검사기기,가스누출감지기,SP secure,SENKO,사용,승인,
검사기기,가스누출감지기,XP-702Ⅲ-A(S),코스모스,사용,승인,
검사기기,가스누출감지기,MR-505sid,(주)미리코,사용,승인,
검사기기,가스누출감지기,MR-505Sid,(주)미리코,사용,승인,
검사기기,가스누출감지기,XP-702IIZT,COSMOS,사용,승인,
검사기기,가스누출감지기,TS-2020-TEST,한국교통안전공단,사용,승인,
검사기기,가스누출감지기,MR-505,(주)미리코,사용,승인,
검사기기,가스누출감지기,MR-350,(주)미리코,사용,승인,
검사기기,가스누출감지기,QRAE 3,RAE Systems,사용,승인,
검사기기,가스누출감지기,JB-350CT,제이앤비전자,사용,승인,
검사기기,가스누출감지기,XP-3160(수소),코스모스,사용,승인,
검사기기,가스누출감지기,XP-3140(수소),코스모스,사용,승인,
검사기기,가스누출감지기,JB-330U,제이앤비전자,사용,승인,
검사기기,가스누출감지기,XP-702Ⅲ-A(S)(H2),코스모스,사용,승인,
검사기기,가스누출감지기,XP-702Ⅲ-A(S)(H2+CNG),코스모스,사용,승인,
검사기기,가스누출감지기,XP-702Ⅲ-A(S)(H2+LPG],코스모스,사용,승인,
검사기기,가스누출감지기,XP-702Ⅲ-A(S)(CNG),코스모스,사용,승인,
검사기기,가스누출감지기,SP secure,(주)SENKO,사용,승인,
검사기기,가스누출감지기,MR-505SH,(주)미리코,사용,승인,
검사기기,가스누출감지기,XP-3360Ⅱ,코스모스,사용,승인,
검사기기,가스누출감지기,XP-702Ⅲ-B(S),코스모스,사용,승인,
검사기기,가스누출감지기,SNOOPER mini,쉐버린(SEWERIN),사용,승인,
검사기기,가스누출감지기,MR-505H,(주)미리코,사용,승인,
검사기기,변환빔전조등시험기,KS200LT,(주)케이에스알앤디,사용,승인,1
검사기기,변환빔전조등시험기,TS-AH,(주)오토기기,사용,승인,1
검사기기,변환빔전조등시험기,DMS-8000-L,(주)다산엠에스,사용,승인,
검사기기,변환빔전조등시험기,JHT-500CA,(주)자스텍,사용,승인,1
검사기기,변환빔전조등시험기,KIHLT-1700S,케이아이엔티(주):구)한국이야사까,사용,승인,
검사기기,변환빔전조등시험기,HLT-1000ITS,케이아이엔티(주):구)한국이야사까,사용,승인,1
검사기기,변환빔전조등시험기,VHT1000M,(주)오토기기,사용,승인,1
검사기기,변환빔전조등시험기,JHT-500HA-N,(주)자스텍,사용,승인,1
검사기기,변환빔전조등시험기,KIHLT-1700,케이아이엔티(주):구)한국이야사까,사용,승인,
검사기기,변환빔전조등시험기,DMS-8200,(주)다산엠에스,사용,승인,
검사기기,변환빔전조등시험기,VHT1000M-1,(주)오토기기,사용,승인,
검사기기,변환빔전조등시험기,HLT-1500KTS,케이아이엔티(주):구)한국이야사까,사용,승인,1M
검사기기,변환빔전조등시험기,VHT1000M-2,㈜오토기기,사용,승인,
검사기기,변환빔전조등시험기,JPH-8000,썸데이스프링,사용,승인,
검사기기,변환빔전조등시험기,LTS-80,엘티에스오토,사용,승인,1
검사기기,변환빔전조등시험기,VHT1000-M,(주)오토기기,사용,승인,
검사기기,변환빔전조등시험기,JHT-500HA,(주)자스텍,사용,승인,1
검사기기,변환빔전조등시험기,JHT-500CA-1,(주)자스텍,사용,승인,1
검사기기,변환빔전조등시험기,VHT1000M-3,(주)오토기기,사용,승인,
검사기기,변환빔전조등시험기,JHT-500CA-2,(주)자스텍,사용,승인,
검사기기,변환빔전조등시험기,MLT 3000,MAHA,사용,승인,
검사기기,변환빔전조등시험기,JHT-500HA-N-1,(주)자스텍,사용,승인,
검사기기,변환빔전조등시험기,DMS-8200-1,(주)다산알앤디,사용,승인,
검사기기,변환빔전조등시험기,DMS-8200-2,(주)다산알앤디,사용,승인,
검사기기,변환빔전조등시험기,DMS-8200-3,(주)다산엠에스,사용,승인,
검사기기,변환빔전조등시험기,JHT-500CA-4,(주)자스텍,사용,승인,
검사기기,변환빔전조등시험기,KS200LT-S,(주)케이에스알앤디,사용,승인,1
검사기기,변환빔전조등시험기,JHT-500CA-N,(주)자스텍,사용,승인,1
검사기기,변환빔전조등시험기,JHT-500CA-N-1,(주)자스텍,사용,승인,
검사기기,변환빔전조등시험기,JHT-500CA-N-3,(주)자스텍,사용,승인,1
검사기기,변환빔전조등시험기,HLT-1500KS,케이아이엔티(주),사용,승인,1
검사기기,변환빔전조등시험기,LTS-80-1,엘티에스오토,사용,승인,1
검사기기,변환빔전조등시험기,AG-DM100,(주)에이앤지테크놀로지,사용,승인,1
검사기기,변환빔전조등시험기,TS-MH-01,한국교통안전공단,사용,승인,1
검사기기,변환빔전조등시험기,ELS-80,(주)이엘솔루션,사용,승인,1
검사기기,변환빔전조등시험기,KS1000LT,(주)케이에스알앤디,사용,승인,
검사기기,변환빔전조등시험기,TS-AH-1,(주)오토기기,사용,승인,1
검사기기,변환빔전조등시험기,SHM-2000,삼화기계시스템,사용,승인,1
검사기기,변환빔전조등시험기,TS-MH-02,한국교통안전공단,사용,승인,1
검사기기,변환빔전조등시험기,JDH1000LT,주식회사 정도,사용,승인,1
검사기기,변환빔전조등시험기,JIT200-LT,(주)정인텍,사용,승인,1
검사기기,변환빔전조등시험기,TLS-70L,태신,사용,승인,
검사기기,변환빔전조등시험기,TLS-80L,태신,사용,승인,
검사기기,변환빔전조등시험기,JHT-500CA-N-2,(주)자스텍,사용,승인,
검사기기,변환빔전조등시험기,TS-AH-02,(주)오토기기,사용,승인,
검사기기,변환빔전조등시험기,VHT1000M-4,(주)오토기기,사용,승인,
