검사장비ID,기기명,형식ID,업체ID,유효기간,제작번호,수량,장비상태코드,사용여부,시스템등록일시,시스템변경일시,시작일,종료일
0000000001,매연측정기와 그 부속기기 - 광투과식 -,0000006182,V00967,1,100807,1,폐기,예,2025-04-29 12:29:18,2025-04-29 12:44:19,2025-04-29 12:29:18,2025-04-29 12:44:19
0000000002,공기과잉률 측정기와 그 부속기기,0000003179,V00967,1,11006283,0,폐기,예,2025-04-29 12:30:41,2025-04-29 12:45:39,2025-04-29 12:30:41,2025-04-29 12:45:39
0000000003,공기과잉률 측정기와 그 부속기기,0000003179,V00967,1,11006166,0,폐기,예,2025-04-29 12:31:31,2025-04-29 12:45:24,2025-04-29 12:31:31,2025-04-29 12:45:24
0000000004,매연측정기와 그 부속기기 - 광투과식 -,0000003587,V00967,1,100831,0,폐기,예,2025-04-29 12:32:07,2025-04-29 12:45:09,2025-04-29 12:32:07,2025-04-29 12:45:09
0000000005,매연측정기와 그 부속기기 - 광투과식 -,0000003587,V00967,1,1011022,0,폐기,예,2025-04-29 12:33:02,2025-04-29 12:44:53,2025-04-29 12:33:02,2025-04-29 12:44:53
0000000006,공기과잉률 측정기와 그 부속기기,0000003179,V00967,1,11205016,0,폐기,예,2025-04-29 12:33:47,2025-04-29 12:44:37,2025-04-29 12:33:47,2025-04-29 12:44:37
0000000006,공기과잉률 측정기와 그 부속기기,0000003179,V00967,1,11205016,0,대기,예,2025-04-29 12:33:47,2025-04-29 12:48:45,2025-04-29 12:44:37,2025-04-29 12:48:45
0000000005,매연측정기와 그 부속기기 - 광투과식 -,0000003587,V00967,1,1011022,0,대기,예,2025-04-29 12:33:02,2025-04-29 12:48:32,2025-04-29 12:44:53,2025-04-29 12:48:32
0000000002,공기과잉률 측정기와 그 부속기기,0000003179,V00967,1,11006283,0,대기,예,2025-04-29 12:30:41,2025-04-29 12:47:19,2025-04-29 12:45:39,2025-04-29 12:47:19
0000000001,매연측정기와 그 부속기기 - 광투과식 -,0000006182,V00967,1,100807,1,대기,예,2025-04-29 12:29:18,2025-04-29 12:46:59,2025-04-29 12:44:19,2025-04-29 12:46:59
0000000004,매연측정기와 그 부속기기 - 광투과식 -,0000003587,V00967,1,100831,0,대기,예,2025-04-29 12:32:07,2025-04-29 12:48:09,2025-04-29 12:45:09,2025-04-29 12:48:09
0000000003,공기과잉률 측정기와 그 부속기기,0000003179,V00967,1,11006166,0,대기,예,2025-04-29 12:31:31,2025-04-29 12:47:52,2025-04-29 12:45:24,2025-04-29 12:47:52
