자격구분코드,시행년도,시행구분코드,시험회차,시험구분코드,면허종류코드,과목코드,과목별평균점수,세부과목코드
철도운전면허,2025,CBT(임시),1,필기,제2종 전기차량 운전면허,철도관련법,77.87,철도관련법
철도운전면허,2025,CBT(임시),1,필기,제2종 전기차량 운전면허,철도시스템 일반,65.74,도시철도시스템일반
철도운전면허,2025,CBT(임시),1,필기,제2종 전기차량 운전면허,차량의 구조 및 기능,71.56,전기동차 구조및 기능
철도운전면허,2025,CBT(임시),1,필기,제2종 전기차량 운전면허,운전이론 일반,73.75,운전이론일반
철도운전면허,2025,CBT(임시),1,필기,제2종 전기차량 운전면허,비상시 조치 등,70.52,비상시 조치
철도운전면허,2025,CBT(임시),2,필기,제2종 전기차량 운전면허,철도관련법,74.47,철도관련법
철도운전면허,2025,CBT(임시),2,필기,제2종 전기차량 운전면허,철도시스템 일반,65.08,도시철도시스템일반
철도운전면허,2025,CBT(임시),2,필기,제2종 전기차량 운전면허,차량의 구조 및 기능,70.70,전기동차 구조및 기능
철도운전면허,2025,CBT(임시),2,필기,제2종 전기차량 운전면허,운전이론 일반,70.44,운전이론일반
철도운전면허,2025,CBT(임시),2,필기,제2종 전기차량 운전면허,비상시 조치 등,67.35,비상시 조치
철도운전면허,2025,CBT(임시),3,필기,제2종 전기차량 운전면허,철도관련법,75.29,철도관련법
철도운전면허,2025,CBT(임시),3,필기,제2종 전기차량 운전면허,철도시스템 일반,64.95,도시철도시스템일반
철도운전면허,2025,CBT(임시),3,필기,제2종 전기차량 운전면허,차량의 구조 및 기능,73.93,전기동차 구조및 기능
철도운전면허,2025,CBT(임시),3,필기,제2종 전기차량 운전면허,운전이론 일반,66.90,운전이론일반
철도운전면허,2025,CBT(임시),3,필기,제2종 전기차량 운전면허,비상시 조치 등,61.57,비상시 조치
철도운전면허,2025,CBT(임시),4,필기,제2종 전기차량 운전면허,철도관련법,70.31,철도관련법
철도운전면허,2025,CBT(임시),4,필기,제2종 전기차량 운전면허,철도시스템 일반,60.75,도시철도시스템일반
철도운전면허,2025,CBT(임시),4,필기,제2종 전기차량 운전면허,차량의 구조 및 기능,68.38,전기동차 구조및 기능
철도운전면허,2025,CBT(임시),4,필기,제2종 전기차량 운전면허,운전이론 일반,59.35,운전이론일반
철도운전면허,2025,CBT(임시),4,필기,제2종 전기차량 운전면허,비상시 조치 등,57.41,비상시 조치
철도운전면허,2025,CBT(임시),5,필기,디젤차량 운전면허,철도관련법,61.77,철도관련법
철도운전면허,2025,CBT(임시),5,필기,디젤차량 운전면허,철도시스템 일반,58.72,철도시스템일반
철도운전면허,2025,CBT(임시),5,필기,디젤차량 운전면허,차량의 구조 및 기능,56.15,디젤차량의 구조및 기능
철도운전면허,2025,CBT(임시),5,필기,디젤차량 운전면허,운전이론 일반,54.33,운전이론일반
철도운전면허,2025,CBT(임시),5,필기,디젤차량 운전면허,비상시 조치 등,59.67,비상시 조치
철도운전면허,2025,CBT(임시),5,필기,철도장비 운전면허,철도관련법,56.88,철도관련법
철도운전면허,2025,CBT(임시),5,필기,철도장비 운전면허,철도시스템 일반,55.00,철도시스템일반
철도운전면허,2025,CBT(임시),5,필기,철도장비 운전면허,차량의 구조 및 기능,59.22,기계장비의 구조및 기능
철도운전면허,2025,CBT(임시),5,필기,철도장비 운전면허,비상시 조치 등,74.69,비상시 조치
철도운전면허,2025,CBT(임시),6,필기,고속철도차량 운전면허,철도관련법,63.57,고속철도운전관련규정
철도운전면허,2025,CBT(임시),6,필기,고속철도차량 운전면허,철도시스템 일반,65.71,고속철도시스템일반
철도운전면허,2025,CBT(임시),6,필기,고속철도차량 운전면허,차량의 구조 및 기능,60.00,고속전기차량의 구조및 기능
철도운전면허,2025,CBT(임시),6,필기,고속철도차량 운전면허,운전이론 일반,75.71,고속철도운전이론일반
철도운전면허,2025,CBT(임시),6,필기,고속철도차량 운전면허,비상시 조치 등,59.29,비상시 조치
철도운전면허,2025,CBT(임시),7,필기,제2종 전기차량 운전면허,철도관련법,57.69,철도관련법
철도운전면허,2025,CBT(임시),7,필기,제2종 전기차량 운전면허,철도시스템 일반,59.14,도시철도시스템일반
철도운전면허,2025,CBT(임시),7,필기,제2종 전기차량 운전면허,차량의 구조 및 기능,49.81,전기동차 구조및 기능
철도운전면허,2025,CBT(임시),7,필기,제2종 전기차량 운전면허,운전이론 일반,57.75,운전이론일반
철도운전면허,2025,CBT(임시),7,필기,제2종 전기차량 운전면허,비상시 조치 등,46.99,비상시 조치
철도운전면허,2025,CBT(임시),8,필기,제2종 전기차량 운전면허,철도관련법,74.30,철도관련법
철도운전면허,2025,CBT(임시),8,필기,제2종 전기차량 운전면허,철도시스템 일반,60.28,도시철도시스템일반
철도운전면허,2025,CBT(임시),8,필기,제2종 전기차량 운전면허,차량의 구조 및 기능,54.91,전기동차 구조및 기능
철도운전면허,2025,CBT(임시),8,필기,제2종 전기차량 운전면허,운전이론 일반,49.89,운전이론일반
철도운전면허,2025,CBT(임시),8,필기,제2종 전기차량 운전면허,비상시 조치 등,54.68,비상시 조치
철도운전면허,2025,CBT(임시),8,필기,노면전차 운전면허,철도관련법,66.30,철도관련법
철도운전면허,2025,CBT(임시),8,필기,노면전차 운전면허,비상시 조치 등,55.00,비상시 조치
철도운전면허,2025,CBT(임시),8,필기,노면전차 운전면허,노면전차 시스템 일반,52.41,노면전차 시스템 일반
철도운전면허,2025,CBT(임시),8,필기,노면전차 운전면허,노면전차의 구조 및 기능,60.75,노면전차의 구조 및 기능
철도운전면허,2025,CBT(임시),9,필기,제2종 전기차량 운전면허,철도관련법,66.54,철도관련법
철도운전면허,2025,CBT(임시),9,필기,제2종 전기차량 운전면허,철도시스템 일반,54.84,도시철도시스템일반
철도운전면허,2025,CBT(임시),9,필기,제2종 전기차량 운전면허,차량의 구조 및 기능,56.03,전기동차 구조및 기능
철도운전면허,2025,CBT(임시),9,필기,제2종 전기차량 운전면허,운전이론 일반,58.60,운전이론일반
철도운전면허,2025,CBT(임시),9,필기,제2종 전기차량 운전면허,비상시 조치 등,52.27,비상시 조치
철도운전면허,2025,CBT(임시),10,필기,제2종 전기차량 운전면허,철도관련법,56.80,철도관련법
철도운전면허,2025,CBT(임시),10,필기,제2종 전기차량 운전면허,철도시스템 일반,54.22,도시철도시스템일반
철도운전면허,2025,CBT(임시),10,필기,제2종 전기차량 운전면허,차량의 구조 및 기능,46.58,전기동차 구조및 기능
철도운전면허,2025,CBT(임시),10,필기,제2종 전기차량 운전면허,운전이론 일반,52.14,운전이론일반
철도운전면허,2025,CBT(임시),10,필기,제2종 전기차량 운전면허,비상시 조치 등,51.34,비상시 조치
철도운전면허,2025,CBT(임시),11,필기,제2종 전기차량 운전면허,철도관련법,64.22,철도관련법
철도운전면허,2025,CBT(임시),11,필기,제2종 전기차량 운전면허,철도시스템 일반,51.62,도시철도시스템일반
철도운전면허,2025,CBT(임시),11,필기,제2종 전기차량 운전면허,차량의 구조 및 기능,46.31,전기동차 구조및 기능
철도운전면허,2025,CBT(임시),11,필기,제2종 전기차량 운전면허,운전이론 일반,50.52,운전이론일반
철도운전면허,2025,CBT(임시),11,필기,제2종 전기차량 운전면허,비상시 조치 등,54.24,비상시 조치
철도운전면허,2025,CBT(임시),12,필기,제2종 전기차량 운전면허,철도관련법,61.96,철도관련법
철도운전면허,2025,CBT(임시),12,필기,제2종 전기차량 운전면허,철도시스템 일반,48.64,도시철도시스템일반
철도운전면허,2025,CBT(임시),12,필기,제2종 전기차량 운전면허,차량의 구조 및 기능,45.36,전기동차 구조및 기능
철도운전면허,2025,CBT(임시),12,필기,제2종 전기차량 운전면허,운전이론 일반,50.00,운전이론일반
철도운전면허,2025,CBT(임시),12,필기,제2종 전기차량 운전면허,비상시 조치 등,51.59,비상시 조치
철도운전면허,2025,CBT(임시),13,필기,제2종 전기차량 운전면허,철도관련법,61.97,철도관련법
철도운전면허,2025,CBT(임시),13,필기,제2종 전기차량 운전면허,철도시스템 일반,48.72,도시철도시스템일반
철도운전면허,2025,CBT(임시),13,필기,제2종 전기차량 운전면허,차량의 구조 및 기능,50.37,전기동차 구조및 기능
철도운전면허,2025,CBT(임시),13,필기,제2종 전기차량 운전면허,운전이론 일반,52.11,운전이론일반
철도운전면허,2025,CBT(임시),13,필기,제2종 전기차량 운전면허,비상시 조치 등,55.06,비상시 조치
철도운전면허,2025,CBT(임시),14,필기,제2종 전기차량 운전면허,철도관련법,61.50,철도관련법
철도운전면허,2025,CBT(임시),14,필기,제2종 전기차량 운전면허,철도시스템 일반,49.17,도시철도시스템일반
철도운전면허,2025,CBT(임시),14,필기,제2종 전기차량 운전면허,차량의 구조 및 기능,49.89,전기동차 구조및 기능
철도운전면허,2025,CBT(임시),14,필기,제2종 전기차량 운전면허,운전이론 일반,50.76,운전이론일반
철도운전면허,2025,CBT(임시),14,필기,제2종 전기차량 운전면허,비상시 조치 등,54.11,비상시 조치
철도운전면허,2025,CBT(임시),15,필기,디젤차량 운전면허,철도관련법,58.41,철도관련법
철도운전면허,2025,CBT(임시),15,필기,디젤차량 운전면허,철도시스템 일반,53.52,철도시스템일반
철도운전면허,2025,CBT(임시),15,필기,디젤차량 운전면허,차량의 구조 및 기능,47.93,디젤차량의 구조및 기능
철도운전면허,2025,CBT(임시),15,필기,디젤차량 운전면허,운전이론 일반,55.96,운전이론일반
철도운전면허,2025,CBT(임시),15,필기,디젤차량 운전면허,비상시 조치 등,48.19,비상시 조치
철도운전면허,2025,CBT(임시),15,필기,철도장비 운전면허,철도관련법,60.57,철도관련법
철도운전면허,2025,CBT(임시),15,필기,철도장비 운전면허,철도시스템 일반,57.86,철도시스템일반
철도운전면허,2025,CBT(임시),15,필기,철도장비 운전면허,차량의 구조 및 기능,52.71,기계장비의 구조및 기능
철도운전면허,2025,CBT(임시),15,필기,철도장비 운전면허,비상시 조치 등,45.83,비상시 조치
철도운전면허,2025,CBT(임시),16,필기,고속철도차량 운전면허,철도관련법,83.94,고속철도운전관련규정
철도운전면허,2025,CBT(임시),16,필기,고속철도차량 운전면허,철도시스템 일반,73.17,고속철도시스템일반
철도운전면허,2025,CBT(임시),16,필기,고속철도차량 운전면허,차량의 구조 및 기능,61.92,고속전기차량의 구조및 기능
철도운전면허,2025,CBT(임시),16,필기,고속철도차량 운전면허,운전이론 일반,76.06,고속철도운전이론일반
철도운전면허,2025,CBT(임시),16,필기,고속철도차량 운전면허,비상시 조치 등,63.65,비상시 조치
철도운전면허,2025,CBT(임시),17,필기,제2종 전기차량 운전면허,철도관련법,54.69,철도관련법
철도운전면허,2025,CBT(임시),17,필기,제2종 전기차량 운전면허,철도시스템 일반,53.36,도시철도시스템일반
철도운전면허,2025,CBT(임시),17,필기,제2종 전기차량 운전면허,차량의 구조 및 기능,49.81,전기동차 구조및 기능
철도운전면허,2025,CBT(임시),17,필기,제2종 전기차량 운전면허,운전이론 일반,45.54,운전이론일반
철도운전면허,2025,CBT(임시),17,필기,제2종 전기차량 운전면허,비상시 조치 등,52.08,비상시 조치
철도운전면허,2025,CBT(임시),18,필기,제2종 전기차량 운전면허,철도관련법,56.90,철도관련법
철도운전면허,2025,CBT(임시),18,필기,제2종 전기차량 운전면허,철도시스템 일반,55.22,도시철도시스템일반
철도운전면허,2025,CBT(임시),18,필기,제2종 전기차량 운전면허,차량의 구조 및 기능,46.08,전기동차 구조및 기능
철도운전면허,2025,CBT(임시),18,필기,제2종 전기차량 운전면허,운전이론 일반,47.86,운전이론일반
철도운전면허,2025,CBT(임시),18,필기,제2종 전기차량 운전면허,비상시 조치 등,52.32,비상시 조치
철도운전면허,2025,CBT(임시),18,필기,노면전차 운전면허,철도관련법,70.00,철도관련법
철도운전면허,2025,CBT(임시),18,필기,노면전차 운전면허,비상시 조치 등,55.00,비상시 조치
철도운전면허,2025,CBT(임시),18,필기,노면전차 운전면허,노면전차 시스템 일반,57.50,노면전차 시스템 일반
철도운전면허,2025,CBT(임시),18,필기,노면전차 운전면허,노면전차의 구조 및 기능,40.00,노면전차의 구조 및 기능
철도운전면허,2025,CBT(임시),19,필기,제2종 전기차량 운전면허,철도관련법,58.83,철도관련법
철도운전면허,2025,CBT(임시),19,필기,제2종 전기차량 운전면허,철도시스템 일반,54.13,도시철도시스템일반
철도운전면허,2025,CBT(임시),19,필기,제2종 전기차량 운전면허,차량의 구조 및 기능,57.60,전기동차 구조및 기능
철도운전면허,2025,CBT(임시),19,필기,제2종 전기차량 운전면허,운전이론 일반,55.20,운전이론일반
철도운전면허,2025,CBT(임시),19,필기,제2종 전기차량 운전면허,비상시 조치 등,52.81,비상시 조치
철도운전면허,2025,CBT(임시),20,필기,제2종 전기차량 운전면허,철도관련법,61.42,철도관련법
철도운전면허,2025,CBT(임시),20,필기,제2종 전기차량 운전면허,철도시스템 일반,56.96,도시철도시스템일반
철도운전면허,2025,CBT(임시),20,필기,제2종 전기차량 운전면허,차량의 구조 및 기능,56.76,전기동차 구조및 기능
철도운전면허,2025,CBT(임시),20,필기,제2종 전기차량 운전면허,운전이론 일반,54.79,운전이론일반
철도운전면허,2025,CBT(임시),20,필기,제2종 전기차량 운전면허,비상시 조치 등,60.71,비상시 조치
철도운전면허,2025,CBT(임시),21,필기,디젤차량 운전면허,철도관련법,54.38,철도관련법
철도운전면허,2025,CBT(임시),21,필기,디젤차량 운전면허,철도시스템 일반,68.06,철도시스템일반
철도운전면허,2025,CBT(임시),21,필기,디젤차량 운전면허,차량의 구조 및 기능,65.68,디젤차량의 구조및 기능
철도운전면허,2025,CBT(임시),21,필기,디젤차량 운전면허,운전이론 일반,57.00,운전이론일반
철도운전면허,2025,CBT(임시),21,필기,디젤차량 운전면허,비상시 조치 등,69.25,비상시 조치
철도운전면허,2025,CBT(임시),21,필기,철도장비 운전면허,철도관련법,59.93,철도관련법
철도운전면허,2025,CBT(임시),21,필기,철도장비 운전면허,철도시스템 일반,68.75,철도시스템일반
철도운전면허,2025,CBT(임시),21,필기,철도장비 운전면허,차량의 구조 및 기능,69.76,기계장비의 구조및 기능
철도운전면허,2025,CBT(임시),21,필기,철도장비 운전면허,비상시 조치 등,59.93,비상시 조치
철도운전면허,2025,CBT(임시),22,필기,고속철도차량 운전면허,철도관련법,62.50,고속철도운전관련규정
철도운전면허,2025,CBT(임시),22,필기,고속철도차량 운전면허,철도시스템 일반,52.59,고속철도시스템일반
철도운전면허,2025,CBT(임시),22,필기,고속철도차량 운전면허,차량의 구조 및 기능,48.13,고속전기차량의 구조및 기능
철도운전면허,2025,CBT(임시),22,필기,고속철도차량 운전면허,운전이론 일반,69.64,고속철도운전이론일반
철도운전면허,2025,CBT(임시),22,필기,고속철도차량 운전면허,비상시 조치 등,40.00,비상시 조치
철도운전면허,2025,CBT(임시),23,필기,디젤차량 운전면허,철도관련법,57.34,철도관련법
철도운전면허,2025,CBT(임시),23,필기,디젤차량 운전면허,철도시스템 일반,58.05,철도시스템일반
철도운전면허,2025,CBT(임시),23,필기,디젤차량 운전면허,차량의 구조 및 기능,48.18,디젤차량의 구조및 기능
철도운전면허,2025,CBT(임시),23,필기,디젤차량 운전면허,운전이론 일반,48.59,운전이론일반
철도운전면허,2025,CBT(임시),23,필기,디젤차량 운전면허,비상시 조치 등,49.84,비상시 조치
철도운전면허,2025,CBT(임시),23,필기,철도장비 운전면허,철도관련법,60.74,철도관련법
철도운전면허,2025,CBT(임시),23,필기,철도장비 운전면허,철도시스템 일반,52.59,철도시스템일반
철도운전면허,2025,CBT(임시),23,필기,철도장비 운전면허,차량의 구조 및 기능,64.77,기계장비의 구조및 기능
철도운전면허,2025,CBT(임시),23,필기,철도장비 운전면허,비상시 조치 등,60.45,비상시 조치
철도운전면허,2025,CBT(임시),24,필기,고속철도차량 운전면허,철도관련법,79.25,고속철도운전관련규정
철도운전면허,2025,CBT(임시),24,필기,고속철도차량 운전면허,철도시스템 일반,76.88,고속철도시스템일반
철도운전면허,2025,CBT(임시),24,필기,고속철도차량 운전면허,차량의 구조 및 기능,53.00,고속전기차량의 구조및 기능
철도운전면허,2025,CBT(임시),24,필기,고속철도차량 운전면허,운전이론 일반,72.25,고속철도운전이론일반
철도운전면허,2025,CBT(임시),24,필기,고속철도차량 운전면허,비상시 조치 등,48.75,비상시 조치
철도운전면허,2025,CBT(임시),24,필기,제1종 전기차량 운전면허,철도관련법,69.69,철도관련법
철도운전면허,2025,CBT(임시),24,필기,제1종 전기차량 운전면허,철도시스템 일반,68.50,철도시스템일반
철도운전면허,2025,CBT(임시),24,필기,제1종 전기차량 운전면허,차량의 구조 및 기능,61.70,전기기관차의 구조 및 기능
철도운전면허,2025,CBT(임시),24,필기,제1종 전기차량 운전면허,운전이론 일반,66.39,운전이론일반
철도운전면허,2025,CBT(임시),24,필기,제1종 전기차량 운전면허,비상시 조치 등,65.00,비상시 조치
철도운전면허,2025,CBT(임시),29,필기,제2종 전기차량 운전면허,철도관련법,61.05,철도관련법
철도운전면허,2025,CBT(임시),29,필기,제2종 전기차량 운전면허,철도시스템 일반,57.08,도시철도시스템일반
철도운전면허,2025,CBT(임시),29,필기,제2종 전기차량 운전면허,차량의 구조 및 기능,55.73,전기동차 구조및 기능
철도운전면허,2025,CBT(임시),29,필기,제2종 전기차량 운전면허,운전이론 일반,52.54,운전이론일반
철도운전면허,2025,CBT(임시),29,필기,제2종 전기차량 운전면허,비상시 조치 등,54.96,비상시 조치
철도운전면허,2025,CBT(임시),30,필기,제2종 전기차량 운전면허,철도관련법,62.73,철도관련법
철도운전면허,2025,CBT(임시),30,필기,제2종 전기차량 운전면허,철도시스템 일반,54.13,도시철도시스템일반
철도운전면허,2025,CBT(임시),30,필기,제2종 전기차량 운전면허,차량의 구조 및 기능,50.77,전기동차 구조및 기능
철도운전면허,2025,CBT(임시),30,필기,제2종 전기차량 운전면허,운전이론 일반,46.35,운전이론일반
철도운전면허,2025,CBT(임시),30,필기,제2종 전기차량 운전면허,비상시 조치 등,53.55,비상시 조치
철도운전면허,2025,CBT(임시),31,필기,제2종 전기차량 운전면허,철도관련법,55.89,철도관련법
철도운전면허,2025,CBT(임시),31,필기,제2종 전기차량 운전면허,철도시스템 일반,54.47,도시철도시스템일반
철도운전면허,2025,CBT(임시),31,필기,제2종 전기차량 운전면허,차량의 구조 및 기능,51.57,전기동차 구조및 기능
철도운전면허,2025,CBT(임시),31,필기,제2종 전기차량 운전면허,운전이론 일반,46.63,운전이론일반
철도운전면허,2025,CBT(임시),31,필기,제2종 전기차량 운전면허,비상시 조치 등,59.28,비상시 조치
철도교통관제,2025,CBT(임시),6,학과,철도 관제자격증명,철도관련법 (관제),62.58,철도 관련 법
철도교통관제,2025,CBT(임시),6,학과,철도 관제자격증명,철도시스템 일반 (관제),67.50,철도시스템 일반
철도교통관제,2025,CBT(임시),6,학과,철도 관제자격증명,관제관련규정,75.34,관제 관련 규정
철도교통관제,2025,CBT(임시),6,학과,철도 관제자격증명,철도교통 관제운영,83.21,철도교통 관제 운영
철도교통관제,2025,CBT(임시),6,학과,철도 관제자격증명,비상시 조치 등 (관제),73.03,비상 시 조치 등
철도교통관제,2025,CBT(임시),6,학과,도시철도 관제자격증명,철도관련법 (관제),65.00,철도 관련 법
철도교통관제,2025,CBT(임시),6,학과,도시철도 관제자격증명,관제관련규정,81.25,관제 관련 규정
철도교통관제,2025,CBT(임시),6,학과,도시철도 관제자격증명,비상시 조치 등 (관제),76.25,비상 시 조치 등
철도교통관제,2025,CBT(임시),6,학과,도시철도 관제자격증명,도시철도시스템 일반,70.00,도시철도시스템 일반
철도교통관제,2025,CBT(임시),6,학과,도시철도 관제자격증명,도시철도교통 관제운영,82.50,도시철도교통 관제 운영
철도교통관제,2025,CBT(임시),16,학과,철도 관제자격증명,철도관련법 (관제),44.74,철도 관련 법
철도교통관제,2025,CBT(임시),16,학과,철도 관제자격증명,철도시스템 일반 (관제),58.33,철도시스템 일반
철도교통관제,2025,CBT(임시),16,학과,철도 관제자격증명,관제관련규정,62.11,관제 관련 규정
철도교통관제,2025,CBT(임시),16,학과,철도 관제자격증명,철도교통 관제운영,54.46,철도교통 관제 운영
철도교통관제,2025,CBT(임시),16,학과,철도 관제자격증명,비상시 조치 등 (관제),71.33,비상 시 조치 등
철도교통관제,2025,CBT(임시),16,학과,도시철도 관제자격증명,철도관련법 (관제),57.27,철도 관련 법
철도교통관제,2025,CBT(임시),16,학과,도시철도 관제자격증명,관제관련규정,77.06,관제 관련 규정
철도교통관제,2025,CBT(임시),16,학과,도시철도 관제자격증명,비상시 조치 등 (관제),85.88,비상 시 조치 등
철도교통관제,2025,CBT(임시),16,학과,도시철도 관제자격증명,도시철도시스템 일반,65.91,도시철도시스템 일반
철도교통관제,2025,CBT(임시),16,학과,도시철도 관제자격증명,도시철도교통 관제운영,71.18,도시철도교통 관제 운영
철도교통관제,2025,CBT(임시),22,학과,철도 관제자격증명,철도관련법 (관제),52.06,철도 관련 법
철도교통관제,2025,CBT(임시),22,학과,철도 관제자격증명,철도시스템 일반 (관제),53.43,철도시스템 일반
철도교통관제,2025,CBT(임시),22,학과,철도 관제자격증명,관제관련규정,54.88,관제 관련 규정
철도교통관제,2025,CBT(임시),22,학과,철도 관제자격증명,철도교통 관제운영,62.26,철도교통 관제 운영
철도교통관제,2025,CBT(임시),22,학과,철도 관제자격증명,비상시 조치 등 (관제),52.93,비상 시 조치 등
철도교통관제,2025,CBT(임시),22,학과,도시철도 관제자격증명,철도관련법 (관제),49.29,철도 관련 법
철도교통관제,2025,CBT(임시),22,학과,도시철도 관제자격증명,관제관련규정,58.13,관제 관련 규정
철도교통관제,2025,CBT(임시),22,학과,도시철도 관제자격증명,비상시 조치 등 (관제),55.31,비상 시 조치 등
철도교통관제,2025,CBT(임시),22,학과,도시철도 관제자격증명,도시철도시스템 일반,46.43,도시철도시스템 일반
철도교통관제,2025,CBT(임시),22,학과,도시철도 관제자격증명,도시철도교통 관제운영,42.19,도시철도교통 관제 운영
철도교통관제,2025,CBT(임시),24,학과,철도 관제자격증명,철도관련법 (관제),60.36,철도 관련 법
철도교통관제,2025,CBT(임시),24,학과,철도 관제자격증명,철도시스템 일반 (관제),51.64,철도시스템 일반
철도교통관제,2025,CBT(임시),24,학과,철도 관제자격증명,관제관련규정,59.45,관제 관련 규정
철도교통관제,2025,CBT(임시),24,학과,철도 관제자격증명,철도교통 관제운영,53.00,철도교통 관제 운영
철도교통관제,2025,CBT(임시),24,학과,철도 관제자격증명,비상시 조치 등 (관제),60.89,비상 시 조치 등
철도교통관제,2025,CBT(임시),24,학과,도시철도 관제자격증명,철도관련법 (관제),45.00,철도 관련 법
철도교통관제,2025,CBT(임시),24,학과,도시철도 관제자격증명,관제관련규정,61.67,관제 관련 규정
철도교통관제,2025,CBT(임시),24,학과,도시철도 관제자격증명,비상시 조치 등 (관제),62.86,비상 시 조치 등
철도교통관제,2025,CBT(임시),24,학과,도시철도 관제자격증명,도시철도시스템 일반,37.50,도시철도시스템 일반
철도교통관제,2025,CBT(임시),24,학과,도시철도 관제자격증명,도시철도교통 관제운영,61.90,도시철도교통 관제 운영
