원본파일명,파일확장자, 파일크기 ,파일설명,최초등록일시
자전거 이용 활성화에 관한 법률 시행규칙.pdf,pdf,8124,자전거 이용 활성화에 관한 법률 시행규칙,2014-12-08
자전거 이용 활성화에 관한 법률 시행령.pdf,pdf,15294,자전거 이용 활성화에 관한 법률 시행령,2014-12-08
자전거 이용 활성화에 관한 법률.pdf,pdf,22103,자전거 이용 활성화에 관한 법률,2014-12-08
보행안전 및 편의증진에 관한 법률 시행규칙.pdf,pdf,11500,보행안전 및 편의증진에 관한 법률 시행규칙,2014-12-08
보행안전 및 편의증진에 관한 법률 시행령.pdf,pdf,17748,보행안전 및 편의증진에 관한 법률 시행령,2014-12-08
보행안전 및 편의증진에 관한 법률.pdf,pdf,31575,보행안전 및 편의증진에 관한 법률,2014-12-08
도로법 시행규칙.pdf,pdf,35761,도로법 시행규칙,2014-12-08
도로법 시행령.pdf,pdf,94863,도로법 시행령,2014-12-08
도로법.pdf,pdf,105779,도로법,2014-12-08
도로교통법 시행규칙.pdf,pdf,134563,도로교통법 시행규칙,2014-12-08
도로교통법 시행령.pdf,pdf,102076,도로교통법 시행령,2014-12-08
도로교통법.pdf,pdf,176843,도로교통법,2014-12-08
교통안전법 시행규칙.pdf,pdf,34062,교통안전법 시행규칙,2014-12-08
교통안전법 시행령.pdf,pdf,41739,교통안전법 시행령,2014-12-08
교통안전법.pdf,pdf,52280,교통안전법,2014-12-08
대중교통의 육성 및 이용촉진에 관한 법률 시행규칙(00001).hwp,hwp,413711,대중교통의 육성 및 이용촉진에 관한 법률 시행규칙(00001),2014-12-08
대중교통의 육성 및 이용촉진에 관한 법률 시행령(25448).hwp,hwp,442892,대중교통의 육성 및 이용촉진에 관한 법률 시행령(25448),2014-12-08
대중교통의 육성 및 이용촉진에 관한 법률(12216).hwp,hwp,457245,대중교통의 육성 및 이용촉진에 관한 법률(12216),2014-12-08
제4회TS녹색안전대상 포상 계획 및 추천서.hwp,hwp,49152,TS 녹색안전대상 포상 계획 및 포상을 위한 추천서 등 설명자료,2014-12-08
2013년 대중교통시책평가 제출서식.zip,zip,681542,2013년 대중교통 시책평가에 필요한 제출 서식 양식 모음,2014-12-08
2013년_대중교통시책평가매뉴얼_최종.hwp,hwp,725504,2013년 대중교통 시책평가에 대한 매뉴얼 자료,2014-12-08
F2011년 대중교통시책평가 매뉴얼_최종.hwp,hwp,1027072,11년 대중교통시책평가 그룹별 제출서식,2014-12-08
'11년 대중교통시책평가 제출서식_A그룹(울산제외).hwp,hwp,86016,11년 대중교통시책평가 그룹별 제출서식,2014-12-08
'11년 대중교통시책평가 제출서식_A그룹(울산).hwp,hwp,77824,11년 대중교통시책평가 그룹별 제출서식,2014-12-08
'11년 대중교통시책평가 제출서식_B그룹(30만 이상).hwp,hwp,153088,11년 대중교통시책평가 그룹별 제출서식,2014-12-08
'11년 대중교통시책평가 제출서식_B그룹(30만 미만).hwp,hwp,76800,11년 대중교통시책평가 그룹별 제출서식,2014-12-08
'11년 대중교통시책평가 제출서식_C그룹.hwp,hwp,152064,11년 대중교통시책평가 그룹별 제출서식,2014-12-08
'11년 대중교통시책평가 제출서식_D그룹.hwp,hwp,146944,11년 대중교통시책평가 그룹별 제출서식,2014-12-08
11년 대중교통시책평가 제출서식_E그룹.hwp,hwp,74752,11년 대중교통시책평가 그룹별 제출서식,2014-12-08
제2차 대중교통기본계획_시책평가 설명회 발표 자료.pdf,pdf,4138874,제2차 대중교통기본계획_시책평가 설명회 발표 자료,2014-12-08
F2011년 대중교통시책평가 설명회 발표 자료.ppt,ppt,3225600,2011년 대중교통시책평가 설명회 참석자를 위한 발표자료,2014-12-08
수신방법변경요청서.hwp,hwp,11264,수빈방법 변경 요청에 대한 설명자료,2014-12-08
2013년_대중교통시책평가_설명회_발표_자료).pptx,pptx,1913032,(2013) 대중교통시책평가 설명회 참석자를 위한 발표자료,2014-12-08
입퇴사보고양식(화물법).hwp,hwp,26624,화물자동차운수,2014-12-08
입퇴사보고양식(여객법).hwp,hwp,26112,여객자동차운수사업법에 대한 입퇴사 보고양식,2014-12-08
2. 제2회_TS녹색안전대상_포상 추천서_홈페이지 게시.hwp,hwp,45056,TS 녹색안전대상 포상을 위한 추천서 양식,2014-12-08
2010 평가 매뉴얼_최종(0414).pdf,pdf,1994660,2010년 평가 매뉴얼 자료,2014-12-08
3.제출양식_여객자동차터미널사업자.hwp,hwp,39424,서비스 평가 항목 중 여객자동차터미널 사업자 제출양식,2014-12-08
2.평가항목_여객자동차터미널사업자.pdf,pdf,256486,서비스 평가 항목 중 여객자동차터미널 사업자에 대한 평가 항목,2014-12-08
1.평가개요_공통.pdf,pdf,746238,평가 개요 자료 (공통지표),2014-12-08
3.제출양식_여객자동차운송사업자.hwp,hwp,64000,여객자동차운송사업자에 대한 평가를 위한 제출양식,2014-12-08
2.평가항목_여객자동차운송사업자.pdf,pdf,639284,여객자동차운송사업자에 대한 평가항목,2014-12-08
3.제출양식_도시철도및철도.hwp,hwp,60928,서비스 평가 항목 중 도시 철도 및 철도사업자 평가 항목,2014-12-08
1.평가개요_공통.pdf,pdf,746238,서비스 평가를 위한 공통 개요,2014-12-08
2.평가항목_도시철도및철도사업자.pdf,pdf,410158,서비스 평가 항목 중 도시 철도 및 철도사업자 평가 항목,2014-12-08
1.평가개요_공통.pdf,pdf,746238,서비스 평가를 위한 공통 개요,2014-12-08
대중교통경영서비스평가요령(20100319).hwp,hwp,77312,「대중교통의 육성 및 이용촉진에 관한 법률 시행령」?제22조의 규정에 따라 대중교통운영자에 대한 경영 및 서비스평가에 필요한 세부적인 기준,2014-12-08
환경 관련법규 온라인 정보.pdf,pdf,77330,환경 관련 법규 및 기본적인 지식,2014-12-08
화물 관련법규 온라인 정보.pdf,pdf,74038,화물자동차 운수사업법 등 화물 관련 법규 및 기본적인 지식,2014-12-08
항공 관련법규 온라인 정보.pdf,pdf,72078,항공안전 확보를 위해 노력하는 항공종사자가 알아야 할 기본적인 지식,2014-12-08
