서비스일련번호,사무실일련번호,서비스구분코드,검사소서비스여부,최초등록일시,최종수정일시
768,211,13,Y,2018-03-08,2018-03-08
743,117,13,Y,2018-03-08,2018-03-08
744,118,13,Y,2018-03-08,2018-03-08
745,120,13,Y,2018-03-08,2018-03-08
746,121,13,Y,2018-03-08,2018-03-08
747,122,13,Y,2018-03-08,2018-03-08
748,123,13,Y,2018-03-08,2018-03-08
749,124,13,Y,2018-03-08,2018-03-08
750,125,13,Y,2018-03-08,2018-03-08
751,126,13,Y,2018-03-08,2018-03-08
752,128,13,Y,2018-03-08,2018-03-08
753,129,13,Y,2018-03-08,2018-03-08
754,130,13,Y,2018-03-08,2018-03-08
755,131,13,Y,2018-03-08,2018-03-08
756,132,13,Y,2018-03-08,2018-03-08
767,209,13,Y,2018-03-08,2018-03-08
766,204,13,N,2018-03-08,2018-03-08
765,148,13,Y,2018-03-08,2018-03-08
764,146,13,Y,2018-03-08,2018-03-08
763,143,13,N,2018-03-08,2018-03-08
762,142,13,Y,2018-03-08,2018-03-08
761,141,13,Y,2018-03-08,2018-03-08
760,138,13,Y,2018-03-08,2018-03-08
759,137,13,Y,2018-03-08,2018-03-08
758,136,13,Y,2018-03-08,2018-03-08
757,135,13,Y,2018-03-08,2018-03-08
725,94,13,Y,2018-03-08,2018-03-08
724,93,13,Y,2018-03-08,2018-03-08
723,92,13,Y,2018-03-08,2018-03-08
722,91,13,Y,2018-03-08,2018-03-08
721,89,13,Y,2018-03-08,2018-03-08
720,88,13,Y,2018-03-08,2018-03-08
719,87,13,Y,2018-03-08,2018-03-08
718,85,13,Y,2018-03-08,2018-03-08
717,84,13,Y,2018-03-08,2018-03-08
716,83,13,Y,2018-03-08,2018-03-08
715,82,13,Y,2018-03-08,2018-03-08
714,81,13,Y,2018-03-08,2018-03-08
713,77,13,Y,2018-03-08,2018-03-08
712,76,13,Y,2018-03-08,2018-03-08
726,95,13,Y,2018-03-08,2018-03-08
727,97,13,Y,2018-03-08,2018-03-08
728,99,13,Y,2018-03-08,2018-03-08
742,116,13,Y,2018-03-08,2018-03-08
741,115,13,Y,2018-03-08,2018-03-08
740,114,13,Y,2018-03-08,2018-03-08
739,113,13,Y,2018-03-08,2018-03-08
738,112,13,Y,2018-03-08,2018-03-08
737,111,13,Y,2018-03-08,2018-03-08
736,109,13,Y,2018-03-08,2018-03-08
