만족도점수,개선의견,최초등록일시,직업구분,연령대
1,e,2019-11-30,해당없음,60
1,e,2019-11-30,해당없음,60
1,e,2019-11-30,해당없음,60
1,e,2019-11-30,해당없음,60
3,만족합니다,2019-03-07,해당없음,20
5,없습니다,2019-03-07,해당없음,40
5,좋아요,2019-03-07,해당없음,50
5,N,2019-03-07,해당없음,50
5,없음,2019-03-07,해당없음,50
4,좋아요,2019-03-07,해당없음,50
5,"시험장이 멀고 주변에서 볼수있게 해주시고 시험장소를 많이 확대하여 자주 볼수있게 해주세요, 그리고 시험감독관 자격미달자가 많네요, 인성좀 확인하고 선발해주세요",2019-03-07,해당없음,50
1,궁금해서 물어보는데;; 말끊으시면서 웃으시네요ㅎ 모를수도있죠 그래서 전화한건데 :),2019-03-07,해당없음,20
4,qq,2019-03-07,해당없음,50
4,qq,2019-03-07,해당없음,50
2,법인 렌터카회사입니다 차량이 1500대 가까이 되는데 엑셀 업데이트나 건별입력이 아닌 다른 방법이 없을까요?,2019-03-07,해당없음,40
5,수고많으십니다.,2019-03-07,해당없음,40
5,없음,2019-03-07,해당없음,50
3,..,2019-03-07,해당없음,50
5,없어요,2019-03-07,해당없음,40
2,양호,2019-03-07,해당없음,50
4,..,2019-03-07,해당없음,40
3,...,2019-03-07,해당없음,50
5,없음,2019-03-07,해당없음,30
5,자동차검사기사1급(1993취득)-->자동차정비기사1급(2016년변경) 취업 할 곳 있나요?,2019-03-07,해당없음,50
5,자동차검사기사1급 소지자로 --> 자동차정비변경(2016년)취업할 곳 있나요~... 1968년생,2019-03-07,해당없음,50
1,개쓰레기같은홈페이지 안되는게 왜이리 많아요 튜닝결과확인 페이지도 안들어가짐,2019-03-07,해당없음,20
5,항상 무궁환 발전을 위하여.,2019-03-07,해당없음,40
3,ㅇ,2019-03-07,해당없음,40
1,결재안됨. 예약전화 안됨. 계속 다른 전화번호로 돌림. 개선이 필요한지 않나요 ?,2019-03-07,해당없음,40
5,djqtdma,2019-03-07,해당없음,50
5,없음,2019-03-07,해당없음,60
5,만족합니다,2019-03-07,해당없음,40
5,!@!,2019-03-07,해당없음,50
1,"예약전 운전적성 정밀검사 장소가 안나옴, 운전적성 정밀검사 실시하는 곳이 너무 적음",2019-03-07,해당없음,30
4,좋아요,2019-03-07,해당없음,50
5,좋아요.,2019-03-07,해당없음,50
4,dd,2019-03-07,해당없음,30
5,0,2019-03-06,해당없음,50
3,모바일버전에서는 알림서비스신청 불가,2019-03-06,해당없음,50
3,기타,2019-03-06,해당없음,50
4,자격증에 격을살리자,2019-03-06,해당없음,50
4,좋아요,2019-03-06,해당없음,20
4,..,2019-03-06,해당없음,40
4,없음,2019-03-06,해당없음,60
