연도,그룹,교육인원
2024,"어린이집, 유치원, 초등학생",602868
2024,중고등학생 ,273616
2024,어린이교통공원,
2024,교통안전 담당교사,3228
2024,기관/단체,83545
2024,기업체,34006
2024,운수업체,10004
2024,군부대,12287
2024,민방위,6732
2024,노인(보행자),48660
2024,녹색어머니,633
2024,외국인,1848
2023,"어린이집, 유치원, 초등학생",549662
2023,중고등학생 ,85284
2023,어린이교통공원,
2023,교통안전 담당교사,3541
2023,기관/단체,78877
2023,기업체,41168
2023,운수업체,10956
2023,군부대,6461
2023,민방위,8463
2023,노인(보행자),30260
2023,녹색어머니,506
2023,외국인,924
2022,"어린이집, 유치원, 초등학생",531979
2022,중고등학생 ,41962
2022,어린이교통공원,
2022,교통안전 담당교사,2977
2022,기관/단체,60354
2022,기업체,17769
2022,운수업체,4611
2022,군부대,2162
2022,민방위,0
2022,노인(보행자),19254
2022,녹색어머니,1684
2022,외국인,2231
2021,"어린이집, 유치원, 초등학생",399419
2021,중고등학생 ,25251
2021,어린이교통공원,
2021,교통안전 담당교사,3678
2021,기관/단체,42497
2021,기업체,14403
2021,운수업체,7830
2021,군부대,95
2021,민방위,0
2021,노인(보행자),5740
2021,녹색어머니,1085
2021,외국인,770
2020,"어린이집, 유치원, 초등학생",145143
2020,중고등학생 ,3704
2020,어린이교통공원,
2020,교통안전 담당교사,1710
2020,기관/단체,22908
2020,기업체,8483
2020,운수업체,4129
2020,군부대,1282
2020,민방위,0
2020,노인(보행자),15877
2020,녹색어머니,224
2020,외국인,201
2019,"어린이집, 유치원, 초등학생",1322099
2019,중고등학생 ,27052
2019,어린이교통공원,
2019,교통안전 담당교사,3400
2019,기관/단체,64611
2019,기업체,15836
2019,운수업체,44135
2019,군부대,24899
2019,민방위,42039
2019,노인(보행자),130234
2019,녹색어머니,2661
2019,외국인,2486
2018,"어린이집, 유치원, 초등학생",2205228
2018,중고등학생 ,70759
2018,어린이교통공원,
2018,교통안전 담당교사,6982
2018,기관/단체,180912
2018,기업체,36576
2018,운수업체,118464
2018,군부대,216496
2018,민방위,92511
2018,노인(보행자),227748
2018,녹색어머니,4212
2018,외국인,3529
2017,"어린이집, 유치원, 초등학생",2138216
2017,중고등학생 ,62840
2017,어린이교통공원,264507
2017,교통안전 담당교사,6475
2017,기관/단체,221249
2017,기업체,141043
2017,운수업체,365720
2017,군부대,485427
2017,민방위,135330
2017,노인(보행자),222680
2017,녹색어머니,3488
2017,외국인,6150
2016,"어린이집, 유치원, 초등학생",1943391
2016,중고등학생 ,181809
2016,어린이교통공원,308159
2016,교통안전 담당교사,4645
2016,기관/단체,284516
2016,기업체,138212
2016,운수업체,246802
2016,군부대,172295
2016,민방위,237002
2016,노인(보행자),206744
2016,녹색어머니,4295
2016,외국인,7575
2015,"어린이집, 유치원, 초등학생",1972053
2015,중고등학생 ,269381
2015,어린이교통공원,341437
2015,교통안전 담당교사,7465
2015,기관/단체,327725
2015,기업체,169377
2015,운수업체,140720
2015,군부대,292326
2015,민방위,157031
2015,노인(보행자),160391
2015,녹색어머니,4404
2015,외국인,6775
2014,"어린이집, 유치원, 초등학생",1990871
2014,중고등학생 ,263845
2014,어린이교통공원,352493
2014,교통안전 담당교사,5859
2014,기관/단체,368577
2014,기업체,46136
2014,운수업체,74056
2014,군부대,330463
2014,민 방 위,180030
2014,노인(보행자),137678
2014,녹색어머니,5452
2014,외국인,6285
2013,"어린이집, 유치원, 초등학생",1992175
2013,중고등학생 ,224183
2013,어린이교통공원,352088
2013,교통안전 담당교사,10156
2013,기관/단체,454151
2013,기업체,106195
2013,운수업체,43106
2013,군부대,595119
2013,민방위,156659
2013,노인(보행자),111816
2013,녹색어머니,8394
2013,외국인,4049
2012,"어린이집, 유치원, 초등학생",2236702
2012,중고등학생 ,277118
2012,어린이교통공원,328406
2012,교통안전 담당교사,7755
2012,기관/단체,326731
2012,기업체,99007
2012,운수업체,31145
2012,군부대,695085
2012,민방위,155039
2012,노인(보행자),119201
2012,녹색어머니,5681
2012,외국인,3502
2011,"어린이집, 유치원, 초등학생",2129874
2011,중고등학생 ,239942
2011,어린이교통공원,400287
2011,교통안전 담당교사,6237
2011,기관/단체,337346
2011,기업체,181259
2011,운수업체,33244
2011,군부대,147282
2011,민방위,124211
2011,노인(보행자),61189
2011,녹색어머니,5896
2011,외국인,3855
