순번,업체코드,사용여부,수검희망일 1지망 시작일,수검희망일 1지망 종료일,수검희망일 2지망 시작일,수검희망일 2지망 종료일,검사 종류
5,125,예,2022-12-15,2022-12-15,2022-12-15,2022-12-23,정기검사
6,296,예,2023-10-31,2023-11-01,2023-11-02,2023-11-03,정기검사
7,259,예,2023-02-13,2023-02-15,2023-01-30,2023-02-01,정기검사
8,145,예,2023-02-08,2023-02-09,2023-02-15,2023-02-16,정기검사
9,15,예,2023-07-03,2023-07-04,2023-07-10,2023-07-11,정기검사
10,316,예,2023-05-08,2023-05-10,2023-05-15,2023-05-17,정기검사
11,171,예,2023-03-27,2023-03-28,2023-04-03,2023-04-04,정기검사
13,171,예,2023-03-27,2023-03-28,2023-04-03,2023-04-04,정기검사
14,257,예,2023-04-18,2023-04-19,2023-04-18,2023-04-19,정기검사
15,116,예,2023-09-04,2023-04-05,2023-09-11,2023-09-13,정기검사
16,37,예,2023-11-27,2023-11-30,2023-12-04,2023-12-07,정기검사
17,262,예,2023-09-04,2023-09-05,2023-09-04,2023-09-05,정기검사
18,22,예,2023-11-23,2023-11-24,2023-11-27,2023-11-28,정기검사
19,18,예,2023-10-10,2023-10-18,2023-10-12,2023-10-20,정기검사
20,316,예,2024-04-08,2024-04-12,2024-05-06,2024-05-10,정기검사
21,296,예,2023-11-01,2023-11-02,2023-11-07,2023-11-08,정기검사
22,276,예,2023-10-01,2023-12-31,2023-10-01,2023-12-31,정기검사
23,37,예,2023-11-27,2023-11-29,2023-12-04,2023-12-06,정기검사
24,233,예,2023-11-28,2023-11-29,2023-11-23,2023-11-24,정기검사
25,95,예,2024-03-04,2024-03-06,2024-03-11,2024-03-13,정기검사
26,125,예,2024-11-20,2024-11-21,2024-12-23,2024-12-24,정기검사
27,280,예,2024-11-25,2024-11-28,2024-12-02,2024-12-05,정기검사
28,222,예,2024-02-06,2024-02-07,2024-02-05,2024-02-06,정기검사
29,106,예,2024-02-19,2024-02-23,2024-01-29,2024-02-02,정기검사
30,110,예,2024-06-24,2024-06-26,2024-09-23,2024-09-30,정기검사
31,110,예,2024-06-24,2024-06-26,2024-06-17,2024-06-19,정기검사
32,110,예,2024-09-23,2024-09-30,2024-09-30,2024-10-07,정기검사
33,277,예,2024-08-26,2024-08-28,2024-08-28,2024-08-30,정기검사
34,217,예,2024-03-04,2024-03-06,2024-02-26,2024-02-28,정기검사
35,7,예,2024-04-08,2024-04-12,2024-04-15,2024-04-19,정기검사
36,171,예,2024-03-25,2024-03-26,2024-04-01,2024-04-02,정기검사
37,157,예,2024-03-11,2024-03-15,2024-03-18,2024-03-22,정기검사
38,8,예,2024-04-15,2024-05-03,2024-04-08,2024-04-19,정기검사
39,193,예,2024-07-08,2024-07-09,2024-07-01,2024-07-02,정기검사
40,121,예,2024-03-11,2024-03-12,2024-03-18,2024-03-19,정기검사
41,154,예,2024-02-19,2024-02-22,2024-02-26,2024-02-29,정기검사
42,29,예,2024-03-18,2024-03-20,2024-03-20,2024-03-22,정기검사
43,269,예,2024-02-19,2024-02-20,2024-02-19,2024-02-20,정기검사
44,292,예,2024-01-15,2024-01-17,2024-01-22,2024-01-24,정기검사
45,17,예,2024-03-11,2024-03-14,2024-02-19,2024-02-22,정기검사
46,259,예,2024-01-15,1900-01-01,2024-01-22,1900-01-01,정기검사
47,242,예,2024-03-25,2024-03-26,2024-03-18,2024-03-19,정기검사
48,177,예,2024-11-18,2024-11-20,2024-11-11,2024-11-13,정기검사
49,276,예,2024-12-09,2024-12-12,2023-12-04,2023-12-06,정기검사
50,2,예,2024-09-11,2024-09-13,2024-09-02,2024-09-04,정기검사
51,269,예,2024-01-29,2024-01-30,2024-02-19,2024-02-20,정기검사
52,34,예,2024-03-04,2024-03-05,2024-02-26,2024-02-27,정기검사
53,15,예,2024-07-01,2024-07-02,2024-07-08,2024-07-09,정기검사
54,281,예,2024-01-01,2024-01-03,2024-01-03,2024-01-05,정기검사
55,253,예,2024-02-28,2024-02-29,2024-02-22,2024-02-23,정기검사
56,37,예,2024-11-29,2024-11-30,2024-11-27,2024-11-28,정기검사
57,37,예,2024-11-21,2024-11-22,2024-11-28,2024-11-29,정기검사
58,37,예,2024-11-20,2024-11-22,2024-11-27,2024-11-29,정기검사
59,37,예,2024-11-26,2024-11-27,2024-11-28,2024-11-29,정기검사
60,327,예,2024-04-29,2024-04-29,2024-04-30,2024-04-30,정기검사
61,263,예,2024-07-23,2024-07-26,2024-07-23,2024-07-26,정기검사
62,211,예,2024-07-04,1900-01-01,2024-07-04,1900-01-01,정기검사
95,242,예,2025-03-17,2025-03-18,2025-03-17,2025-03-21,정기검사
96,242,예,2025-01-01,2025-01-02,2025-01-01,2025-01-02,정기검사
97,242,예,2026-01-01,2026-01-02,2026-01-05,2026-01-06,정기검사
98,242,예,2025-03-17,2025-03-18,2025-03-17,2025-03-18,정기검사
99,242,예,2025-03-17,2025-03-18,2025-03-17,2025-03-18,정기검사
100,39,예,2025-03-31,2025-04-01,2025-04-07,2025-04-08,정기검사
101,253,예,2025-03-13,2025-03-14,2025-02-20,2025-02-21,정기검사
102,24,예,2025-03-10,2025-03-21,2025-02-24,2025-02-28,정기검사
103,7,예,2025-03-03,2025-03-07,2025-03-10,2025-03-14,정기검사
104,37,예,2025-12-08,2025-12-10,2025-12-15,2025-12-17,정기검사
105,37,예,2025-12-11,2025-12-12,2025-12-18,2025-12-19,로프검사
106,171,예,2025-04-07,2025-04-08,2025-04-14,2025-04-15,정기검사
107,302,예,2025-05-26,2025-05-28,2025-05-14,2025-05-16,정기검사
108,302,예,2025-05-26,2025-05-28,2025-05-14,2025-05-16,정기검사
109,38,예,2025-05-12,2025-05-16,2025-05-19,2025-05-23,정기검사
110,281,예,2025-09-09,2025-09-10,2025-09-01,2025-07-02,정기검사
111,230,예,2025-12-02,2025-12-04,2025-12-03,2025-12-05,정기검사
114,7,예,2025-08-25,2025-08-27,2025-08-26,2025-08-29,정기검사