구분,도로교통,철도교통,항공교통,항만교통,삭도교통
2002,33,1325,1,2,8
2004,129,1281,27,2,12
2006,88,1426,37,2,10
2007,65,9,1,0,1
2008,224,2695,96,1,4
2009,202,12,2,0,0
2010,237,3262,81,7,29
2011,78,66,4,0,0
2012,87,521,0,0,5
2013,100,116,4,2,1
2014,581,1221,149,4,31
2015,380,661,64,5,19
2016,507,907,152,2,29
2017,535,867,59,3,25
2018,845,1262,209,6,27
2019,2112,1114,277,9,60
2020,1646,963,246,17,20
2021,1102,1568,344,21,41
2022,1368,1848,594,16,29
2023,1761,4485,886,34,45
2024,1665,4389,1467,31,37
2025,1472,4014,1814,42,48
