"questionId","departmentId","department","topicId","fieldId","questionText","answerStatus","answerValue","evidenceRef","limitation","receivedAt","reviewStatus","planningDecision"
"SURVEY-EX26-COMMON-ROLE","EX26","안전연구처","COMMON","ROLE","이번 의견을 작성하는 업무 역할은 무엇입니까?","UNANSWERED","","","","","미검토",""
"SURVEY-EX26-COMMON-POSITION","EX26","안전연구처","COMMON","POSITION","이 응답은 어떤 범위의 의견입니까?","UNANSWERED","","","","","미검토",""
"SURVEY-EX26-COMMON-CURRENT_USE","EX26","안전연구처","COMMON","CURRENT_USE","현재 NOA 또는 AI 공통플랫폼을 어떤 업무에 사용하거나 확인하고 있습니까? 사용하지 않거나 기능을 모르는 경우도 작성해 주십시오.","UNANSWERED","","","","","미검토",""
"SURVEY-EX26-EX26-01-SCOPE_MATCH","EX26","안전연구처","EX26-01","SCOPE_MATCH","제시한 업무·대상·처리단계가 귀 처의 실제 담당 범위와 일치합니까?","UNANSWERED","","","","","미검토",""
"SURVEY-EX26-EX26-01-CURRENT_STATE","EX26","안전연구처","EX26-01","CURRENT_STATE","제시한 병목이 현재 발생하는지 어떤 상태로 확인하고 있습니까?","UNANSWERED","","","","","미검토",""
"SURVEY-EX26-EX26-01-BOTTLENECK_VALIDITY","EX26","안전연구처","EX26-01","BOTTLENECK_VALIDITY","제시한 병목 설명과 원인 가설이 실제 상황을 설명하는 데 타당합니까?","UNANSWERED","","","","","미검토",""
"SURVEY-EX26-EX26-01-VALIDITY_REASON","EX26","안전연구처","EX26-01","VALIDITY_REASON","정합성·발생 상태·타당성 판단의 이유와 고쳐야 할 내용을 작성해 주십시오.","UNANSWERED","","","","","미검토",""
"SURVEY-EX26-EX26-01-EVIDENCE_BASIS","EX26","안전연구처","EX26-01","EVIDENCE_BASIS","판단에 사용한 근거는 무엇입니까?","UNANSWERED","","","","","미검토",""
"SURVEY-EX26-EX26-01-ACTUAL_CASE","EX26","안전연구처","EX26-01","ACTUAL_CASE","공유 가능한 사례가 있다면 언제·어느 단계·누구에게 어떤 결과나 부담이 발생했는지 작성해 주십시오.","UNANSWERED","","","","","미검토",""
"SURVEY-EX26-EX26-01-COUNTER_EVIDENCE","EX26","안전연구처","EX26-01","COUNTER_EVIDENCE","문제 없이 완료했거나 제시한 설명과 다른 사례, 다른 원인이 있습니까?","UNANSWERED","","","","","미검토",""
"SURVEY-EX26-EX26-01-EXISTING_RESPONSE","EX26","안전연구처","EX26-01","EXISTING_RESPONSE","현재 시스템·AI·서식·규칙·협의절차로 해결하는 부분과 남는 문제는 무엇입니까?","UNANSWERED","","","","","미검토",""
"SURVEY-EX26-EX26-01-IMPROVEMENT_METHOD","EX26","안전연구처","EX26-01","IMPROVEMENT_METHOD","개선이 필요하다면 어떤 방식이 적절하다고 봅니까?","UNANSWERED","","","","","미검토",""
"SURVEY-EX26-EX26-01-AI_ADDED_VALUE","EX26","안전연구처","EX26-01","AI_ADDED_VALUE","NOA 등 AI를 추가하면 기존 도구·정형 개선으로 달성하기 어려운 어떤 결과를 얻을 수 있습니까?","UNANSWERED","","","","","미검토",""
"SURVEY-EX26-EX26-01-FEASIBILITY_CONDITIONS","EX26","안전연구처","EX26-01","FEASIBILITY_CONDITIONS","추가 AI 적용을 위해 어떤 자료·연계·권한·전문 검수·운영조건을 확보해야 합니까?","UNANSWERED","","","","","미검토",""
"SURVEY-EX26-EX26-01-RISK_AND_CONCERN","EX26","안전연구처","EX26-01","RISK_AND_CONCERN","제안 방식이 오판·과다 보완·정보 노출·추가 업무·이용자 배제 등을 일으킬 조건은 무엇입니까?","UNANSWERED","","","","","미검토",""
"SURVEY-EX26-EX26-01-EFFECT_AND_MEASUREMENT","EX26","안전연구처","EX26-01","EFFECT_AND_MEASUREMENT","제시한 효과 지표가 적절합니까? 실제 기록으로 확인할 결과와 측정하기 어려운 부분을 작성해 주십시오.","UNANSWERED","","","","","미검토",""
"SURVEY-EX26-EX26-01-ALTERNATIVE_PROPOSAL","EX26","안전연구처","EX26-01","ALTERNATIVE_PROPOSAL","제안된 CCK 적용 방법을 수정·축소·제외하거나 다른 방법으로 해결할 의견이 있습니까?","UNANSWERED","","","","","미검토",""
"SURVEY-EX26-EX26-01-PRIORITY_REASON","EX26","안전연구처","EX26-01","PRIORITY_REASON","이 문제를 다른 업무와 비교하여 왜 먼저 검토하거나 뒤로 미루어야 합니까?","UNANSWERED","","","","","미검토",""
"SURVEY-EX26-COMMON-OTHER_WORK_DIFFICULTY","EX26","안전연구처","COMMON","OTHER_WORK_DIFFICULTY","제시된 병목 외에 업무처리나 정확한 판단을 어렵게 만드는 지점은 무엇입니까?","UNANSWERED","","","","","미검토",""
"SURVEY-EX26-COMMON-PUBLIC_SERVICE_ISSUE","EX26","안전연구처","COMMON","PUBLIC_SERVICE_ISSUE","국민·기업이 안전·검사·자격·교통 서비스를 이용할 때 추가로 겪는 불편이나 권익 문제는 무엇입니까?","UNANSWERED","","","","","미검토",""
"SURVEY-EX26-COMMON-NEW_PROBLEM","EX26","안전연구처","COMMON","NEW_PROBLEM","이번 조사에서 빠진 문제나 다른 원인 설명이 있다면 작성해 주십시오.","UNANSWERED","","","","","미검토",""
"SURVEY-EX26-COMMON-AX_EXPANSION_OPINION","EX26","안전연구처","COMMON","AX_EXPANSION_OPINION","현재 플랫폼을 확대한다면 어떤 업무의 어떤 결과를 우선 개선해야 합니까?","UNANSWERED","","","","","미검토",""
"SURVEY-EX26-COMMON-EXPANSION_LIMIT","EX26","안전연구처","COMMON","EXPANSION_LIMIT","별도 전문시스템이나 권한자의 판단에 남겨야 할 범위와 확대 제약은 무엇입니까?","UNANSWERED","","","","","미검토",""
