원본파일명,저장파일명,파일확장자,파일크기,파일설명,최초등록일시
2016년도 경량항공정보메뉴얼.pdf,kcmBBS_202003161144246410,pdf,11795316,2016년도 경량항공정보메뉴얼,2020-03-16
2020년_교통문화발전대회_정부포상_후보자_게시용_(2).hwp,kcmBBS_202003120242432640,hwp,69120,2020년_교통문화발전대회_정부포상_후보자_게시용_(2),2020-03-12
2020년 현대차 정몽구 재단 대학생 장학금 신청안내(변경).hwp,kcmBBS_202003051230298760,hwp,32768,2020년 현대차 정몽구 재단 대학생 장학금 신청안내(변경),2020-03-05
교통안전관리규정 심사지침(2016).hwp,kcmBBS_202002131003143790,hwp,129871,교통안전관리규정 심사지침(2016),2020-02-13
2019년 방문케어서비스 운영 성과.ppt,kcmBBS_202002110122416550,ppt,1781248,2019년 방문케어서비스 운영 성과,2020-02-11
2-2. GYRO No.200(ENG).pdf,kcmBBS_202001090156557381,pdf,4225305,2-2. GYRO No.200(ENG),2020-01-09
2-1. 자이로 200호(KOR).pdf,kcmBBS_202001090156557320,pdf,4116804,2-1. 자이로 200호(KOR),2020-01-09
(Eng)AVSEC_REPORT.docx,kcmBBS_201912130215122915,docx,22653,(Eng)AVSEC_REPORT,2019-12-13
(Eng)AVSEC_REPORT.hwp,kcmBBS_201912130215122904,hwp,47616,(Eng)AVSEC_REPORT,2019-12-13
(Eng)AVSEC_REPORT.pdf,kcmBBS_201912130215122903,pdf,32802,(Eng)AVSEC_REPORT,2019-12-13
(Kor)AVSEC_REPORT.docx,kcmBBS_201912130215122902,docx,14295,(Kor)AVSEC_REPORT,2019-12-13
(Kor)AVSEC_REPORT.hwp,kcmBBS_201912130215122901,hwp,12800,(Kor)AVSEC_REPORT,2019-12-13
(Kor)AVSEC_REPORT.pdf,kcmBBS_201912130215122900,pdf,34335,(Kor)AVSEC_REPORT,2019-12-13
2-2. GYRO No.199(ENG).pdf,kcmBBS_201911260255104151,pdf,4490677,2-2. GYRO No.199(ENG),2019-11-26
2-1. 자이로 199호 (KOR).pdf,kcmBBS_201911260255104080,pdf,4357758,2-1. 자이로 199호 (KOR),2019-11-26
2-2. GYRO No.198호 영문.pdf,kcmBBS_201910290853524681,pdf,8549999,2-2. GYRO No.198호 영문,2019-10-29
2-1. 자이로 198호 국문.pdf,kcmBBS_201910290853524550,pdf,7807158,2-1. 자이로 198호 국문,2019-10-29
교통안전담당자 업무매뉴얼(pdf).pdf,kcmBBS_201908090928006591,pdf,32499768,교통안전담당자 업무매뉴얼(pdf),2019-08-09
교통안전담당자 업무매뉴얼(hwp).hwp,kcmBBS_201908090928006390,hwp,14651904,교통안전담당자 업무매뉴얼(hwp),2019-08-09
4-2. GYRO No.197(ENG).pdf,kcmBBS_201904040421321241,pdf,4511157,4-2. GYRO No.197(ENG),2019-04-04
4-1. 자이로 197호_국문.pdf,kcmBBS_201904040421321170,pdf,4167875,4-1. 자이로 197호_국문,2019-04-04
2019 방문케어서비스매뉴얼.pdf,kcmBBS_201903110921395600,pdf,17195792,2019 방문케어서비스매뉴얼,2019-03-11
자동차사고 피해가족 지원제도 포스터.jpg,kcmBBS_201903110914030980,jpg,134507,자동차사고 피해가족 지원제도 포스터,2019-03-11
4-5. GYRO No. 196(Eng).pdf,kcmBBS_201812260618243161,pdf,933134,4-5. GYRO No. 196(Eng),2018-12-26
4-6. 자이로 제196호(Kor).pdf,kcmBBS_201812260618243140,pdf,920619,4-6. 자이로 제196호(Kor),2018-12-26
4-2. GYRO No. 195 (ENG).pdf,kcmBBS_201812041007578891,pdf,1035684,4-2. GYRO No. 195 (ENG),2018-12-04
4-1. GYRO 195호(KOR).pdf,kcmBBS_201812041007578870,pdf,1039598,4-1. GYRO 195호(KOR),2018-12-04
6-2. GYRO No. 194(2018.10).pdf,kcmBBS_201811130339594921,pdf,916868,6-2. GYRO No. 194(2018.10),2018-11-13
6-1. GYRO 제194호(2018.10).pdf,kcmBBS_201811130339594910,pdf,872918,6-1. GYRO 제194호(2018.10),2018-11-13
4-1. 항공안전자율보고제도 정보지(GYRO) 193호(ENG).pdf,kcmBBS_201811130338221061,pdf,2029945,4-1. 항공안전자율보고제도 정보지(GYRO) 193호(ENG),2018-11-13
4. 항공안전자율보고제도 정보지(GYRO) 193호(KOR).pdf,kcmBBS_201811130338221020,pdf,2071797,4. 항공안전자율보고제도 정보지(GYRO) 193호(KOR),2018-11-13
항공온실가스 감축기술 이행매뉴얼(2018).pdf,kcmBBS_201808090929331750,pdf,30703942,항공온실가스 감축기술 이행매뉴얼(2018),2018-08-09
자동차사고 피해가족 지원제도 안내문(세로형).pdf,kcmBBS_201805080532330944,pdf,653075,자동차사고 피해가족 지원제도 안내문(세로형),2018-05-08
자동차사고 피해가족 지원제도 안내문.pdf,kcmBBS_201805080532330933,pdf,705103,자동차사고 피해가족 지원제도 안내문,2018-05-08
자동차사고피해가족 지원제도 안내문(뒷면).jpg,kcmBBS_201805080532330902,jpg,3755465,자동차사고피해가족 지원제도 안내문(뒷면),2018-05-08
자동차사고피해가족 지원제도 안내문(앞면).jpg,kcmBBS_201805080532330871,jpg,4090014,자동차사고피해가족 지원제도 안내문(앞면),2018-05-08
리플릿 표지.jpg,kcmBBS_201805080532330870,jpg,93669,리플릿 표지,2018-05-08
교통안전관리규정샘플(대여).hwp,kcmBBS_201803290926378753,hwp,53760,교통안전관리규정샘플(대여),2018-03-29
교통안전관리규정샘플(화물).hwp,kcmBBS_201803290926378742,hwp,100352,교통안전관리규정샘플(화물),2018-03-29
교통안전관리규정샘플(택시).hwp,kcmBBS_201803290926378741,hwp,99840,교통안전관리규정샘플(택시),2018-03-29
교통안전관리규정샘플(버스).hwp,kcmBBS_201803290926378730,hwp,102400,교통안전관리규정샘플(버스),2018-03-29
GYRO_192_ENG.pdf,kcmBBS_201801080420505491,pdf,2151098,GYRO_192_ENG,2018-01-08
GYRO_192_KOR.pdf,kcmBBS_201801080420505430,pdf,2284846,GYRO_192_KOR,2018-01-08
2016년도 운수교통안전진단결과분석보고서.pdf,kcmBBS_201711141009166650,pdf,4371179,2016년도 운수교통안전진단결과분석보고서,2017-11-14
GYRO_191_ENG.pdf,kcmBBS_201711021007491521,pdf,666585,GYRO_191_ENG,2017-11-02
GYRO_191_KOR.pdf,kcmBBS_201711021007491490,pdf,690781,GYRO_191_KOR,2017-11-02
2017년 항공정보매뉴얼(제7호).pdf,kcmBBS_201711021005293810,pdf,16716756,2017년 항공정보매뉴얼(제7호),2017-11-02
GYRO_190_ENG.pdf,kcmBBS_201707060544106271,pdf,2045038,GYRO_190_ENG,2017-07-06
GYRO_190_KOR.pdf,kcmBBS_201707060544106190,pdf,2599944,GYRO_190_KOR,2017-07-06
[별지 제7호서식] 작업지시서.hwp,kcmBBS_201706271019178680,hwp,17920,[별지 제7호서식] 작업지시서,2017-06-27
