id,title,phase,br,service,wp,ui,api,entity,role,priority,test
SFR-001,로컬 모델 호출,1단계 및 2단계 범위 내 확대,BR08,공통,W02,UI-C 또는 UI-A,API-C 내부 계약,"ModelVersion, Task",시스템 서비스 계정,필수,T-SFR-001
SFR-002,근거 검색과 인용,1단계 및 2단계 범위 내 확대,BR06,공통,W02,UI-C 또는 UI-A,API-C 내부 계약,"Case, Evidence",업무 권한 보유 사용자,필수,T-SFR-002
SFR-003,기준과 규칙 버전,1단계 및 2단계 범위 내 확대,BR06,공통,W02,UI-C 또는 UI-A,API-C 내부 계약,RuleVersion,기준 편집자와 별도 승인자,필수,T-SFR-003
SFR-004,검토와 내보내기 확인,1단계 및 2단계 범위 내 확대,BR07,공통,W03,UI-C 또는 UI-A,API-C 내부 계약,"Review, Export",업무 담당자와 검토자,필수,T-SFR-004
SFR-005,사례 상태와 재처리,1단계 및 2단계 범위 내 확대,BR07,공통,W03,UI-C 또는 UI-A,API-C 내부 계약,"Case, Review, Task",사례 처리 서비스 계정,필수,T-SFR-005
SFR-006,전자문서 수집과 정정,1단계 및 2단계 범위 내 확대,BR06,공통,W02,UI-C 또는 UI-A,API-C 내부 계약,"Document, Evidence",자료 제공자 및 검토자,필수,T-SFR-006
SFR-007,허용된 조회와 결과 구별,1단계 및 2단계 범위 내 확대,BR07,공통,W03,UI-C 또는 UI-A,API-C 내부 계약,ConnectorContract,연계 서비스 계정,필수,T-SFR-007
SFR-008,의견과 오류 정정 기록,1단계 및 2단계 범위 내 확대,BR10,공통,"W06,W10",UI-C 또는 UI-A,API-C 내부 계약,"Feedback, Metric",운영자,필수,T-SFR-008
SFR-101,조건 구조화와 확인,2단계,BR01,X01,W07,UI-X01,API-X01 내부 계약,Condition,제한 공개 시험 이용자,필수,T-SFR-101
SFR-102,예약 가능 상태 비교,2단계,BR01,X01,W07,UI-X01,API-X01 내부 계약,Slot,제한 공개 시험 이용자,필수,T-SFR-102
SFR-103,예약 대안 비교,2단계,BR01,X01,W07,UI-X01,API-X01 내부 계약,"Availability, SearchCondition",제한 공개 시험 이용자,필수,T-SFR-103
SFR-104,기존 예약 채널로 이동,2단계,BR01,X01,W07,UI-X01,API-X01 내부 계약,Handoff,제한 공개 시험 이용자,필수,T-SFR-104
SFR-201,검사 결과와 기준 결합,1단계 및 2단계 범위 내 확대,BR02,X02,"W04,W08,W09",UI-X02,API-X02 내부 계약,InspectionResult,검사 업무 담당자와 검토자,필수,T-SFR-201
SFR-202,필수 행동과 쉬운 설명,1단계 및 2단계 범위 내 확대,BR02,X02,"W04,W08,W09",UI-X02,API-X02 내부 계약,Action,검사 업무 담당자와 검토자,필수,T-SFR-202
SFR-203,행동 목록과 안내문 검토,1단계 및 2단계 범위 내 확대,BR02,X02,"W04,W08,W09",UI-X02,API-X02 내부 계약,ActionStatus,검사 업무 담당자와 검토자,필수,T-SFR-203
SFR-204,후속 확인 상태 기록,1단계 및 2단계 범위 내 확대,BR02,X02,"W04,W08,W09",UI-X02,API-X02 내부 계약,Correction,검사 업무 담당자와 검토자,필수,T-SFR-204
SFR-401,지적사항 단위 구조화,1단계 및 2단계 범위 내 확대,BR04,X04,"W05,W08,W09",UI-X04,API-X04 내부 계약,Finding,권한 있는 담당자,필수,T-SFR-401
SFR-402,조치 증빙 대응 검토,1단계 및 2단계 범위 내 확대,BR04,X04,"W05,W08,W09",UI-X04,API-X04 내부 계약,ActionEvidence,권한 있는 담당자,필수,T-SFR-402
SFR-403,담당자 검토와 반려,1단계 및 2단계 범위 내 확대,BR04,X04,"W05,W08,W09",UI-X04,API-X04 내부 계약,ReviewDecision,권한 있는 담당자,필수,T-SFR-403
SFR-404,미해결과 보완 목록,1단계 및 2단계 범위 내 확대,BR04,X04,"W05,W08,W09",UI-X04,API-X04 내부 계약,FindingHistory,권한 있는 담당자,필수,T-SFR-404
DAR-001,데이터 품질과 삭제,1단계 및 2단계 범위 내 확대,BR06,공통,W02,UI-C 또는 UI-A,API-C 내부 계약,업무 및 감사 데이터,업무·운영·보안 담당자,필수,T-DAR-001
SER-001,인증과 최소 권한,1단계 및 2단계 범위 내 확대,BR07,공통,W03,UI-C 또는 UI-A,API-C 내부 계약,업무 및 감사 데이터,업무·운영·보안 담당자,필수,T-SER-001
SER-002,개인정보와 비밀정보,1단계 및 2단계 범위 내 확대,BR07,공통,"W06,W10",UI-C 또는 UI-A,API-C 내부 계약,업무 및 감사 데이터,업무·운영·보안 담당자,필수,T-SER-002
SER-003,문서 내 악성 지시 차단,1단계 및 2단계 범위 내 확대,BR07,공통,"W06,W10",UI-C 또는 UI-A,API-C 내부 계약,업무 및 감사 데이터,업무·운영·보안 담당자,필수,T-SER-003
PER-001,성능 측정과 자원 규모,1단계 및 2단계 범위 내 확대,BR08,공통,"W02,W06,W10",UI-C 또는 UI-A,API-C 내부 계약,업무 및 감사 데이터,업무·운영·보안 담당자,필수,T-PER-001
PER-002,시간 초과와 대기열,1단계 및 2단계 범위 내 확대,BR08,공통,"W03,W06,W10",UI-C 또는 UI-A,API-C 내부 계약,업무 및 감사 데이터,업무·운영·보안 담당자,필수,T-PER-002
COR-001,복구와 운영 연속성,1단계 및 2단계 범위 내 확대,BR08,공통,"W06,W10",UI-C 또는 UI-A,API-C 내부 계약,업무 및 감사 데이터,업무·운영·보안 담당자,필수,T-COR-001
UIR-001,접근성과 화면 상태,1단계 및 2단계 범위 내 확대,BR09,공통,"W06,W10",UI-C 또는 UI-A,API-C 내부 계약,업무 및 감사 데이터,업무·운영·보안 담당자,필수,T-UIR-001
QUR-001,AI 근거 품질 평가,1단계 및 2단계 범위 내 확대,BR09,공통,"W02,W06,W10",UI-C 또는 UI-A,API-C 내부 계약,업무 및 감사 데이터,업무·운영·보안 담당자,필수,T-QUR-001
QUR-002,비AI 대비 이용성 검증,1단계 및 2단계 범위 내 확대,BR09,공통,"W06,W10",UI-C 또는 UI-A,API-C 내부 계약,업무 및 감사 데이터,업무·운영·보안 담당자,필수,T-QUR-002
TER-001,시험과 요구 추적,1단계 및 2단계 범위 내 확대,BR10,공통,"W06,W10",UI-C 또는 UI-A,API-C 내부 계약,업무 및 감사 데이터,업무·운영·보안 담당자,필수,T-TER-001
PMR-001,사업과 중복 범위 확정,1단계 및 2단계 범위 내 확대,BR10,공통,W01,UI-C 또는 UI-A,API-C 내부 계약,업무 및 감사 데이터,업무·운영·보안 담당자,필수,T-PMR-001
PMR-002,단계와 변경 관리,1단계 및 2단계 범위 내 확대,BR10,공통,"W01,W10",UI-C 또는 UI-A,API-C 내부 계약,업무 및 감사 데이터,업무·운영·보안 담당자,필수,T-PMR-002
PMR-003,인수와 지식재산,1단계 및 2단계 범위 내 확대,BR10,공통,"W06,W10",UI-C 또는 UI-A,API-C 내부 계약,업무 및 감사 데이터,업무·운영·보안 담당자,필수,T-PMR-003
PMR-004,교육과 운영 책임,1단계 및 2단계 범위 내 확대,BR10,공통,"W06,W10",UI-C 또는 UI-A,API-C 내부 계약,업무 및 감사 데이터,업무·운영·보안 담당자,필수,T-PMR-004
SIR-001,공식 결과와 조치 읽기 연계,2단계,BR11,공통,W08,"UI-X02, UI-X04","EXT-RESULT, EXT-ACTION",SourceRecord,연계 서비스 계정,2차 필수 의존조건,T-SIR-001
