년,월,교육과목,수료인원(명)
2021,12,철도안전관리 및 수준평가,521
2022,01,철도안전법 및 철도안전종합계획,1326
2022,02,철도안전관리체계,1995
2022,03,철도사고보고체계,1587
2022,04,철도사고사례,2021
2022,05,기타사고사례,1819
2022,06,철도안전관리 및 수준평가,1446
2022,07,철도안전법 및 철도안전종합계획,1204
2022,08,철도안전관리체계,862
2022,09,철도사고보고체계,965
2022,10,철도사고사례,540
2022,11,기타사고사례,401
2023,02,철도안전관리체계 승인검사 등,1733
2023,03,철도안전관리체계 정기검사 등,1243
2023,04,철도안전관리체계 수시검사 등,1396
2023,05,철도안전관리체계 수준평가,1330
2023,06,철도안전관리 및 수준평가,1213
2023,07,철도안전법 및 종합계획,1130
2023,08,철도안전관리체계 등,1015
2023,09,철도사고보고체계 등,1145
2023,10,철도사고사례,1090
2023,11,철도사고현황 및 충돌사고사례,1016
2023,12,탈선사고사례 및 종사자사고사례,1253
2024,  ,철도안전 사이버교육(철도안전관리체계 등),16159
2025,  ,철도안전 사이버교육(철도안전관리체계 등),50430