분류순번,분류 레벨,분류 코드,분류 부모코드,분류명(한글),분류명(영어),분류코드 설명,사용여부,정렬순서,번역문서 페이지
111,2,AOC-EXTL,AOC,외부 적재물 관련 발생사건,EXTERNAL LOAD RELATED OCCURRENCES,Occurrences during or as a result of external load or external cargo operation.외부 적재물 또는 화물 작업 과정 중에 또는 그 결과로 발생한 사건을 말함,Y,111,17
112,2,AOC-F-NI,AOC,충격과 무관하게 발생한 화재나 연기,FIRE/SMOKE (NON-IMPACT),"Fire or smoke in or on the aircraft, in flight, or on the ground, which is not the result of impact.비행 중인 항공기 또는 지상에 있는 항공기에서 화재나 연기가 발생한 경우로서, 충격의 결과로 발생한 경우가 아닌 경우를 말함",Y,112,19
113,2,AOC-F-POST,AOC,충격으로 인해 발생한 화재나 연기,FIRE/SMOKE (POST-IMPACT),Fire or smoke resulting from impact.충격의 결과로 화재나 연기가 발생한 경우를 말함,Y,113,20
133,2,AOC-UIMC,AOC,계기비행기상조건에서의 의도하지 않은 비행,UNINTENDED FLIGHT IN IMC,Unintended flight in Instrument Meteorological Conditions (IMC).계기비행기상조건에서 의도하지 않은 비행을 한 경우,Y,133,50
134,2,AOC-UNK,AOC,미정,UNKNOWN OR UNDETERMINED,Insufficient information exists to categorize the occurrence.어느 카테고리로 분류할지 정보가 불충분한 발생 사건을 말함,Y,134,51
135,2,AOC-WILD,AOC,야생동물,WILDLIFE,"Collision with, risk of collision, or evasive action taken by an aircraft to avoid wildlife on the movement area of an aerodrome or on a helipad/helideck in use.공항의 이동지역 또는 헬리콥터 이착륙대/이착륙갑판에 나타난 야생동물과 충돌 또는 충돌의 위험이 있거나 또는 충돌을 피하기 위한 회피조작을 한 경우를 말함",Y,135,52
136,2,AOC-WSTRW,AOC,윈드시어 또는 뇌우,WIND SHEAR OR THUNDERSTORM,Flight into wind shear or thunderstorm.윈드시어 또는 뇌우 속으로 비행하는 것을 말함,Y,136,53
192,2,POS-PIA,POS,승객의 개입/지원,PASSENGER INTERVENTION/ASSISTANCE,"A person on board, not belonging to the flight crew, spontaneously helps a pilot to act or decide for a safe flight continuation.탑승객 중 운항승무원이 아닌 사람이 안전한 비행이 계속될 수 있도록 조종사의 조치나 결정을 자발적으로 지원하는 경우를 말한다.",Y,192,5
193,2,POS-TPI,POS,제3자의 개입/지원,THIRD PARTY INTERVENTION/ASSISTANCE,A person external to the aircraft spontaneously helps the pilot to act or decide for a safe flight continuation.안전한 비행이 계속될 수 있도록 항공기 외부에 있는 사람이 조종사의 조치나 결정을 자발적으로 지원하는 경우를 말한다.,Y,193,5
153,2,POF-TAX,POF,유도로 이동 단계,TAXI,The aircraft is moving on the aerodrome surface under its own power prior to takeoff or after landing.항공기가 이륙 전 또는 착륙 후에 자체 동력으로 비행장 표면을 이동하는 단계임,Y,153,4
154,2,POF-TOF,POF,이륙 단계,TAKEOFF,"From the application of takeoff power, through rotation and to an altitude of 35 feet above runway elevation.이륙을 위한 출력상승에서부터 로테이션을 거쳐 활주로 위 고도 35피트에 이르기까지의 단계를 말함",Y,154,6
155,2,POF-ICL,POF,초기상승,INITIAL CLIMB,"From the end of the Takeoff subphase to the first prescribed power reduction, or until reaching 1,000 feet above runway elevation or the VFR pattern, whichever comes first.이륙과정의 말단에서부터 규정대로 최초 출력감소 조치가 취해질 때까지의 단계로서, 활주로 위 1,000피트 고도에 도달하거나 또는 VFR 패턴으로 전환되는 것 중 어느 것이라도 먼저 이루어질 때까지의 단계를 말함",Y,155,8
117,2,AOC-RAMP,AOC,지상조업,GROUND HANDLING,Occurrences during (or as a result of) ground handling operations.지상조업 중에 또는 그 결과로 발생한 사건을 말함,Y,117,25
118,2,AOC-ICE,AOC,결빙,ICING,"Accumulation of snow, ice, freezing rain, or frost on aircraft surfaces that adversely affects aircraft control or performance.항공기 표면에 눈, 얼음, 내린 비의 결빙, 서리 등이 쌓여 항공기 조종 또는 성능에 악영향을 미친 경우",Y,118,27
151,2,POF-ARC,POF,정지 단계,STD,"Prior to pushback or taxi, or after arrival, at the gate, ramp, or parking area, while the aircraft is stationary.푸시백이나 유도로 이동 전 또는 도착 후, 탑승구, 램프, 주기장에 항공기가 움직이지 않고 서 있는 단계를 말함",Y,151,2
152,2,POF-PBT,POF,푸시백/견인,PUSHBACK/TOWING,"Aircraft is moving in the gate, ramp, or parking area, assisted by a tow vehicle (tug).항공기가 탑승구, 램프, 주기장에서 견인차의 도움을 받아 움직이는 단계임",Y,152,3
119,2,AOC-LOC-G,AOC,지상에서의 항공기 제어 손실,LOSS OF CONTROL-GROUND,Loss of aircraft control while the aircraft is on the ground.항공기가 지상에 있는 동안 항공기 제어 손실이 발생한 경우를 말함,Y,119,28
120,2,AOC-LOC-I,AOC,비행중 항공기 제어 손실,LOSS OF CONTROL-INFLIGHT ,"Loss of aircraft control while, or deviation from intended flightpath, in flight.비행 중인 항공기가 의도한 비행경로를 벗어나거나 비행제어에 손실이 발생한 경우를 말함Loss of control inflight is an extreme manifestation of a deviation from intended flightpath. The phrase “loss of control” may cover only some of the cases during which an unintended deviation occurred.비행 중 항공기 제어 손실은 의도한 비행경로 이탈의 아주 극단적인 현상이다. 제어손실이라는 말은 의도하지 않게 항로이탈이 발생하는 경우 중 일부에만 해당할 지도 모른다.",Y,120,29
194,2,POS-HWS,POS,하드웨어 안전망,HARDWARE SAFETY NET,"The activation of an airborne or ground-based warning system to alert the flight crew or air traffic control (ATC) to a possible breach of safety (e.g., Terrain Awareness and Warning System (TAWS) or Airborne Collision Avoidance System (ACAS) warnings for aircraft and Short Term Conflict Alert (STCA) or minimum safe altitude warning (MSAW) for ATC).항공기 또는 지상에 설치된 경보장치가 작동하여 운항승무원 또는 관제사에게 안전범위를 벗어났다는 것을 알려주는 경우를 말한다. 예를 들면, 지형인식경보장치(TAWS), 공중충돌회피장치(ACAS), 항공기 및 단기충돌 경보(STCA), 최소안전고도경보(MSAW) 등이 이에 해당한다.  ",Y,194,6
195,2,POS-PRO,POS,천운,PROVIDENCE,Other positive factor related to providence.When none of the other positive factors listed above or other defenses appeared to stop the occurrence. It was providence that prevented a more serious outcome.사고에 천운 관련 요인이 있는 관여된 경우를 말한다.앞에서 열거한 여러 긍정적인 요인나 또는 위험사건 발생을 멈출만한 기타 방어요인이 전혀 없었음에도 정말 운이 좋아서 큰일이 벌어지지 않은 경우이다.,Y,195,7
129,2,AOC-SCF-NP,AOC,동력장치 이외의 시스템/부품 고장 또는 기능이상,SYSTEM/COMPONENT FAILURE OR MALFUNCTION (NON-POWERPLANT),Failure or malfunction of an aircraft system or component other than the powerplant.동력장치 이외의 항공기 시스템이나 부품에 고장 또는 기능이상이 발생하는 것을 말함,Y,129,44
130,2,AOC-SCF-PP,AOC,동력장치의 시스템/부품 고장 또는 기능이상,SYSTEM/COMPONENT FAILURE OR MALFUNCTION (POWERPLANT),Failure or malfunction of an aircraft system or component related to the powerplant.동력장치 관련 시스템이나 부품에 고장 또는 기능이상이 발생하는 경우를 말함,Y,130,46
127,2,AOC-RI,AOC,활주로 침범,RUNWAY INCURSION,"Any occurrence at an aerodrome involving the incorrect presence of an aircraft, vehicle, or person on the protected area of a surface designated for the landing and takeoff of aircraft.항공기 이착륙을 위해 지정된 표면의 보호구역에 항공기, 차량, 사람이 규칙에 맞지 않게 남아 있음으로 인해서 공항에서 발생한 사건을 말함",Y,127,41
128,2,AOC-SEC,AOC,보안관련 발생사건,SECURITY RELATED,"Criminal/Security acts which result in accidents or incidents (per Annex 13 to the Convention on International Civil Aviation).ICAO 부속서 13 관련 카테고리로서, 사고 또는 준사고를 초래할 수 있는 범죄/보안행위를 말함",Y,128,43
161,2,POF-UND,POF,통제되지 않은 하강,UNCONTROLLED DESCENT,A descent during any airborne phase in which the aircraft does not sustain controlled flight.항공기가 통제된 비행을 지속할 수 없는 상태로 공중에서 하강이 이루어지는 경우를 말함,Y,161,13
162,2,POF-PIM,POF,충격 후 단계,POST-IMPACT,"Any of that portion of the flight which occurs after impact with a person, object, obstacle or terrain.사람, 물체, 장애물, 지형 등과 충돌한 이후의 비행 부분을 말함",Y,162,14
163,2,POF-UNK,POF,비행단계 불명,UNKNOWN,Phase of flight is not discernible from the information available.비행단계를 판별할 수 있는 정보가 없어서 비행단계를 알 수 없는 경우를 말함,Y,163,14
114,2,AOC-FUEL,AOC,연료관련,FUEL RELATED,"One or more powerplants experienced reduced or no power output due to fuel exhaustion, fuel starvation/mismanagement, fuel contamination/wrong fuel, or carburetor and/or induction icing.하나 또는 그 이상의 동력 장치가 연료 고갈, 연료 부족/연료관리 실패, 연료 오염, 잘못된 연료 주입, 기화기 또는 흡기 계통의 결빙 등으로 출력이 감소하거나 출력이 나오지 않는 경우를 말함",Y,114,21
115,2,AOC-GTOW,AOC,활공기 견인관련 이벤트,GLIDER TOWING RELATED EVENTS,"Premature release, inadvertent release or non-release during towing, entangling with towing, cable, loss of control, or impact into towing aircraft/winch.활공기 견인 중의 성급한 해제나 부주의한 해제 또는 미해제, 견인중 케이블의 얽힘, 비행제어 손실, 견인 항공기/윈치에 충격이 가해지는 경우 등을 말함",Y,115,23
185,2,POS-DLU,POS,예상치 못한 활주로에의 착륙 결정,DECISION TO LAND ON AN UNEXPECTED RUNWAY,"This factor includes decisions to execute landings on an unexpected surface, such as a secondary runway, a grass runway or a surface included within the aerodrome boundaries.이 요인에는 예상치 못한 표면, 예를 들면 공항 경계 내에 있는 보조 활주로, 비포장 활주로 등에 착륙을 결정한 경우가 해당한다.",Y,185,3
31,1,AOC,ROOT,항공 사건 발생 분류,Aviation Occurrence Categories,없음,Y,31,없음
32,1,POF,ROOT,비행상태,Phase of Flight,없음,Y,32,없음
33,1,POS,ROOT,긍정요소 분류,Positive Taxonomy,없음,Y,33,없음
34,1,HAZ,ROOT,위험요소,Hazard,없음,Y,34,없음
35,1,HUM,ROOT,인적요소,Human Factors,없음,Y,35,없음
36,1,ATC,ROOT,항공 교통 인과 관계 및 기여 요인,Air Traffic Causal and Contributory Factors,없음,Y,36,없음
101,2,AOC-ARC,AOC,비정상 활주로 접촉,ABNORMAL RUNWAY CONTACT,Any landing or takeoff involving abnormal runway or landing surface contact.항공기가 이/착륙 중에 비정상적으로 활주로 또는 착륙 표면과의 접촉,Y,101,2
116,2,AOC-GCOL,AOC,지상충돌,GROUND COLLISION,Collision while taxiing to or from a runway in use.유도로 이동 중 또는 사용 중인 활주로에서 빠져나오는 과정에서 충돌이 발생한 경우를 말함,Y,116,24
105,2,AOC-ATM,AOC,항공교통관리 및 항행안전시설,ATM/CNS,"Occurrences involving Air Traffic Management (ATM) or Communication, Navigation, Surveillance (CNS) service issues.ATM 또는 CNS서비스 문제로 인해 사건이 발생한 경우를 말함",Y,105,9
106,2,AOC-BIRD,AOC,조류,BIRD,Occurrences involving collisions/near collisions with bird(s).조류와의 충돌 또는 니어미스와 관련하여 사건이 발생한 경우를 말한다,Y,106,10
181,2,POS-DEC,POS,결정,DECSION,Positive factor related to decision. Any decision taken that helped in avoiding an accident or contributed to limiting the consequences.결정이 긍정적인 요인으로서 작용한 경우를 말한다. 사고 회피에 도움이 되었거나 또는 피해를 줄이는데 기여한 결정을 취한 경우가 이에 해당한다.,Y,181,2
132,2,AOC-USOS,AOC,미착/과착,UNDERSHOOT/OVERSHOOT,"A touchdown off the runway/helipad/helideck surface.활주로, 헬리콥터이착륙대, 헬리콥터이착륙갑판 등의 표면에 착지하는 것을 말함",Y,132,49
107,2,AOC-CABIN,AOC,객실안전 관련 이벤트,CABIN SAFETY EVENTS,Miscellaneous occurrences in the passenger cabin of transport category aircraft.여객운송용 항공기 객실에서 발생하는 여러 사건들을 말함,Y,107,11
126,2,AOC-RE,AOC,활주로 이탈,RUNWAY EXCURSION,A veer off or overrun off the runway surface.활주로 표면에서 외측으로 벗어나거나 과주하여 활주로 끝단을 벗어난 경우를 말함,Y,126,40
480,3,AOC-SCF-PP-GBXU,AOC-SCF-PP,기어박스/시동장치,GEARBOX/STARTER UNCONTAINMENT,The release of debris originating in the gearbox and/or starter outside of the engine nacelle.엔진나셀 바깥 쪽에 있는 기어박스나 시동장치에서 잔해가 떨어져 나온 경우를 말함,Y,480,11
483,3,AOC-SCF-PP-MF,AOC-SCF-PP,정비 판정,MAINTENANCE FINDING,A finding resulting in an engine being removed from service due to potential result of an engine event.엔진 이벤트가 발생할 수 있다는 잠정적 결과에 따라 이전에 운영에서 제외되었던 엔진에 역시 문제가 있는 것으로 결론이 난 경우를 말함,Y,483,14
160,2,POF-EMG,POF,비상하강 ,EMERGENCY DESCENT,A controlled descent during any airborne phase in response to a perceived emergency situation.비상상황을 인지하여 그에 대한 조치로서 공중에서 통제된 하강을 하는 경우를 말함,Y,160,13
186,2,POS-DRT,POS,이륙중단 결정,DECISION TO REJECT TAKEOFF,"This factor includes decisions to reject a takeoff, before or after starting the takeoff roll, when a flight was canceled, postponed or delayed in order to correct a situation for a higher safety level.이 요인에는 이륙활주 시작 전후에 이륙중단을 결정한 경우가 해당되며, 상황이 호전될 때까지 비행은 취소되거나 연기되거나 지연된다.",Y,186,3
187,2,POS-DRD,POS,회항 결정,DECISION TO RETURN TO DEPARTING POINT OR TO DIVERT,This factor includes the decision to return to the departure or alternate aerodrome after a flight interruption (often during initial climb).이 요인에는 비행 중단 후에 출발공항으로 또는 대체공항으로 회황을 결정한 경우가 해당한다.,Y,187,3
188,2,POS-EXT,POS,외부 개입,EXTERNAL INTERVENTION,"Positive factor related to an external intervention that helped in avoiding an accident or contributed to limiting the consequences.외부 개입이 긍정적인 요인으로 작용하여, 사고 회피에 도움이 되었거나 또는 피해를 줄이는데 기여한 경우가 이에 해당한다.",Y,188,4
156,2,POF-ENR,POF,순항,EN ROUTE,"Instrument Flight Rules (IFR): From completion of Initial Climb through cruise altitude and completion of controlled descent to the Initial Approach Fix (IAF).계기비행규칙(IFR) : 초기상승 완료 시점부터 순항고도를 거쳐 초기접근픽스(IAF)까지 통제된 강하가 이루어지는 것을 말함Visual Flight Rules (VFR): From completion of Initial Climb through cruise and controlled descent to the VFR pattern altitude or 1,000 feet above runway elevation, whichever comes first.시계비행규칙(VFR) : 초기상승 완료 시점부터 순항고도를 거쳐 VFR 패턴 고도까지 통제된 하강을 하거나 또는 활주로 위 1,000피트 고도에 이르는 것 중 어느 것이라도 먼저 이루어지는 것을 말함",Y,156,8
157,2,POF-MNV,POF,기동,MANEUVERING,Low altitude/aerobatic flight operations.저고도운항이나 곡예비행을 말함,Y,157,9
182,2,POS-AVO,POS,회피기동 결정,AVOIDANCE MANEUVER,"Decision to perform an avoidance maneuver on ground or in flight after the visual detection, or detection on the Airborne Collision Avoidance System (ACAS), of the other aircraft. For example, this category also encompasses decisions to execute a taxiway excursion to avoid other aircraft.타 항공기가 육안으로 또는 ACAS로 탐지된 후 지상에서 또는 비행 중에 회피기동을 결정한 경우이다. 예를 들면, 타 항공기와의 충돌을 피하기 위해 유도로 이탈을 결정한 경우도 이에 해당한다.",Y,182,2
183,2,POS-DGA,POS,복행 결정,DECISION TO GO-AROUND,The reporter decided to go-around and safely landed.보고자가 복행 및 안전착륙을 결정한 경우이다.,Y,183,2
184,2,POS-DLP,POS,예방적 조치로서의 착륙 결정,DECISION TO LAND AS PRECAUTION,"This factor includes decisions to land as a precaution outside any aerodrome boundaries with or without emergency conditions. An example would be an interruption of the flight in relation to an adverse environment.비상상황의 유무에 상관없이 예방적 조치 차원에서 공항 경계 밖에 착륙을 결정한 경우가 이에 해당한다. 예를 들면, 환경이 나빠져서 비행을 중단한 경우가 이에 해당될 것이다.",Y,184,2
102,2,AOC-AMAN,AOC,급격한 기동,ABRUPT MANEUVER,"The intentional abrupt maneuvering of the aircraft by the flight crew. 운항승무원의 의도적인 항공기 급격한 기동",Y,102,없음
103,2,AOC-ADRM,AOC,공항,AERODROME,"Occurrences involving Aerodrome design, service, or functionality issues.공항의 설계, 서비스, 기능성 문제로 인해 발생한 사건을 말한다.",Y,103,5
104,2,AOC-MAC,AOC,근접/TCAS 경보/분리실패/니어미스/공중충돌,AIRPROX/TCAS ALERT/LOSS OF SEPARATION/ NEAR MIDAIR COLLISIONS/MIDAIR COLLISIONS,"Air proximity issues, Traffic Collision Avoidance System (TCAS)/Airborne Collision Avoidance System (ACAS) alerts, loss of separation as well as near collisions or collisions between aircraft in flight.비행 중인 항공기 간에 공중충돌 또는 니어미스(Near Miss)가 발생한 경우뿐만 아니라 TCAS/ACAS 경보, 분리실패 등과 같은 공중근접이 발생한 경우를 말함",Y,104,7
189,2,POS-AIA,POS,공항의 개입/지원,AERODROME INTERVENTION/ASSISTANCE,"The implementation of the aerodrome emergency plan. Information provided by the Aerodrome Rescue and Fire Fighting Service (RFFS) to flight crew by radio, verbal communications or visual signs to assist the occupants of an aircraft during an emergency on the ground.공항의 비상계획 이행이 이에 해당한다. 예를 들면, 비상 동안 지상에 서 있는 항공기에 탑승하고 있는 사람들을 돕기 위해서 공항의 소방구조대가 승무원에게 무선통화, 언어적 의사소통, 시각적 신호 등으로 정보를 제공한다든지 하는 것이다.",Y,189,4
190,2,POS-ATI,POS,항공관제의 개입/지원,AIR TRAFFIC INTERVENTION/ASSISTANCE,"Information coming from an Air Traffic Service (ATS) unit (control, Aerodrome Flight Information Service (AFIS), etc.) obtained by radio and having a safety benefit for the rest of the flight.항공관제기관(관제소, 공항비행정보서비스 등)으로부터 무선통화를 통해 입수한 정보가 나머지 비행 부분의 안전운항에 도움이 되었을 경우이다.",Y,190,4
191,2,POS-AIS,POS,교관/감독자의 지원,ASSISTANCE OF AN INSTRUCTOR/SUPERVISOR,The instructor or supervisor assists in giving the trainee (actor) a hint or the solution. This can also be done through radio communications when the persons are not physically in the same place.교관 또는 감독자가 훈련생에게 힌트나 해결방법을 알려주는 지원을 말한다. 이러한 지원은 물리적으로 같은 공간에 있지 않더라도 무선통화를 통해서 이루어 질 수도 있다.,Y,191,4
108,2,AOC-CTOL,AOC,이착륙중 장애물과의 충돌,COLLISION WITH OBSTACLE(S) DURING TAKEOFF AND LANDING,Collision with obstacle(s) during takeoff or landing while airborne.이착륙 중 공중상황에서 장애물과 충돌이 발생한 경우를 말함,Y,108,13
109,2,AOC-CFIT,AOC,정상적인 제어비행 상태에서의 지형과의 충돌,CONTROLLED FLIGHT INTO OR TOWARD TERRAIN,"In-flight collision or near collision with terrain, water, or obstacle without indication of loss of control.비행제어력 상실의 징후 없이 지형, 수면, 장애물과 충돌하거나 거의 충돌할 뻔 한 사건을 말함",Y,109,14
110,2,AOC-EVAC,AOC,비상탈출,EVACUATION,"Occurrence in which either, (a) a person(s) was/were injured during an evacuation, (b) an unnecessary evacuation was performed, (c) evacuation equipment failed to perform as required, or (d) the evacuation contributed to the severity of the occurrence.(a) 비상탈출 과정에서 사람이 부상을 입은 경우, (b) 불필요한 비상탈출이 이루어진 경우, (c) 필요할 때 비상탈출 장비가 작동하지 않은 경우, (d) 비상탈출이 발생사건의 심각도를 가중시킨 경우를 말함",Y,110,16
131,2,AOC-TURB,AOC,난기류 조우,TURBULENCE ENCOUNTER,In-flight turbulence encounter.비행 중 난기류와 조우하는 경우를 말함,Y,131,48
294,2,ATC-PHYS,ATC,신체적/감각적 요인,PHYSICAL/SENSORY,"This discipline includes factors related to a person’s physical or sensory characteristics, abilities, limitations, or behaviors. 개인의 신체적 또는 감각적 특성, 능력, 한계, 행동 관련 요인들을 말함",Y,294,6
479,3,AOC-SCF-PP-FFL,AOC-SCF-PP,가연성 액체 누출,FLAMMABLE FLUID LEAK,"Leak of fuel, oil or hydraulic fluid into the pylon or dry bay, or under the engine cowls, which could credibly lead to a fire.연료, 오일, 유압액이 누출되어 파일론이나 드라이베이 안으로 또는 엔진카울 밑으로 흘러들어가서 화재로 이어질 가능성이 거의 확실한 경우를 말함",Y,479,10
295,2,ATC-PROC,ATC,절차/업무수행 요인,PROCEDURAL/TASK PERFORMANCE ,"This discipline includes factors related to the act of completing procedures, tasks, utilizing equipment, or performing operational tasks.이 요인에는 절차, 업무, 장비사용, 운항업무 수행과 관련된 요인들이 해당한다.",Y,295,8
296,2,ATC-PSYC,ATC,심리적 요인,PSYCHOLOGICAL ,"This discipline includes factors related to thinking or acting, such as learning, memory limit, mental capability, personality, or attitudes (not including physiological issues).(생리적 문제를 제외한) 학습, 기억, 성격, 태도 등과 같이 사고력이나 행동력에 관련된 요인들을 말함",Y,296,11
196,2,POS-SSN,POS,인간기반 안전망,SOFT SAFETY NET,"Positive factor related to soft safety net. A soft, or human-based, safety net can be opposed to hard, or equipment-based, safety net. It encompasses the safety defenses implemented by personnel, which do not rely on specific equipment.인간기반의 안전망이 긍정적인 요인으로 작용한 경우이다. 소프트한 안전망, 달리 말하면 인간기반의 안전망은 하드웨어 안전망 또는 장비기반의 안전망과는 반대되는 개념으로서 장비에 의존하지 않고 사람에 의해서 행해지는 안전방어가 이에 해당한다",Y,196,8
197,2,POS-AUD,POS,문서의 정확한 사용,ACCURATE USAGE OF DOCUMENTATION,"The reading and especially the interpretation of documents (like charts/maps) allows the pilot to enhance his situational awareness.조종사가 차트, 지도와 같은 문서를 읽고 이해한 것이 상황인식에 도움이 된 경우를 말함",Y,197,8
198,2,POS-COM,POS,의사소통,COMMUNICATIONS,"Transmission of radio messages that allowed breaking a causal chain that could have probably led to an accident, with or without the regulatory phraseology.규정된 어법의 사용 여부에 상관없이 무선통화 메시지 전달이 사고로 이어질 수 있는 원인연결고리를 끊은 경우를 말함",Y,198,8
481,3,AOC-SCF-PP-IFSD,AOC-SCF-PP,비행 중 엔진정지,IN-FLIGHT SHUTDOWN (IFSD),"Engine ceases to function between aircraft rotation and touchdown and slows down to sub-idle whether self-induced, flight crew initiated or caused by an external influence.항공기가 운항을 시작하여 착지할 때까지 엔진이 저절로 그렇게 됐든 또는 운항승무원이 그렇게 했든 아니면 외부 요인에 의해서 그렇게 됐든 간에 엔진이 정지하여 아이들 수준 이하로 엔진회전 수가 떨어지는 경우를 말함",Y,481,12
303,2,ATC-INFR,ATC,기반시설 요인,INFRASTRUCTURE ,"This discipline refers to constructed tangible and intangible objects in the airspace and surface environment that together constitute the underlying framework of an air navigation system. It includes aerodrome infrastructure (pavement, communication systems, lighting systems, sensors, operations support, and safety and security systems), international and domestic airspace boundaries, and special use airspace.이 범주는 공역 환경 및 표면환경에 존재하는 유형무형의 설치요소로서, 항행시스템의 기반틀을 구성하는 요소에 관한 것이다. 여기에는 공항기반시설(포장지역, 통신시스템, 등화시스템, 감지기, 운항지원, 안전 및 보안 시스템), 국제공역 및 국내공역 경계, 특정사용공역 등이 포함된다.",Y,303,27
201,2,POS-EOB,POS,환경 관찰,ENVIRONMENT OBSERVATION,The observation or interpretation of the environment (like landmarks) helps the front line operator to enhance his situational awareness.일선 조종사가 환경을 관찰하여 파악한 것이 상황인식에 도움이 된 경우를 말함,Y,201,9
291,2,ATC-IHUM,ATC,인적요인,INDIVIDUAL/HUMAN FACTORS,"This domain is defined as a set of disciplines and elements that describe an individual’s performance in relation to their environment. The disciplines include Experience/Knowledge, Perceptual, Physical/Sensory, Procedural/Task Performance, Psychological, and Fatigue, all of which include characteristics that may influence how an individual performs in their working environment. 이 범주는 업무환경과 관련하여 이루어지는 개인의 수행을 기술하는데 사용되는 요인들을 정의한 것이다. 여기에는 경험?지식 요인, 지각적 요인, 신체적/감각적 요인, 절차, 업무수행 요인, 심리적 요인, 피로 등과 같이 작업환경 속에서 개인의 수행방식에 영향을 미칠 수 있는 특성에 관한 모든 것이 해당한다.",Y,291,2
492,3,AOC-SCF-PP-RMID,AOC-SCF-PP,역추력장치/역피치 기능이상-비행중 전개,REVERSER/BETA MALFUNCTION-IN-FLIGHT DEPLOY,"The in-flight deployment of a thrust reverser, or in-flight beta mode for the propeller (exclusive of design intent).비행중 역추진장치가 전개되거나 프로펠러가 베타모드(역피치)로 바뀌는 경우를 말함",Y,492,23
493,3,AOC-SCF-PP-TPF,AOC-SCF-PP,테일파이프 화재,TAILPIPE FIRE,"Fire within the tailpipe, where visible sustained flames exit the tailpipe.엔진의 테일파이프에 화재가 발생하여 계속해서 눈에 보이는 화염이 테일파이프 밖으로 빠져나오는 경우를 말함",Y,493,없음
275,2,HUM-PHYS,HUM,신체적/감각적 요인,PHYSICAL/SENSORY,"Factors related to a person’s physical or sensory characteristics, abilities, limitations, or behaviors.개인의 신체적 또는 감각적 특성, 능력, 한계 또는 행동 관련 요인들",Y,275,12
482,3,AOC-SCF-PP-LOE,AOC-SCF-PP,엔진 기능성의 손실/엔진기능이상으로 연결된 절차적 트리거,LOSS OF ENGINE FUNCTIONALITY/ENGINE MALFUNCTION PROCEDURAL TRIGGER,An event caused by a propulsion system (including propeller system) malfunction or improper operation that was initiated by crew action.프로펠러 시스템을 포함한 엔진추진계통의 기능이상이나 또는 승무원의 조치에 의해 유발된 부적절한 운항 때문에 이벤트가 발생한 경우를 말함,Y,482,13
121,2,AOC-LOLI,AOC,비행중 양력 조건의 상실,LOSS OF LIFTING CONDITIONS EN ROUTE,Landing en route due to loss of lifting conditions.양력 조건의 상실로 인해 중도에 착륙하는 경우를 말함,Y,121,32
122,2,AOC-LALT,AOC,저고도 비행,LOW ALTITUDE OPERATIONS,Collision or near collision with obstacles/objects/terrain while intentionally operating near the surface (excludes takeoff or landing phases).이착륙 단계가 아닌데도 의도적으로 지표면에 가까이 비행하다 장애물이나 물체에 충돌하거나 충돌할 뻔한 경우를 말함,Y,122,33
123,2,AOC-MED,AOC,의학적,MEDICAL,Occurrences involving illnesses of persons on board an aircraft. 항공기에 탑승한 사람에게 질병과 관련하여 사건이 발생하는 경우를 말함,Y,123,35
124,2,AOC-NAV,AOC,항행 오류,NAVIGATION ERRORS,Occurrences involving the incorrect navigation of aircraft on the ground or in the air.지상 또는 비행 중에 있는 항공기의 잘못된 항행과 관련하여 발생한 사건을 말함,Y,124,37
125,2,AOC-OTHR,AOC,기타,OTHER,Any occurrence not covered under another category.여타 다른 카테고리에 해당하지 않는 발생사건은 이 카테고리를 적용한다.,Y,125,40
202,2,POS-LPS,POS,논리적인 문제해결,LOGICAL PROBLEM SOLVING,"Implementation of empirical sound reasoning, not necessarily based on an aeronautical context or on specific instructions. An example of such lateral thinking could be to call on the previous frequency when confronted with radio problems.반드시 항공학적 맥락이나 특정교육에 근거한 것이 아닌 경험적 추리가 도움이 된 경우를 말한. 예를 들면, 무선통화에 문제가 생겼을 때 이전에 사용했던 주파수로는 호출이 가능할 것이라는 수평적 사고가 이에 해당한다.",Y,202,9
203,2,POS-UTI,POS,훈련/SOP의 사용,USE OF TRAINING INSTRUCTIONS/SOPS,"In unusual circumstances, the frontline operator acts in an autonomous way and follows the SOPs learned during his initial or recurrent training.비정상정 상황에서 일선조종사가 처음에 또는 최근에 훈련을 받은 대로 SOP를 따르거나 자동적으로 조치를 한 경우를 말함",Y,203,9
204,2,POS-VDA,POS,시각 탐지/예상,VISUAL DETECTION/ANTICIPATION,"External monitoring allowed the pilot to avoid another aircraft, an obstacle, high terrain, clouds, etc.조종사가 외부환경을 주시하였기 때문에 타 항공기, 장애물, 높은 지형, 구름 등을 피할 수 있었던 경우를 말함",Y,204,10
221,2,HAZ-ENV,HAZ,환경적 위해요인,ENVIRONMENT,Hazards existing as a consequence of the habitat or environment within which operations related to the provision of services take place. 서비스 제공을 위한 운항이 이루어지는 범위 내에서 현지여건 또는 환경으로 인하여 존재하는 위해요인을 말함,Y,221,2
276,2,HUM-PROC,HUM,절차/업무 수행,PROCEDURAL/TASK PERFORMANCE,"Factors related to the act of completing procedures, tasks, utilizing equipment, or performing operational tasks.절차, 과업, 장비사용, 운항업무 수행과 관련된 요인들을 말함",Y,276,14
494,3,AOC-SCF-PP-UNC,AOC-SCF-PP,언컨테인드 결함,UNCONTAINED,"The uncontained release of debris from a rotating component malfunction (blade, disk, spacer, impeller, drum/spool).항공기 회전부품(블레이드, 디스크, 스페이서, 임펠러, 드럼/스풀)의 기능이상으로 엔진 잔해가 엔진케이스를 뚫고 밖으로 빠져나오는 경우를 말함",Y,494,없음
292,2,ATC-EXPK,ATC,경험/지식 요인,EXPERIENCE/KNOWLEDGE,"This discipline includes factors related to the accumulation, application, and demonstration of skills necessary to perform required tasks. 이 범주에는 부여된 업무의 수행에 필요한 기술의 축적, 적용, 입증에 관한 요인이 해당한다.",Y,292,2
277,2,HUM-PSYC,HUM,심리적 요인,PSYCHOLOGICAL,"Factors related to thinking or acting such as learning, memory, personality, or attitudes (not including physiological issues). (생리적 문제를 제외한) 학습, 기억, 성격, 태도 등과 같이 사고력이나 행동력에 관련된 요인들을 말함",Y,277,18
199,2,POS-DRQ,POS,설계 요건,DESIGN REQUIREMENTS,"Design requirements such that the relevant part of the aviation system (aerodrome, aircraft, ATC, ground equipment, etc.) was able to perform as needed (thereby preventing a higher severity outcome).공항, 항공기, 항공교통관제, 지상장비 등 항공시스템의 관련부분이 필요한 기능을 할 수 있도록 짠 설계요건 때문에 심각한 피해가 발생할 뻔한 것을 막을 수 있었던 경우를 말함",Y,199,8
200,2,POS-EFA,POS,엔진고장 예상,ENGINE FAILURE ANTICIPATION,"The pilot conceives and acts in order to land safely in case of an engine failure, especially on takeoff. By extension, this factor is selected to include the risk of an engine failure in flight (e.g., noncertified aircraft in GA) or on approach with a troublesome engine.이륙 단계에서 조종사가 엔진에 문제가 있다고 생각하여 안전한 착륙을 위한 조치를 취한 경우를 말하며, 더 나아가서 문제가 있는 엔진으로 비행이나 또는 접근을 하다가 엔진이 고장날 것으로 예상하여 조치를 취하는 경우도 이 요인을 적용한다.",Y,200,9
297,2,ATC-FATG,ATC,피로 요인,FATIGUE ,"This discipline includes factors referring to a physiological state of reduced mental or physical performance capability resulting from sleep loss or extended wakefulness, circadian phase, or workload (mental and/or physical activity) that can impair an individual’s alertness and ability to safely operate an aircraft, control air traffic, or perform safety-related duties. Fatigue is a complex state that includes a lack of alertness and a reduced capacity for mental and physical performance.이 범주에는 수면부족, 일주리듬, 업무부하(정신적/신체적 활동)처럼 개인의 각성 및 안전한 업무 수행 능력에 지장을 줄 수 있는 생리적 상태에 관한 요인들이 포함된다. 피로란 각성 결핍과 함께 정신적?신체적 수행 능력을 저하시키는 복합적 상태를 말한다.",Y,297,13
298,2,ATC-ORGA,ATC,조직적 요인,ORGANIZATIONAL FACTORS,"This domain refers to factors related to organizational oversight, support, and monitoring of organization programs, policies, and personnel.조직프로그램, 정책, 직원에 대한 회사의 감독, 지원, 모니터링 관련 요인들을 말함",Y,298,16
299,2,ATC-EQUP,ATC,장비 요인,EQUIPMENT FACTORS,"This domain refers to factors that involve: (1) aircraft and aircraft systems, (2) equipment required for the provision of air traffic control (ATC)/air navigation services, and (3) equipment required for the installation, maintenance, and support of ATC equipment and facilities. Causal and contributory factors include cases where such equipment is not functioning as designed (i.e., malfunction), not functioning as intended (i.e., design flaw), or inoperative (i.e., either as a result of a planned outage or unplanned failure). This domain includes factors related to ergonomics or machine design issues. Causal and contributory factors specifically addressing the human-machine interface are classified under “Human/Individual Factors.” 이 범주는 다음과 같은 요인에 관한 것이다 : (1) 항공기 및 항공기 장비, (2) 항공교통관제 제공/항행서비스에 필요한 장비, (3) ATC 장비 및 시설의 설치와 유지보수에 필요한 장비. 장비관련 원인 및 기여 요인에는 이들 장비들이 설계된 대로 기능하지 않거나(예를 들면 기능 이상), 의도한 대로 기능하지 않거나(예를 들면 설계 결함), 또는 작동불능인(예를 들면, 계획정지나 예상치 못한 고장의 결과로 인한 작동불능) 경우가 해당한다. 장비요인 범주에는 인간공학적 문제 또는 기계설계 문제에 관한 요인들이 포함된다. 장비관련 원인 및 기여 요인에서 특별히 인간-기계 인터페이스로 처리하는 경우에는 “인적요인(Human/Individual Factors)”으로 분류된다는 것을 주지하여야 한다.",Y,299,20
222,2,HAZ-TECH,HAZ,기술적 위해요인,TECHNICAL,Hazards existing as a consequence of technical deficiencies in aircraft and other machines.항공기 및 기타 장비의 기술적 결함으로 인한 위해요인을 말함,Y,222,4
223,2,HAZ-ORG,HAZ,조직 위해요인,ORGANIZATIONAL,Hazards existing as a consequence of the organization of the aviation entity.항공운항사의 조직/경영상의 문제로 인한 위해요인을 말함,Y,223,6
224,2,HAZ-HUM,HAZ,인적 위해요인,HUMAN,Hazards existing because of human limitations or impairments in the aviation context.항공 맥락에서 인간의 한계 또는 결함과 결부된 위해요인을 말함,Y,224,9
271,2,HUM-ENVR,HUM,환경적/시스템설계 요인,ENVIRONMENTAL/SYSTEM DESIGN ,"Factors related to the interaction of flight crew and the operating environment, operating conditions, and system design.운항승무원과 운항환경, 운항조건, 시스템설계 사이의 상호작용에 관련된 요인을 말함",Y,271,2
272,2,HUM-KNOW,HUM,경험/지식 요인,EXPERIENCE/KNOWLEDGE,"Factors related to experience, qualifications and training, and knowledge.경험, 자격, 훈련, 지식 관련 요인들을 말함",Y,272,5
273,2,HUM-ORGN,HUM,조직의 관리감독,ORGANIZATIONAL OVERSIGHT,"Factors related to the organizational oversight, support, and monitoring of company programs, policies, and personnel.조직의 감독, 지원, 회사 프로그램, 정책, 직원에 대한 모니터링 관련 요인들을 말함",Y,273,7
274,2,HUM-PERC,HUM,지각적 요인,PERCEPTUAL,Factors related to false perceptions or degradation of sensory input.지각 오류 또는 감각입력의 저하 관련 요인들,Y,274,10
293,2,ATC-PERC,ATC,지각적 요인,PERCEPTUAL,"This discipline includes factors related to degradation of, or false interpretation of visual, auditory, or vestibular systems cues. 이 범주에는 시각, 청각, 전정감각 단서가 저하되거나 또는 이를 잘못 해석하는 것과 관련된 요인들이 해당한다.",Y,293,4
300,2,ATC-AIRC,ATC,항공기 시스템,AIRCRAFT SYSTEMS ,"This discipline refers to factors that affect aircraft in such a way as to cause, or contribute to, a loss of separation with another aircraft, an unintended loss of separation with terrain or obstacles, or other air traffic anomaly.이 범주는 타 항공기와의 분리 손실, 지형, 장애물, 이례적인 타 항적과의 의도치 않은 분리 손실에 원인이 되거나 또는 기여하는 식으로 항공기에 영향을 미치는 요인에 관한 것이다. ",Y,300,20
301,2,ATC-AIRN,ATC,항행서비스제공자 시스템,AIR NAVIGATION SERVICE PROVIDER SYSTEMS,"This discipline refers to factors that involve air navigation service provider systems. These systems include automation, communication, navigation, surveillance, weather observation and reporting, facilities, maintenance and operation support, and system and services management.이 범주는 항행서비스제공자 시스템 관련 요인에 관한 것이다. 이들 시스템에는 자동화, 통신, 감시, 기상관측 및 보고, 정비 및 운항지원 관련 장비 및 서비스 관리가 포함된다.",Y,301,22
302,2,ATC-OPER,ATC,운항환경 요인,OPERATING ENVIRONMENT FACTORS,"This domain includes system states and circumstances that influence flight operations and air traffic management. Included in this domain are air traffic and aerodrome infrastructure, airspace factors, weather, special events, and emergencies.이 범주에는 비행운항 및 항공교통관제에 영향을 미치는 장비의 상태나 환경이 해당한다. 항공교통 및 공항 기반시설, 공역요인, 기상, 특별한 이벤트, 비상상황 등이 이 범주에 포함된다.",Y,302,27
304,2,ATC-WEAT,ATC,기상 요인,WEATHER,This discipline includes factors pertaining to meteorological factors surrounding an event.이 범주에는 이벤트와 관계된 기상요인에 관한 것이다.,Y,304,29
471,3,AOC-SCF-PP-CB,AOC-SCF-PP,케이스 과연소침식,CASE BURNTHROUGH,"A local case penetration that initiates from local overtemperature of the case external wall due to an internal engine malfunction (e.g., fuel nozzle leakage, internal bearing compartment fires, titanium fires).엔진 내부의 기능이상(연료노즐의 누설, 내부 베어링실의 화재, 티타늄 화재)으로 인해 케이스 외벽이 국부적으로 과열되어 발생한 국부 관통을 말한다.",Y,471,2
158,2,POF-APR,POF,접근,APPROACH,"Instrument Flight Rules (IFR): From the Initial Approach Fix (IAF) to the beginning of the landing flare. Visual Flight Rules (VFR): From the point of VFR pattern entry, or 1,000 feet above the runway elevation, to the beginning of the landing flare.계기비행규칙(IFR) 접근 : 최초접근픽스(IAF)에서부터 착륙바퀴에서 접지마찰 연기가 피어오르기 시작할 때까지를 말함. 시계비행규칙(VFR) 접근 :  VFR 패턴진입 시점부터 활주로 위 1,000피트 고도 도달 또는 착륙바퀴 접지마찰 연기 발생 중 어느 것이라도 먼저 이루어지는 것까지를 말함",Y,158,10
159,2,POF-LDG,POF,착륙,LANDING,"From the beginning of the landing flare until aircraft exits the landing runway, comes to a stop on the runway, or when power is applied for takeoff in the case of a touch-and-go landing.착륙바퀴가 지면에 닿아 연기가 피어오르기 시작한 순간부터 항공기가 착륙 활주로에 아직 있으면서 활주로에 멈추어 설 때까지 또는 접지후이륙(touch-and go)의 경우에는 이륙을 위해 엔진출력을 올릴 때까지의 단계를 말함",Y,159,12
305,2,ATC-SPEC,ATC,특정 이벤트,SPECIAL EVENTS,This discipline includes factors related to large-scale planned events or those events affecting national security. 이 범주에는 대규모로 계획된 이벤트 또는 국가안보에 영향을 미칠 정도의 이벤트 관련 요인들이 포함된다.,Y,305,31
306,2,ATC-EMER,ATC,비상상황,EMERGENCIES,"This discipline includes factors related to non-routine, unplanned occurrences involving some level of system degradation, equipment malfunction, operator incapacitation, or environmental circumstances, such that it requires immediate corrective action to restore safety of the flight or operation.이 범주에는 시스템 기능저하, 장비 기능이상, 조종사 무력화, 기상환경 여건과 같이 안전한 운항으로 복귀하기 위해 즉각적인 수정조치를 취하지 않으면 안되는 일반적이지 않은 예기치 못한 발생사건에 관한 요인들이 해당된다.",Y,306,33
472,3,AOC-SCF-PP-CR,AOC-SCF-PP,케이스 파열,CASE RUPTURE,The sudden rupture of a high-pressure vessel or case with the resultant release of high-pressure gases into the under-cowl cavity.고압의 가스가 카울 아래의 공간으로 방출되면서 고압용기 또는 고압케이스가 갑작스럽게 파열되는 것을 말함,Y,472,3
473,3,AOC-SCF-PP-COAL,AOC-SCF-PP,격실과열/공기누출,COMPARTMENT OVERHEAT/AIR LEAK,High-pressure or temperature air leaks due to casing or high-pressure /temperature air duct system malfunctions within the nacelle or in the pylon.고압고온의 공기가 케이싱 부실로 또는 엔진나셀 내부나 파일론에 위치해있는 고압고온급기관시스템의 기능이상으로 인해 누출되는 것을 말함,Y,473,4
474,3,AOC-SCF-PP-CS,AOC-SCF-PP,카울 분리,COWL SEPARATION,"Separation of nacelle components such as inlets, cowls, thrust reversers, exhaust nozzles, tail plugs, etc.공기흡입구, 카울, 역추력장치, 배기노즐, 미부 플러그 등의 엔진나셀 부품이 분리되는 것을 말함",Y,474,5
475,3,AOC-SCF-PP-EFRR,AOC-SCF-PP,엔진고장의 인지 및 대응,ENGINE FAILURE RECOGNITION AND RESPONSE,"An event initiating from a single propulsion system (including propeller system) malfunction, which, by itself, does not hazard the aircraft, but is compounded by sub-optimal response (i.e., crew did not execute checklist/normal flying duties).프로펠러장치를 포함하여 단일추진시스템의 기능이상으로 시작된 이벤트로서 그 자체는 항공기에 해가 되지 않으나 승무원이 체크리스트나 정상적인 비행절차를 수행하지 않는 등의 부수적인 선택적 대응과 맞물려서 문제가 발생하는 경우를 말함",Y,475,6
476,3,AOC-SCF-PP-EOS,AOC-SCF-PP,엔진 과속,ENGINE OVERSPEED,Acceleration of engine rotating components to a speed above that sanctioned in the type-certificate datasheet.형식승인 데이터시트 상에 승인된 기준속도 이상으로 엔진회전부품이 가속되는 것을 말함,Y,476,7
477,3,AOC-SCF-PP-ES,AOC-SCF-PP,엔진 분리,ENGINE SEPARATION,"Separation of the engine, with or without the strut/pylon or attaching structure.엔진이 스트럿, 파일론 등 부착구조물 또는 동체에서 분리되는 것을 말함",Y,477,8
478,3,AOC-SCF-PP-FMI,AOC-SCF-PP,계기의 허위지시 또는 오도,FALSE/MISLEADING INDICATION,"Powerplant or propeller indication that was appreciably different from reality, to the point where an indication difference was noticed by the pilot or subsequent investigation.동력장치 또는 프로펠러 계기가 조종사 또는 사고조사관이 그 차이를 알아차릴 수 있을 정도로 실제와 너무 다르게 지시되는 경우를 말함",Y,478,9
484,3,AOC-SCF-PP-MEPL,AOC-SCF-PP,다발의 엔진 출력 손실,MULTIPLE ENGINE POWER LOSS,No definition at this time.이 예에 대한 정의는 없음,Y,484,15
485,3,AOC-SCF-PP-OTHEM,AOC-SCF-PP,기타 엔진기능이상,OTHER ENGINE MALFUNCTION,An engine malfunction or abnormal behavior not specified elsewhere.본 문서에 명시되지 않은 것으로서 엔진기능이상이 발생하거나 또는 비정상적으로 엔진이 동작하는 기타의 경우를 말함,Y,485,16
486,3,AOC-SCF-PP-PAPL,AOC-SCF-PP,프로펠러 자동페더 및 피치 잠김,PROPELLER AUTOFEATHER/PITCH LOCK,Propeller system malfunction leading to inability to control the propeller.프로펠러를 조절 불능으로 만드는 프로펠러 계통의 기능 이상을 말함,Y,486,17
487,3,AOC-SCF-PP-PS,AOC-SCF-PP,프로펠러 분리 / 잔해 방출,PROPELLER SEPARATION/DEBRIS RELEASE,"Separation of single or multiple blades, large piece(s) thereof, or entire propeller.하나 또는 다수의 블레이드가 분리되거나, 블레이드의 큰 조각이 떨어져 나가거나, 프로펠러가 통째로 떨어져 나가는 경우를 말함",Y,487,18
488,3,AOC-SCF-PP-PSF,AOC-SCF-PP,추진계통의 화재,PROPULSION SYSTEM FIRE,A fire involving combustion external to the engine casings.엔진 케이싱 외부에서 연소와 관련된 화재가 발생하는 것을 말함.,Y,488,19
489,3,AOC-SCF-PP-PSFE,AOC-SCF-PP,추진계통에서의 연기 발생 이벤트,PROPULSION SYSTEM FUME EVENT,Significant smoke and/or fumes on the flight deck or cabin that are generated by the propulsion system.추진계통에서 생성된 상당량의 연기가 조종실 및 객실에 자욱하게 퍼진 경우를 말함,Y,489,20
490,3,AOC-SCF-PP-REU,AOC-SCF-PP,왕복엔진 언컨테인먼트,RECIPROCATING ENGINE UNCONTAINMENT,Engine debris that completely exits the engine compartment.엔진 잔해물이 엔진벽을 뚫고 엔진실 밖으로 완전히 빠져나온 경우를 말함,Y,490,21
491,3,AOC-SCF-PP-RFD,AOC-SCF-PP,역추력장치/역피치 기능이상-전개되지 않는 고장 발생,REVERSER/BETA MALFUNCTION-FAILURE TO DEPLOY,The failure of a thrust reverser to deploy or a propeller to enter beta mode when commanded.조작을 하였는데도 역추력장치가 전개되지 않거나 프로펠러가 베타 모드(역피치)로 바뀌지 않는 경우를 말함,Y,491,22
