웹진일련번호,웹진구분,웹진분기구분,웹진명,웹진연도,웹진목차제목1,웹진목차내용1,웹진목차제목2,웹진목차내용2,웹진목차제목3,웹진목차내용3,웹진목차제목4,웹진목차내용4,웹진목차제목5,웹진목차내용5,웹진목차제목6,웹진목차내용6,최초등록일시,최종수정일시
688,1,4,TS magazine vol.46_코로나19 대응과 자동차 생활의 변화,2020,TRAVEL,강원도 영월,WORLD TRAFFIC,세계의 불법 주정차 해법,VS REPORT,소형 SUV 3파전,,,,,,,2020-04-03,2020-04-03
687,1,3,TS magazine vol.45_자동차 배출가스 줄이기,2020,TRAVEL,인천광역시,SMART TECH,자동차 음성인식 기술,TRAFFIC LAWS,대리운전과 교통사고,,,,,,,2020-03-02,2020-03-02
686,1,2,TS magazine vol.44_도로 살얼음과의 전쟁,2020,TRAVEL,대전광역시,SMART TECH,첨단으로 치닫는 자동차 키,VS REPORT,스노타이어 vs. 사계절 타이어,,,,,,,2020-02-03,2020-02-03
685,1,1,TS magazine vol.43_2020년 새롭게 추진하는 교통안전 정책,2020,TRAVEL,경기도 광명,INFOGRAPHIC,설날 고향길 교통안전,VS REPORT,앞바퀴 굴림 vs. 뒷바퀴 굴림,,,,,,,2020-01-02,2020-01-02
684,1,12,TS magazine vol.42_음주 운전으로 인생을 망치시겠습니까?,2019,SPECIAL,교통약자를 위한 복지,SMART TECH,타이어는 진화한다,VS REPORT,터보 vs. 자연흡기,,,,,,,2019-12-03,2019-12-03
683,1,11,TS magazine vol.41_사람이 보이면 일단 멈춤,2019,SPECIAL,화물자동차 교통안전,TRAVEL,경남 하동,VS 리포트,전기자전거 vs. 전기킥보드,,,,,,,2019-11-05,2019-11-05
682,1,10,TS magazine vol.40_수소경제와 수소전기차,2019,캠페인,우리모두 동참합시다! 안전속도 5030,TRAVEL,"동쪽 끝 바다, 포항",VS 리포트,"대형 SUV, 유니보디 vs. 프레임",,,,,,,2019-10-01,2019-10-01
681,1,9,TS magazine vol.39_추석 가족을 위한 최고의 선물 '안전운전',2019,SPECIAL,자동차 검사 제도,TRAVEL,강원도 영월,VS 리포트,추석 귀성길 vs. 귀경길,,,,,,,2019-09-02,2019-09-02
680,1,8,"TS magazine vol.38_각양각색 취향 저격, 동해",2019,캠페인,"여행 갈 때도 전 좌석 안전띠 착용, 잊지 마세요!",세계의 교통 문화,세계의 이색적인 대중교통 수단은?,VS 리포트,LPG vs. 가솔린,,,,,,,2019-08-01,2019-09-02
679,1,7,TS magazine vol.37_속초의 여름 향기,2019,캠페인,안전속도 5030 우리 모두 동참합시다,세계의 교통 문화,나라별 음주 운전 처벌 규정,VS 리포트,전기차 VS 수소차,,,,,,,2019-07-04,2019-09-02
677,1,6,"TS magazine vol.36_자연을 거닐다, 김천",2019,테마 기획,안전속도 5030,이달의 여행,"자연을 거닐다, 김천",MOBILITY & Life,전기자전거 · 전동 킥보드 ‘공유 시대’,,,,,,,2019-06-10,2019-07-02
676,1,5,TS magazine vol.35_남원 소리 여행,2019,테마 기획,광역교통,이달의 여행,남원 소리 여행,CAR & LIFE,"가정의 달 5월, 교통안전을 선물하세요!",,,,,,,2019-05-09,2019-05-09
675,1,4,TS magazine vol.34_전국 아름다운 자전거 여행길,2019,테마 기획,통계로 본 교통안전,이달의 여행,"금강 시간 기행, 공주",BIKE & LIFE,전국 아름다운 자전거 여행길,교통 정보,‘30%+α’로 할인율 높인 광역알뜰교통카드 외,,,,,2019-04-02,2019-04-02
674,1,3,TS magazine vol.33_청도의 요즘옛날,2019,테마 기획,교통문화지수,이달의 여행,청도의 요즘옛날,CAR & LIFE,"중고차 구매,이것만은 알고 가자!",교통 법률,무단횡단 사고는 법도 보호해주지 않는다,교통 정보,17개 시·도 버스 비상자동제동장치 설치 지원 외,,,2019-03-07,2019-03-07
673,1,2,TS magazine vol.32_수원 화성 건축 기행,2019,테마 기획,2019년 교통안전 정책,이달의 여행,수원 화성 건축 기행,MOBILITY & LIFE,자전거 & 오토바이 겨울나기,교통 정보,"국내 자동차 대수 2,300만 대 돌파 외",알쓸신잡,로터리 사라지고 회전 교차로 늘어난다,,,2019-02-13,2019-02-13
672,1,1,"TS magazine vol.31_아산, 행복이 깃든 자리",2019,테마 기획,TS 교통안전관리 우수 시스템,이달의 여행,"아산, 행복이 깃든 자리",CAR & LIFE,자동차 겨울 용품,교통안전 TIP,겨울철 눈길·빙판길 안전운전 8계명,TS ISSUE,"제한속도 10km 낮추면, 2분 늦게 간다",,,2019-01-11,2019-01-11
671,1,12,TS magazine vol.30_강진 천년 여행,2018,테마 기획,12월 교통&안전 이야기,이달의 여행,강진 천년 여행,MOBILITY & LIFE,전동 킥보드,교통안전 TIP,고속도로 2차 사고 예방 캠페인,TS ISSUE,KT와 5G 자율주행 기술 업무협약,,,2018-12-04,2018-12-04
670,1,11,"TS magazine vol.29_가을 산책, 경기 평택",2018,이달의 여행,가을 산책 _경기 평택,휴게소 나들이,휴게소에 ‘감동’이라는 키워드를 삽입하다_죽암휴게소 서울 방향,테마 기획,자동차 튜닝,잡학 상식,내년부터 고속버스에도 휠체어 태울 수 있다,CAR & LIFE,"자동차 안전장치, 어디까지 알고 있니?",,,2018-11-16,2018-11-16
669,1,10,TS magazine vol.28_갯골 따라 에코 여행_경기 시흥,2018,이달의 여행,갯골 따라 에코 여행_경기 시흥,휴게소 나들이,전통과 관록이 빚어낸 최고의 서비스를 만나다_여주휴게소 서창 방향,테마 기획,어르신 교통안전,잡학 상식,표지판을 보면 세상이 보인다,교통 정보,알뜰교통카드 도입 확대 외,,,2018-10-11,2018-10-11
668,1,9,"TS magazine vol.27_하늘, 땅, 별 사이, 영월",2018,이달의 여행,"하늘, 땅, 별 사이, 영월",테마 기획,9월부터 달라지는 교통법규,헬로 앱,‘원데이보험’,BIKE & LIFE,교통안전 사각지대에 놓인 이륜차 구출 작전,교통안전 TIP,자동차 안전운전 가이드 외,,,2018-09-20,2018-09-20
667,1,8,"TS magazine vol.26_흐르는 강물처럼, 정선",2018,이달의 여행,"흐르는 강물처럼, 정선",테마 기획,프리미엄 고속버스,잡학 상식,철도역 이용이 더욱 편리해진다,CAR & LIFE,휴가철 렌터카 교통사고 주의보!,교통안전 TIP,교통사고 현장 사진 촬영법,,,2018-08-07,2018-08-07
666,1,7,"TS magazine vol.25_바다, 여름을 열다",2018,이달의 여행,"바다, 여름을 열다 경남 사천",테마 기획,자동차로 떠나는 바캉스,휴게소 나들이,"화성행궁 느낌 그대로, 화성휴게소 목포 방향",BIKE & LIFE,"자전거의 세대교체, 전기 자전거",TS NEWS,7세 이하 어린이 대상 카시트 무상 보급 추진,,,2018-07-09,2018-07-26
665,1,6,"TS magazine vol.24_즐거운 보물섬, 태안",2018,이달의 여행,"즐거운 보물섬, 태안",테마 기획,자율주행차 현주소 01~04,휴게소 나들이,"더욱 품격 있게, 더욱 맛있게 오창휴게소 통영방향이 달라졌다!",CAR & LIFE,자동차도 장마는 싫어!,TS ISSUE,"교통안전의 중요성, 국경이 없다",,,2018-06-07,2018-07-26
664,1,5,"TS magazine vol.23_봄날, 시간을 달리다",2018,Bus Trip,버스 타고 부산으로 출발~,테마 기획,사람 우선 교통문화 조성,휴게소 나들이,천안삼거리휴게소,TS ISSUE,"따뜻한 봄, 터널 안은 위험하다!",TS NEWS,자동차 속도 줄이면 보행자 안전 높아진다!,,,2018-05-03,2018-07-26
663,1,4,"TS magazine vol.22_제주, 색다른 봄꽃 여행",2018,Bus Trip,후회 없는 여행! 해남으로 가즈아~,테마 기획,봄철 안전 운전 가이드 01~04,문화가 소식,"광화문, 궁중문화축전으로 꽃피다!",TS NEWS,자동차에 대한 궁금증과 민원‘자동차365’로 한 번에 해결!,TS ISSUE,2018년 한국교통안전공단의 4대 약속,,,2018-04-05,2018-07-26
662,1,3,"TS magazine vol.21_봄, 하늘길을 달리다",2018,Bus Trip,봄소식을 알리는 동백꽃 천국 장사도와 통영 백 배 즐기기,지금은 청춘 시대,"태생부터 남다르다, 마포구 편",자동차 A to Z,"운전자 안전을 위한 필수품, 자동차 블랙박스",세계의 교통수단,트램 타고 어디까지 가봤니?,TS ISSUE,5G로 대화하는 자율주행 자동차 시동!,,,2018-02-28,2018-07-26
661,1,2,"TS magazine vol.20_부모님께 재미를 드리다, 서울",2018,지금은 청춘 시대,"참으로 멋지도다, 대학로 편",자동차 A to Z,점등과 소등의 이유,정보 박스,보이지 않아서 더 위험하다,TS NEWS,자동차도 추위를 탄다,TS ISSUE,더 안전하고 더 편리하게,,,2018-02-01,2018-07-26
660,1,1,"TS magazine vol.19_마음이 말을 한다, 고흥의 섬",2018,지금은 청춘 시대,"품격 있게 격조 있게, 부암동 편",자동차 A to Z,달리는 흉기가 될 것인가?,정보 박스,음주 운전하면 당신의 소중한 차도 견인,TS STORY,자동차 사고 피해 가정에 희망을 전하다,TS ISSUE,2017 올해의 안전한 차,,,2018-01-03,2018-07-26
659,1,12,TS magazine vol.18_2018 평창 동계올림픽 개최지 릴레이 투어,2017,지금은 청춘 시대,이국적인 느낌 ‘뿜뿜’,나 홀로 여행,크리스마스를 마중하러 떠나다,자동차 A to Z,자동차의 월동 준비,Issue,안전을 체험하다,News,‘교통안전 문화’를 만들어가는 296명의 의인,,,2017-12-04,2018-07-26
658,1,11,TS magazine vol.17_서슴지 않고 변화를 품에 안다,2017,지금은 청춘 시대,여유 충만한 걸음걸음,나 홀로 여행,시흥 그린웨이를 달리다,자동차 A to Z,자동차 종합 상황실,Issue,안전띠는 생명 띠,News,버스포비아의 심각성,,,2017-11-02,2018-07-26
657,1,10,TS magazine vol.16_두 눈을 감으니 청풍이 불어오는구나,2017,지금은 청춘 시대,"경건한 어제, 재미난 오늘",나 홀로 여행,영덕 블루로드의 특별한 여행,자동차 A to Z,위대한 교육의 힘,Issue,속도보다 안전,News,"오늘의 할 일, 디지털 운행 기록 장치 무상 점검 받기",,,2017-09-29,2018-07-26
656,1,9,TS magazine vol.15_하늘에서도 땅에서도 모두 멋스럽다,2017,지금은 청춘 시대,"문화, 예술, 체육의 조합이랄까",나 홀로 여행,두 바퀴로 떠나는 여행,자동차 A to Z,자동차 수명을 좌우하는 엔진오일,Issue,역대 최대 규모 ‘2017 대한민국 드론 정책 포럼’ 개최,News,한 달간의 교통안전공단 소식,,,2017-09-07,2018-07-26
655,1,8,"TS magazine vol.14_곳곳을 찾아가 들르다, 동해안 여행",2017,이달의 여행,"곳곳을 찾아가 들르다, 동해안 여행",지금은 청춘 시대,걸어서 만나는 성북동,나 홀로 여행,연꽃 정원에서 노니는 한여름,Issue,세상을 바꾸는 안전한 아이디어,News,한 달간의 교통안전공단 소식,,,2017-08-04,2018-07-26
654,1,7,"TS magazine vol.13_굽이치는 초록, 청도",2017,이달의 여행,"굽이치는 초록, 청도",지금은 청춘 시대,다이내믹! 도시의 여름,나 홀로 여행,혼자 걷는 숲,Issue,자율주행자동차 경쟁력 강화,News,한 달간의 교통안전공단 소식,,,2017-08-01,2018-07-26
653,1,6,TS magazine vol.12_가만가만 보성의 시간을 걷다,2017,어제가 있는 오늘,"새롭게 태어난 쓰레기 섬, 상암 하늘공원",서울 유람,"역사의 숨결을 느끼다, 중구 정동",세계의 터미널,센트럴 레일로드 오브 뉴저지 터미널,Special Issue,안전하고 편리한 첨단 교통 시대,News,한 달간의 교통안전공단 소식,,,2017-05-31,2018-07-26
652,1,5,TS magazine vol.11_조용히 흐르는 평창을 만나다,2017,이달의 여행,조용히 흐르는 평창을 만나다,서울 유람,"과거와 현재가 만나는 곳, 성수동",세계의 터미널,"화가의 뮤즈가 된 역, 파리 북역",Special Issue,안전띠! 제대로 맵시다,News,한 달간의 교통안전공단 소식,,,2017-05-10,2018-07-26
651,1,4,"TS magazine vol.10_꽃의 왕국, 창원",2017,이달의 여행,"꽃의 왕국, 창원",서울 유람,"나만 알고 싶은 곳, 원남동",세계 도시 기행,"중세 문화유산, 브뤼헤",Issue,드론의 세계,News,한 달간의 교통안전공단 소식,,,2017-04-04,2018-07-26
650,1,3,"TS magazine vol.09_봄이 오는 곳, 양평",2017,세계 도시 기행,"황제의 섬, 카프리",어제가 있는 오늘,어린이대공원 꿈마루,서울 유람,‘뜨거운 섬’ 열정도,터미널 옆 시장,순천 아랫장,여행자 인터뷰,작가 최갑수,,,2017-03-08,2018-07-26
649,1,2,"TS magazine vol.08_울산 재발견 <바다와 도시, 야시장>",2017,이달의 여행,"울산 재발견 <바다와 도시, 야시장>",서울 유람,"청춘과 낭만, 망원동",어제가 있는 오늘,윤동주문학관,세계 도시 기행,"토스카나의 보석, 시에나",Technology,스마트 횡단보도,,,2017-02-09,2018-07-26
648,1,1,TS magazine vol.07_‘겨울왕국’ 정선의 축제,2017,이달의 여행,‘겨울왕국’ 정선,고택 기행,풍양 조씨 양진당과 오작당,그곳에 가고 싶다,호주 빅토리아주 와이너리 투어,Technology,자동차 월동 준비,News,한 달간의 교통안전공단 소식,,,2017-01-06,2018-07-26
647,1,12,TS magazine vol.06_강릉 바다 여행,2016,고택 기행,홍성 사운고택,서울 골목길,문래동 골목길,Travel & Market,세계 도시 기행,Technology,건설장비도 ‘리콜’ 시대,News,한 달간의 교통안전공단 소식,,,2016-12-06,2018-07-26
646,1,11,"TS magazine vol.05_청풍명월 자연치유, 제천",2016,고택 기행,청송 송소고택,서울 골목길,익선동 옛 골목,Travel & Art,세계 도시 기행,Technology,"튜닝, 어디까지 알고 있니",News,한 달간의 교통안전공단 소식,,,2016-11-11,2018-07-26
645,1,10,"TS magazine vol.04_가을 바람, 서천",2016,힐링의 시간,단풍이 아름다운 미술관,서울 유람,필동 24번가,그곳에 가고 싶다,호주&뉴질랜드 크루즈,Technology,"타이어, 함부로 끼우지 마세요!",News,한 달간의 교통안전공단 소식,,,2016-10-07,2018-07-26
644,1,9,"TS magazine vol.03_풍류의 땅, 담양",2016,힐링의 시간,"고려 천 년의 시간, 해인사",서울 유람,연희동 매력 탐방,그곳에 가고 싶다,남프랑스 소도시 여행,Technology,서스펜션 시스템,News,한 달간의 교통안전공단 소식,,,2016-08-30,2018-07-26
643,1,8,TS magazine vol.02_하늘에서 바라본 경주,2016,길 위의 추억,하늘에서 바라본 경주,힐링의 시간,정관스님의 여름 밥상,그곳에 가고 싶다,"동방 진주, 하얼빈",Technology,브레이크 잠김 방지 시스템 ABS,News,한 달간의 교통안전공단 소식,,,2016-07-29,2018-07-26
642,1,7,TS magazine vol.01 창간호,2016,길 위의 추억,창녕 우포늪,힐링의 시간,오대산의 꽃 월정사,그곳에 가고 싶다,타이 방콕,Technology,생명 벨트 에어백,History,교통안전공단의 역사,,,2016-07-05,2018-07-26
641,1,6,"길 위의 추억, 제주 사려니숲",2016,길 위의 추억,초여름 어느 비 오는 날 제주,그곳에 가고 싶다,바람의 도시 샌프란시스코,한상 차림,함양 향운암 명천스님의 여름 도시락,오고 가는 곳,싱가포르 창이공항,Technology,"생명 페달, 풋브레이크",,,2016-06-27,2016-06-29
640,1,5,내년에도 또 봄은 온다,2016,TS 메시지,내년에도 또 봄은 온다,TS 헤드라인,News,TS 핫이슈 1,군 교통사고 예방을 위한 교통안전공단·육군 업무협약,TS 핫이슈 2,자동차검사기간 SMS 서비스 신청으로 과태료 걱정 끝 !,TS 핫이슈 3,‘국민안전 다짐대회’와 ‘안전체험전’,,,2016-05-04,2016-05-04
639,1,4,"고령화 시대, 알파고와 자율주행 자동차",2016,TS 메시지,"고령화 시대, 알파고와 자율주행 자동차",권두 칼럼,"지난 1년의 선물, 나도 모르게 안전띠 캠페인송을 흥얼거려요",TS 헤드라인,News,TS 핫이슈 1,교통안전 취약지점 시설개선 사업,TS 핫이슈 2,"가고 싶은 일터 만들기, 2016 조직문화 개선",,,2016-04-04,2016-04-04
638,1,3,삼월은 씨앗을 뿌리는 달,2016,TS 메세지,삼월은 씨앗을 뿌리는 달,TS 헤드라인,News,권두칼럼,교통사고를 바라보는 공공의 관점,TS 핫이슈 1,조그마한 정성이 더해져 조금이라도 더 행복해지기를,TS 핫이슈 2,대중교통 우수기관 시상식 및 성과발표회,,,2016-03-03,2016-03-03
