순번,과정명,교육수료일,업종,수료여부
1,교통안전담당자 신규교육,2021-06-17,일반택시,Y
2,교통안전담당자 신규교육,2021-06-27,전세버스,Y
3,교통안전담당자 신규교육,2021-06-20,일반화물,Y
4,교통안전담당자 신규교육,2021-06-23,전세버스,Y
5,교통안전담당자 신규교육,2021-06-17,일반택시,Y
6,교통안전담당자 신규교육,2021-06-17,일반택시,Y
7,교통안전담당자 신규교육,2021-06-27,일반택시,Y
8,교통안전담당자 신규교육,2021-06-16,마을버스,Y
9,교통안전담당자 신규교육,2021-06-16,마을버스,Y
10,교통안전담당자 신규교육,2021-06-15,시내버스,Y
11,교통안전담당자 신규교육,2021-06-25,농어촌버스,Y
12,교통안전담당자 신규교육,2021-06-15,일반택시,Y
13,교통안전담당자 신규교육,2021-06-17,일반택시,Y
14,교통안전담당자 신규교육,2021-06-21,일반화물,Y
15,교통안전담당자 신규교육,2021-06-26,마을버스,Y
16,교통안전담당자 신규교육,2021-06-20,일반택시,Y
17,교통안전담당자 신규교육,2021-06-18,전세버스,Y
18,교통안전담당자 신규교육,2021-06-24,마을버스,Y
19,교통안전담당자 신규교육,2021-06-20,전세버스,Y
20,교통안전담당자 신규교육,2021-06-17,일반택시,Y
21,교통안전담당자 신규교육,2021-06-23,마을버스,Y
22,교통안전담당자 신규교육,2021-06-19,마을버스,Y
23,교통안전담당자 신규교육,2021-06-26,시내버스,Y
24,교통안전담당자 신규교육,2021-06-15,일반택시,Y
25,교통안전담당자 신규교육,2021-06-21,일반화물,Y
26,교통안전담당자 신규교육,2021-06-23,일반택시,Y
27,교통안전담당자 신규교육,2021-06-19,시내버스,Y
28,교통안전담당자 신규교육,2021-06-25,전세버스,Y
29,교통안전담당자 신규교육,2021-06-16,일반택시,Y
30,교통안전담당자 신규교육,2021-06-17,일반택시,Y
31,교통안전담당자 신규교육,2021-06-18,일반택시,Y
32,교통안전담당자 신규교육,2021-06-15,일반택시,Y
33,교통안전담당자 신규교육,2021-06-25,전세버스,Y
34,교통안전담당자 신규교육,2021-06-18,전세버스,Y
35,교통안전담당자 신규교육,2021-06-27,일반화물,Y
36,교통안전담당자 신규교육,2021-06-15,전세버스,Y
37,교통안전담당자 신규교육,2021-06-15,일반택시,Y
38,교통안전담당자 신규교육,2021-06-18,전세버스,Y
39,교통안전담당자 신규교육,2021-06-22,일반화물,Y
40,교통안전담당자 신규교육,2021-06-21,시내버스,Y
41,교통안전담당자 신규교육,2021-06-22,일반택시,Y
42,교통안전담당자 신규교육,2021-06-24,시내버스,Y
43,교통안전담당자 신규교육,2021-06-16,시내버스,Y
44,교통안전담당자 신규교육,2021-06-24,전세버스,Y
45,교통안전담당자 신규교육,2021-06-18,일반택시,Y
46,교통안전담당자 신규교육,2021-06-18,전세버스,Y
47,교통안전담당자 신규교육,2021-06-21,시내버스,Y
48,교통안전담당자 신규교육,2021-06-16,일반택시,Y
49,교통안전담당자 신규교육,2021-06-18,일반화물,Y
50,교통안전담당자 신규교육,2021-06-21,일반택시,Y
51,교통안전담당자 신규교육,2021-06-20,농어촌버스,Y
52,교통안전담당자 신규교육,2021-06-25,일반택시,Y
53,교통안전담당자 신규교육,2021-06-23,시내버스,Y
54,교통안전담당자 신규교육,2021-06-21,전세버스,Y
55,교통안전담당자 신규교육,2021-06-15,농어촌버스,Y
56,교통안전담당자 신규교육,2021-06-21,일반택시,Y
57,교통안전담당자 신규교육,2021-06-22,마을버스,Y
58,교통안전담당자 신규교육,2021-06-15,일반택시,Y
59,교통안전담당자 신규교육,2021-06-22,일반택시,Y
60,교통안전담당자 신규교육,2021-06-22,일반택시,Y
61,교통안전담당자 신규교육,2021-06-15,일반택시,Y
62,교통안전담당자 신규교육,2021-06-16,농어촌버스,Y
63,교통안전담당자 신규교육,2021-06-17,전세버스,Y
64,교통안전담당자 신규교육,2021-06-17,전세버스,Y
65,교통안전담당자 신규교육,2021-07-06,시내버스,Y
66,교통안전담당자 신규교육,2021-07-05,시내버스,Y
67,교통안전담당자 신규교육,2021-07-14,마을버스,Y
68,교통안전담당자 신규교육,2021-07-04,시외버스,Y
69,교통안전담당자 신규교육,2021-07-11,전세버스,Y
70,교통안전담당자 신규교육,2021-07-07,시내버스,Y
71,교통안전담당자 신규교육,2021-07-13,전세버스,Y
72,교통안전담당자 신규교육,2021-07-11,전세버스,Y
73,교통안전담당자 신규교육,2021-07-13,전세버스,Y
74,교통안전담당자 신규교육,2021-07-04,전세버스,Y
75,교통안전담당자 신규교육,2021-07-12,일반택시,Y
76,교통안전담당자 신규교육,2021-07-11,전세버스,Y
77,교통안전담당자 신규교육,2021-07-08,일반택시,Y
78,교통안전담당자 신규교육,2021-07-06,시내버스,Y
79,교통안전담당자 신규교육,2021-07-05,전세버스,Y
80,교통안전담당자 신규교육,2021-07-07,일반화물,Y
81,교통안전담당자 신규교육,2021-07-08,일반택시,Y
82,교통안전담당자 신규교육,2021-07-02,일반택시,Y
133,교통안전담당자 교육,2021-06-20,마을버스,Y
134,교통안전담당자 교육,2021-06-15,전세버스,Y
135,교통안전담당자 교육,2021-06-25,시내버스,Y
136,교통안전담당자 교육,2021-06-23,일반택시,Y
137,교통안전담당자 교육,2021-06-22,일반택시,Y
138,교통안전담당자 교육,2021-06-17,일반택시,Y
139,교통안전담당자 교육,2021-06-16,시내버스,Y
140,교통안전담당자 교육,2021-06-16,마을버스,Y
141,교통안전담당자 교육,2021-06-18,일반택시,Y
142,교통안전담당자 교육,2021-06-18,전세버스,Y
143,교통안전담당자 교육,2021-06-27,전세버스,Y
144,교통안전담당자 교육,2021-06-24,시내버스,Y
145,교통안전담당자 교육,2021-06-23,일반택시,Y
146,교통안전담당자 교육,2021-06-17,전세버스,Y
147,교통안전담당자 교육,2021-06-18,일반택시,Y
148,교통안전담당자 교육,2021-06-15,시내버스,Y
149,교통안전담당자 교육,2021-06-16,일반택시,Y
150,교통안전담당자 교육,2021-06-25,시내버스,Y
151,교통안전담당자 교육,2021-06-23,일반화물,Y
152,교통안전담당자 교육,2021-06-16,시내버스,Y
153,교통안전담당자 교육,2021-06-25,일반택시,Y
154,교통안전담당자 교육,2021-06-19,일반택시,Y
155,교통안전담당자 교육,2021-06-26,일반화물,Y
156,교통안전담당자 교육,2021-06-21,시내버스,Y
157,교통안전담당자 교육,2021-06-16,일반택시,Y
158,교통안전담당자 교육,2021-06-18,일반택시,Y
159,교통안전담당자 교육,2021-06-20,일반택시,Y
160,교통안전담당자 교육,2021-06-22,전세버스,Y
161,교통안전담당자 교육,2021-06-20,마을버스,Y
162,교통안전담당자 교육,2021-06-25,시내버스,Y
163,교통안전담당자 교육,2021-06-17,일반택시,Y
164,교통안전담당자 교육,2021-06-21,일반택시,Y
165,교통안전담당자 교육,2021-06-15,전세버스,Y
166,교통안전담당자 교육,2021-06-17,전세버스,Y
167,교통안전담당자 교육,2021-06-15,시내버스,Y
168,교통안전담당자 교육,2021-06-21,일반택시,Y
169,교통안전담당자 교육,2021-06-17,전세버스,Y
170,교통안전담당자 교육,2021-06-15,시내버스,Y
171,교통안전담당자 교육,2021-06-27,일반택시,Y
172,교통안전담당자 교육,2021-06-21,마을버스,Y
173,교통안전담당자 교육,2021-06-18,일반택시,Y
174,교통안전담당자 교육,2021-06-21,전세버스,Y
175,교통안전담당자 교육,2021-06-17,일반택시,Y
176,교통안전담당자 교육,2021-06-15,시내버스,Y
177,교통안전담당자 교육,2021-06-15,마을버스,Y
178,교통안전담당자 교육,2021-06-19,농어촌버스,Y
179,교통안전담당자 교육,2021-06-23,일반화물,Y
180,교통안전담당자 교육,2021-06-21,일반화물,Y
181,교통안전담당자 교육,2021-06-24,일반택시,Y
182,교통안전관리자시험 일부면제자교육,2021-05-21,전세버스,Y
183,교통안전관리자시험 일부면제자교육,2021-05-21,전세버스,Y
184,교통안전관리자시험 일부면제자교육,2021-05-21,일반택시,Y
185,교통안전관리자시험 일부면제자교육,2021-05-21,일반택시,Y
186,교통안전관리자시험 일부면제자교육,2021-05-21,시내버스,Y
187,교통안전관리자시험 일부면제자교육,2021-05-21,시내버스,Y
188,교통안전관리자시험 일부면제자교육,2021-05-21,전세버스,Y
189,교통안전관리자시험 일부면제자교육,2021-05-21,일반택시,Y
190,에코드라이브 체험교육,2020-05-30,일반화물,Y
191,에코드라이브 체험교육,2020-05-30,일반화물,Y
192,에코드라이브 체험교육,2020-05-30,일반화물,Y
193,에코드라이브 체험교육,2020-05-30,일반화물,Y
194,에코드라이브 체험교육,2020-05-30,일반화물,Y
195,에코드라이브 체험교육,2020-05-30,일반화물,Y
196,에코드라이브 체험교육,2020-05-30,일반화물,Y
197,에코드라이브 체험교육,2020-05-30,일반화물,Y
198,에코드라이브 체험교육,2020-05-30,일반화물,Y
199,에코드라이브 체험교육,2020-05-30,일반화물,Y
200,에코드라이브 체험교육,2020-05-30,일반화물,Y
201,에코드라이브 체험교육,2020-05-30,일반화물,Y
202,에코드라이브 체험교육,2020-05-30,일반화물,Y
203,에코드라이브 체험교육,2020-05-30,일반화물,Y
204,에코드라이브 체험교육,2020-05-30,일반화물,Y
205,에코드라이브 체험교육,2020-05-30,일반화물,Y
206,에코드라이브 체험교육,2020-05-30,일반화물,Y
207,에코드라이브 체험교육,2020-05-30,일반화물,Y
208,에코드라이브 체험교육,2020-05-30,일반화물,Y
209,에코드라이브 체험교육,2020-05-30,일반화물,Y
210,에코드라이브 체험교육,2020-06-26,전세버스,Y
211,에코드라이브 체험교육,2020-06-26,전세버스,Y
212,에코드라이브 체험교육,2020-06-26,전세버스,Y
213,에코드라이브 체험교육,2020-06-26,전세버스,Y
214,에코드라이브 체험교육,2020-06-26,전세버스,Y
215,에코드라이브 체험교육,2020-06-26,전세버스,Y
216,에코드라이브 체험교육,2020-06-26,전세버스,Y
217,에코드라이브 체험교육,2020-06-26,전세버스,Y
218,에코드라이브 체험교육,2020-06-26,전세버스,Y
219,에코드라이브 체험교육,2020-06-26,전세버스,Y
220,에코드라이브 체험교육,2020-06-26,전세버스,Y
221,에코드라이브 체험교육,2020-06-26,전세버스,Y
222,에코드라이브 체험교육,2020-06-26,전세버스,Y
223,에코드라이브 체험교육,2020-06-26,전세버스,Y
224,에코드라이브 체험교육,2020-06-26,전세버스,Y
225,에코드라이브 체험교육,2020-06-26,전세버스,Y
226,에코드라이브 체험교육,2020-06-26,전세버스,Y
227,에코드라이브 체험교육,2020-06-26,전세버스,Y
228,에코드라이브 체험교육,2020-06-26,전세버스,Y
229,에코드라이브 체험교육,2020-06-26,전세버스,Y
230,에코드라이브 체험교육,2020-11-23,개인택시,Y
231,에코드라이브 체험교육,2020-11-23,개인택시,Y
232,에코드라이브 체험교육,2020-11-23,개인택시,Y
233,에코드라이브 체험교육,2020-11-23,개인택시,Y
234,에코드라이브 체험교육,2020-11-23,개인택시,Y
235,에코드라이브 체험교육,2020-11-23,개인택시,Y
236,에코드라이브 체험교육,2020-11-23,개인택시,Y
237,에코드라이브 체험교육,2020-11-23,개인택시,Y
238,에코드라이브 체험교육,2020-11-23,개인택시,Y
239,에코드라이브 체험교육,2020-11-23,개인택시,Y
240,에코드라이브 체험교육,2020-11-23,개인택시,Y
241,에코드라이브 체험교육,2020-11-23,개인택시,Y
242,에코드라이브 체험교육,2020-11-23,개인택시,Y
243,에코드라이브 체험교육,2020-11-23,개인택시,Y
244,에코드라이브 체험교육,2020-11-23,개인택시,Y
245,에코드라이브 체험교육,2020-11-23,개인택시,Y
246,에코드라이브 체험교육,2020-11-23,개인택시,Y
247,에코드라이브 체험교육,2020-11-23,개인택시,Y
248,에코드라이브 체험교육,2020-11-23,개인택시,Y
249,에코드라이브 체험교육,2020-11-23,개인택시,Y
