파일일련번호,원본파일명,파일확장자,파일크기,파일설명,최초등록일시,게시판일련번호
423,자동차 튜닝 세부 업무 매뉴얼(2020년 v2).pdf,pdf,7152140,자동차 튜닝 세부 업무 매뉴얼(2020년 v2),2020-03-25,4884
422,2019년도 안전단속 유형별 현황.xlsx,xlsx,13133,2019년도 안전단속 유형별 현황,2020-03-10,4885
420,자동차 튜닝 세부 업무 매뉴얼(2020년 v1).pdf,pdf,7039962,자동차 튜닝 세부 업무 매뉴얼(2020년 v1),2020-03-04,4877
418,[붙임] 공지사항_제작사용V2.pdf,pdf,79905,[붙임] 공지사항_제작사용V2,2020-02-27,4867
417,어린이하차확인장치 성능시험 추진경과 V22.pdf,pdf,238687,어린이하차확인장치 성능시험 추진경과 V22,2020-02-27,4867
416,종합검사의 시설ㆍ장비ㆍ인력기준(제14조 관련).hwp,hwp,22016,종합검사의 시설ㆍ장비ㆍ인력기준(제14조 관련),2020-02-12,4883
414,자동차 튜닝 세부 업무규정 통합본(2019년도 최종).pdf,pdf,8739522,자동차 튜닝 세부 업무규정 통합본(2019년도 최종),2020-02-12,4882
413,자동차 튜닝 세부 업무규정 통합본(2019년도 최종).pdf,pdf,8739522,자동차 튜닝 세부 업무규정 통합본(2019년도 최종),2020-02-12,4881
412,[별지 제6호서식] 측정기기 정도검사 신청서.hwp,hwp,15872,[별지 제6호서식] 측정기기 정도검사 신청서,2020-02-10,113
411,검사기기 수리업체 안내.png,png,548291,검사기기 수리업체 안내,2020-02-10,207
410,사업용자동차 운전자 운전적성에 대한 정밀검사 관리규정.pdf,pdf,17195,사업용자동차 운전자 운전적성에 대한 정밀검사 관리규정,2020-01-21,4825
409,자동차 튜닝 세부 업무규정 통합본(2019년도최종).pdf,pdf,11168879,자동차 튜닝 세부 업무규정 통합본(2019년도최종),2020-01-20,4880
408,궤도시설 및 전용궤도시설 안전검사신청서.hwp,hwp,16384,궤도시설 및 전용궤도시설 안전검사신청서,2019-12-18,4879
407,기계ㆍ기구 정밀도검사신청서 (최초¸ 정기¸ 구조변경).hwp,hwp,15872,기계ㆍ기구 정밀도검사신청서 (최초¸ 정기¸ 구조변경),2019-12-18,4878
405,190810_2장 기중기_타이어식.hwp,hwp,41984,190810_2장 기중기_타이어식,2019-12-18,4875
402,「자동차 튜닝에 관한 규정」등 고시 개정에 따른 업무지시.pdf,pdf,254924,「자동차 튜닝에 관한 규정」등 고시 개정에 따른 업무지시,2019-11-29,4876
401,190810_3장 공통사항 형식승인 서류 양식.hwp,hwp,153088,190810_3장 공통사항 형식승인 서류 양식,2019-10-16,4875
396,190810_2장 로더_타이어식.hwp,hwp,75264,190810_2장 로더_타이어식,2019-10-16,4875
397,190810_2장 모터그레이더_타이어식.hwp,hwp,46080,190810_2장 모터그레이더_타이어식,2019-10-16,4875
398,190810_2장 천공기_타이어식.hwp,hwp,25088,190810_2장 천공기_타이어식,2019-10-16,4875
399,190810_2장 콘크리트믹서트럭_타이어식.hwp,hwp,24064,190810_2장 콘크리트믹서트럭_타이어식,2019-10-16,4875
400,190810_2장 콘크리트펌프_타이어식.hwp,hwp,48640,190810_2장 콘크리트펌프_타이어식,2019-10-16,4875
393,190810_2장 굴착기_타이어식.hwp,hwp,26624,190810_2장 굴착기_타이어식,2019-10-16,4875
395,190810_2장 덤프트럭_타이어식.hwp,hwp,24576,190810_2장 덤프트럭_타이어식,2019-10-16,4875
392,형식승인신청서.hwp,hwp,20480,형식승인신청서,2019-10-16,4831
391,건설기계 형식승인(신고)제원_20171116-20191016.xlsx,xlsx,1278601,건설기계 형식승인(신고)제원_20171116-20191016,2019-10-16,4874
388,"튜닝 방문승인 절차, 전자승인 절차 안내.jpg",jpg,148142,"튜닝 방문승인 절차, 전자승인 절차 안내",2019-06-19,4835
387,2019년 자동차 단속업무 매뉴얼(게시용).pdf,pdf,35924374,2019년 자동차 단속업무 매뉴얼(게시용),2019-06-15,4828
384,타이어 기술 교육자료집.pdf,pdf,26022938,타이어 기술 교육자료집,2019-03-15,4873
383,기계기구정밀도검사 신청서(별지_42호서식).hwp,hwp,15872,기계기구정밀도검사 신청서(별지_42호서식),2019-03-11,4872
380,건설기계 형식승인(신고)제원_20180901~20190213.xlsx,xlsx,260519,건설기계 형식승인(신고)제원_20180901~20190213,2019-02-13,4871
377,제작사별 원동기 실린더블럭 호환 리스트.hwp,hwp,39424,제작사별 원동기 실린더블럭 호환 리스트,2019-01-15,4870
376,차종변경관련 추가 공지사항.hwp,hwp,159744,차종변경관련 추가 공지사항,2019-01-09,4869
375,차종변경 안내문.pdf,pdf,73205,차종변경 안내문,2019-01-08,4868
374,자동차 튜닝 세부업무규정(차종변경).pdf,pdf,91080,자동차 튜닝 세부업무규정(차종변경),2019-01-08,4868
371,자동차 튜닝 세부 업무규정 통합본(2018년도 최종) 개정판.pdf,pdf,19374370,자동차 튜닝 세부 업무규정 통합본(2018년도 최종) 개정판,2018-10-25,4847
370,건설기계 형식승인(신고)제원_ 20180501~20180831.xlsx,xlsx,246428,건설기계 형식승인(신고)제원_ 20180501~20180831,2018-09-10,4866
369,불법자동차_단속업무_매뉴얼(2018년_증보판).pdf,pdf,13455302,불법자동차_단속업무_매뉴얼(2018년_증보판),2018-07-31,4828
368,[별지 제8호의3서식] 기계식주차장치 안전도심사 신청서.hwp,hwp,16384,[별지 제8호의3서식] 기계식주차장치 안전도심사 신청서,2018-07-03,116
367,[별지 제8호의8서식] 기계식주차장 검사 신청서.hwp,hwp,32768,[별지 제8호의8서식] 기계식주차장 검사 신청서,2018-07-03,117
366,건설기계 안전기준 시험장비.jpg,jpg,559357,건설기계 안전기준 시험장비,2018-06-04,4865
365,교정교육지침서(2018).pdf,pdf,800289,교정교육지침서(2018),2018-05-29,4861
364,이륜자동차 배출가스 정기검사 매뉴얼(20180528).pdf,pdf,35785215,이륜자동차 배출가스 정기검사 매뉴얼(20180528),2018-05-28,4864
363,이륜자동차 배출가스 정기검사 매뉴얼(20180528).pdf,pdf,35785215,이륜자동차 배출가스 정기검사 매뉴얼(20180528),2018-05-28,4818
362,위임장양식(개인정보보호법).hwp,hwp,11264,위임장양식(개인정보보호법),2018-05-28,169
360,건설기계형식승인(형식신고)제원_20171117-20180430.xls,xls,519033,건설기계형식승인(형식신고)제원_20171117-20180430,2018-04-30,4863
359,[별표 2] 종합검사의 시설ㆍ장비ㆍ인력기준(제14조 관련).pdf,pdf,69970,[별표 2] 종합검사의 시설ㆍ장비ㆍ인력기준(제14조 관련),2018-01-25,161
358,위임장 양식.hwp,hwp,11264,위임장 양식,2018-01-11,112
356,Tulips.jpg,jpg,620888,Tulips,2017-10-17,4860
355,건설기계형식승인(형식신고) 제원1990-20171116까지.xlsx,xlsx,20113786,건설기계형식승인(형식신고) 제원1990-20171116까지,2017-10-17,4859
