접수본부,업체구분,기기명,종별,검사일,재검일,결과,형식,고유번호,불합격 내용
광주전남본부,정비소형,사이드슬립측정기,정기,2022-01-04,2022-01-25,합격,KSST-305B,72,"0점 지시(±0.2mm/m) 부적합, 5밀리미터 지시(±0.2mm/m) 부적합"
광주전남본부,정비소형,제동시험기,정기,2022-01-04,2022-01-25,합격,KBT-300A,86,"좌,우 롤러구동모터 부적합, 제어박스 작동불"
광주전남본부,정비소형,주행빔전조등시험기,정기,2022-01-04,2022-01-25,합격,H-300A,378,"광도 지시계 손상 또는 작동 부적합, 광축 지시계 손상 또는 작동 부적합"
대구경북본부,정비종합,사이드슬립측정기,정기,2022-01-04,,불합격,DBC-101DF,5,기기작동불
대구경북본부,정비종합,제동시험기,정기,2022-01-04,,불합격,DBC-102DF,5,기기작동불
대구경북본부,정비종합,속도계시험기,정기,2022-01-04,,불합격,DBC-103DF,5,기기작동불
광주전남본부,정비소형,제동시험기,정기,2022-01-04,,불합격,SHM-2-B.SP,M2031,"좌,우 자동차 입퇴출용 장치(리프트, 롤러고정장치 등, 좌,우 롤러구동모터 부적합"
광주전남본부,정비소형,속도계시험기,정기,2022-01-04,,불합격,SHM-2-B.SP,M2031,"좌,우 자동차 입퇴출용 장치(리프트, 롤러고정장치 등"
광주전남본부,정비종합,사이드슬립측정기,정기,2022-01-05,2022-05-09,합격,SHM-10-A5P,M1667,지시값의 과도한 떨림
광주전남본부,정비종합,제동시험기,정기,2022-01-05,2022-05-09,합격,SHM-10-B.SP,M1667,좌제동력지시(±5%) 부적합
광주전남본부,정비종합,사이드슬립측정기,정기,2022-01-05,,불합격,SHC-10-A,2234,제어박스 작동불
광주전남본부,정비종합,제동시험기,정기,2022-01-05,,불합격,SHC-10-B,2234,제어박스 작동불
광주전남본부,정비종합,속도계시험기,정기,2022-01-05,,불합격,SHC-10-SP,2234,제어박스 작동불
광주전남본부,정비종합,주행빔전조등시험기,정기,2022-01-05,,불합격,SHC-300,1437,수광부지지대 설치상태 불량
부산본부,정비소형,사이드슬립측정기,정기,2022-01-07,2022-03-03,합격,SMA-3A,91003,제어박스 작동불
부산본부,정비소형,제동시험기,정기,2022-01-07,2022-03-03,합격,SMA-3B,91003,"좌,우 자동차 입퇴출용 장치(리프트, 롤러고정장치 등, 좌,우 롤러구동모터 부적합, 지시계 지시값 부적합"
부산본부,정비소형,속도계시험기,정기,2022-01-07,2022-03-03,합격,SMA-3S,91003,"좌,우 자동차 입퇴출용 장치(리프트, 롤러고정장치 등"
대구경북본부,정비소형,제동시험기,최초,2022-01-10,2022-01-11,합격,DKM-3-BSTG,1814,"좌제동력지시(±5%) 부적합, 우제동력지시(±5%) 부적합"
광주전남본부,정비소형,제동시험기,정기,2022-01-11,2022-01-24,합격,DBC-32DF2,127,"좌,우 자동차 입퇴출용 장치(리프트, 롤러고정장치 등"
광주전남본부,정비소형,사이드슬립측정기,정기,2022-01-11,2022-01-24,합격,SHM-2-A5,M2039,기기작동불
광주전남본부,정비소형,제동시험기,정기,2022-01-11,2022-01-24,합격,SHM-2-B.SP,M2039,기기작동불
광주전남본부,정비소형,속도계시험기,정기,2022-01-11,2022-01-24,합격,SHM-2-B.SP,M2039,기기작동불
광주전남본부,정비소형,사이드슬립측정기,정기,2022-01-11,2022-01-27,합격,SHM-2-A5,M2150,제어박스 작동불
광주전남본부,정비소형,제동시험기,정기,2022-01-11,2022-01-27,합격,SHM-2-B.SP,M2150,제어박스 작동불
광주전남본부,정비소형,속도계시험기,정기,2022-01-11,2022-01-27,합격,SHM-2-B.SP,M2150,제어박스 작동불
대전세종충남본부,자동차제작사,제동시험기,정기,2022-01-11,2022-02-15,합격,TS-10-B,11,지시계 작동 불량
광주전남본부,정비종합,주행빔전조등시험기,정기,2022-01-11,2022-01-27,합격,SHC-300,1448,레일 설치상태 불량
서울본부,정비소형,사이드슬립측정기,정기,2022-01-11,,불합격,DSM-3-AT,3276,기기작동불
서울본부,정비소형,속도계시험기,정기,2022-01-11,,불합격,DSM-3-BSL,3276,기기작동불
서울본부,정비소형,주행빔전조등시험기,정기,2022-01-11,,불합격,DSM-300,3425,광축 지시계 손상 또는 작동 부적합
광주전남본부,정비소형,사이드슬립측정기,정기,2022-01-12,2022-01-27,합격,DKM-10-AAP,10276,제어박스 작동불
광주전남본부,정비소형,제동시험기,정기,2022-01-12,2022-01-27,합격,DKM-3-BS,3175,제어박스 작동불
광주전남본부,정비소형,속도계시험기,정기,2022-01-12,2022-01-27,합격,DKM-3-BS,3175,제어박스 작동불
광주전남본부,정비소형,주행빔전조등시험기,정기,2022-01-12,2022-01-27,합격,DKM-3000,5719,레일 설치상태 불량
부산본부,정비소형,제동시험기,정기,2022-01-12,2022-02-11,합격,SHM-2-B.SP,M2157,"좌,우 자동차 입퇴출용 장치(리프트, 롤러고정장치 등, 좌,우 롤러구동모터 부적합"
부산본부,정비소형,속도계시험기,정기,2022-01-12,2022-02-11,합격,SHM-2-B.SP,M2157,"좌,우 자동차 입퇴출용 장치(리프트, 롤러고정장치 등"
광주전남본부,정비소형,제동시험기,정기,2022-01-12,2022-01-24,합격,DKM-3-BS,3176,"좌,우 롤러구동모터 부적합"
광주전남본부,정비소형,속도계시험기,정기,2022-01-12,2022-01-24,합격,DKM-3-BS,3176,기기작동불
광주전남본부,정비소형,주행빔전조등시험기,정기,2022-01-12,2022-01-24,합격,THL-3S,538,각도 광축편차 부적합
광주전남본부,정비소형,속도계시험기,정기,2022-01-13,2022-01-14,합격,DBC-33DF2,49,"좌,우 자동차 입퇴출용 장치(리프트, 롤러고정장치 등"
광주전남본부,정비소형,주행빔전조등시험기,정기,2022-01-13,2022-01-14,합격,SHC-300,1096,레일 설치상태 불량
광주전남본부,정비소형,사이드슬립측정기,정기,2022-01-13,2022-02-25,합격,DBC-101A,56,제어박스 작동불
광주전남본부,정비소형,제동시험기,정기,2022-01-13,2022-02-25,합격,DBC-102,50,제어박스 작동불
광주전남본부,정비소형,속도계시험기,정기,2022-01-13,2022-02-25,합격,DBC-103,49,제어박스 작동불
광주전남본부,정비소형,사이드슬립측정기,정기,2022-01-14,2022-05-02,합격,SHC-3-A,1058,제어박스 작동불
광주전남본부,정비소형,제동시험기,정기,2022-01-14,2022-05-02,합격,SHC-3-B,1058,제어박스 작동불
광주전남본부,정비소형,속도계시험기,정기,2022-01-14,2022-05-02,합격,SHC-3-SP,1058,제어박스 작동불
광주전남본부,정비소형,주행빔전조등시험기,정기,2022-01-14,2022-05-02,합격,SHC-300,1184,500
대구경북본부,정비종합,제동시험기,정기,2022-01-17,2022-03-10,합격,SHC-10-B,2002,기기작동불
대구경북본부,정비종합,속도계시험기,정기,2022-01-17,2022-03-10,합격,SHC-10-SP,2002,기기작동불
광주전남본부,정비종합,사이드슬립측정기,정기,2022-01-17,2022-02-24,합격,BLA-10-2,6005,지시값의 과도한 떨림
광주전남본부,정비종합,제동시험기,정기,2022-01-17,2022-02-24,합격,BLBS-10-2,6005,"좌,우 롤러구동모터 부적합, 좌,우 제동력전달장치 부적합"
부산본부,정비소형,사이드슬립측정기,정기,2022-01-19,2022-05-18,합격,KSST-1000B,56,"0점 지시(±0.2mm/m) 부적합, 5밀리미터 지시(±0.2mm/m) 부적합, 답판작동력 부적합"
부산본부,정비소형,제동시험기,정기,2022-01-19,2022-05-18,합격,DSM-10-BST,1127,"좌,우 자동차 입퇴출용 장치(리프트, 롤러고정장치 등, 좌,우 롤러구동모터 부적합"
부산본부,정비소형,속도계시험기,정기,2022-01-19,2022-05-18,합격,DSM-10-BST,1127,"좌,우 자동차 입퇴출용 장치(리프트, 롤러고정장치 등"
부산본부,정비소형,주행빔전조등시험기,정기,2022-01-19,2022-05-18,합격,DSM-300,3075,수광부지지대 설치상태 불량
광주전남본부,정비종합,사이드슬립측정기,정기,2022-01-20,2022-03-02,합격,HI-60AA,OAA3101,답판 작동(고착) 부적합
광주전남본부,정비종합,제동시험기,정기,2022-01-20,2022-03-02,합격,HI-60AB,OAB3101,좌제동력지시(±5%) 부적합
광주전남본부,정비종합,속도계시험기,정기,2022-01-20,2022-03-02,합격,HI-60AS,OMS3101,500
서울본부,정비종합,제동시험기,정기,2022-01-20,2022-01-21,합격,KBT-1010DB-5,87,"좌,우 자동차 입퇴출용 장치(리프트, 롤러고정장치 등, 좌제동력지시(±5%) 부적합, 우제동력지시(±5%) 부적합"
대전세종충남본부,정비종합,주행빔전조등시험기,정기,2022-01-20,2022-02-21,합격,JHT-500M,HTM09216,기기작동불
대구경북본부,정비소형,제동시험기,정기,2022-01-24,2022-05-02,합격,DKM-2-BIC,2120,기기작동불
대구경북본부,정비소형,속도계시험기,정기,2022-01-24,2022-05-02,합격,DKM-2-SP,2120,기기작동불
대전세종충남본부,지정(정기),가스누출감지기,정기,2022-01-24,,불합격,SH-808,39616,"지시계 부적합, 경보장치 부적합, 폭발하한값(20%) 감지 부적합, 기기작동불"
서울본부,운수업체,속도계시험기,정기,2022-01-24,2022-01-27,합격,DBC-10T-SP,30,"형식,제작번호,허용축중,제작일자,제작회사 미표시"
광주전남본부,정비종합,제동시험기,최초,2022-01-24,2022-01-25,합격,SOM-10-BSL,1011,우제동력지시(±5%) 부적합
부산본부,정비종합,사이드슬립측정기,정기,2022-01-26,2022-02-25,합격,SHC-15-A-1,3707,"답판 작동(고착) 부적합, 기기작동불"
부산본부,정비종합,제동시험기,정기,2022-01-26,2022-02-25,합격,DBC-15B-2,15015,기기작동불
부산본부,정비종합,속도계시험기,정기,2022-01-26,2022-02-25,합격,DBC-15SP-2,3707,기기작동불
부산본부,정비종합,주행빔전조등시험기,정기,2022-01-26,2022-02-25,합격,SHC-100,1720,기기작동불
서울본부,정비소형,제동시험기,정기,2022-01-26,2022-02-07,합격,SHM-3-B.SP,M1665,"형식,제작번호,허용축중,제작일자,제작회사 미표시"
서울본부,정비소형,속도계시험기,정기,2022-01-26,2022-02-07,합격,SHM-3-B.SP,M1665,"형식,제작번호,허용축중,제작일자,제작회사 미표시"
광주전남본부,정비종합,사이드슬립측정기,정기,2022-01-27,2022-03-21,합격,KSST-305B,298,제어박스 작동불
광주전남본부,정비종합,제동시험기,정기,2022-01-27,2022-03-21,합격,BSCT-300AL-1,119,제어박스 작동불
광주전남본부,정비종합,속도계시험기,정기,2022-01-27,2022-03-21,합격,BSCT-300AL-1,119,제어박스 작동불
서울본부,정비소형,사이드슬립측정기,정기,2022-01-27,2022-02-08,합격,DBC-10T-S,62,"형식,제작번호,제작일자,제작회사 미표시"
서울본부,정비종합,사이드슬립측정기,정기,2022-01-28,2022-02-10,합격,DBC-101DF,149,"형식,제작번호,제작일자,제작회사 미표시"
광주전남본부,정비소형,사이드슬립측정기,정기,2022-02-03,2022-03-02,합격,DBC-301,1113,"0점 지시(±0.2mm/m) 부적합, 5밀리미터 지시(±0.2mm/m) 부적합"
광주전남본부,정비소형,제동시험기,정기,2022-02-03,2022-03-02,합격,DBC-6000B,136,"좌,우 롤러구동모터 부적합"
서울본부,정비소형,사이드슬립측정기,정기,2022-02-07,2022-02-08,합격,KSST-150P,1,"형식,제작번호,제작일자,제작회사 미표시"
서울본부,정비소형,제동시험기,정기,2022-02-07,2022-02-08,합격,KBT-150P,1,"형식,제작번호,허용축중,제작일자,제작회사 미표시"
서울본부,정비소형,속도계시험기,정기,2022-02-07,2022-02-08,합격,KSMT-150P,1,"형식,제작번호,허용축중,제작일자,제작회사 미표시"
서울본부,정비소형,사이드슬립측정기,정기,2022-02-08,2022-02-21,합격,DSM-3-AT,3144,"형식,제작번호,제작일자,제작회사 미표시"
서울본부,정비종합,주행빔전조등시험기,정기,2022-02-08,2022-02-17,합격,DKM-3001,1736,수광부지지대 설치상태 불량
부산본부,정비종합,사이드슬립측정기,정기,2022-02-09,2022-05-30,합격,DBC-15A-1,2526,기기작동불
서울본부,정비종합,사이드슬립측정기,정기,2022-02-09,2022-02-25,합격,DBC-301,1162,"형식,제작번호,제작일자,제작회사 미표시"
서울본부,정비종합,제동시험기,정기,2022-02-09,2022-02-25,합격,DBC-6000B,227,"형식,제작번호,허용축중,제작일자,제작회사 미표시"
서울본부,정비소형,사이드슬립측정기,정기,2022-02-10,2022-02-15,합격,SHM-3-A5-1,M2185,"형식,제작번호,제작일자,제작회사 미표시"
서울본부,정비소형,제동시험기,정기,2022-02-10,2022-02-15,합격,SHM-3-B-1,M2185,"형식,제작번호,허용축중,제작일자,제작회사 미표시"
대구경북본부,정비종합,사이드슬립측정기,정기,2022-02-10,2022-03-18,합격,SHC-10-A,2101,제어박스 작동불
대구경북본부,정비종합,제동시험기,정기,2022-02-10,2022-03-18,합격,SHC-10-B,2101,제어박스 작동불
대구경북본부,정비종합,속도계시험기,정기,2022-02-10,2022-03-18,합격,SHC-10-SP,2101,제어박스 작동불
서울본부,정비소형,사이드슬립측정기,정기,2022-02-14,2022-02-16,합격,DSM-3-AT,3189,"형식,제작번호,제작일자,제작회사 미표시"
서울본부,정비소형,제동시험기,정기,2022-02-14,2022-02-16,합격,DSM-3-BSL,3189,"형식,제작번호,허용축중,제작일자,제작회사 미표시"
서울본부,정비소형,속도계시험기,정기,2022-02-14,2022-02-16,합격,DSM-3-BSL,3189,"형식,제작번호,허용축중,제작일자,제작회사 미표시"
서울본부,정비종합,제동시험기,정기,2022-02-14,2022-02-24,합격,SHM-10-B.SP-3G,M1103,"형식,제작번호,허용축중,제작일자,제작회사 미표시"
서울본부,정비종합,속도계시험기,정기,2022-02-14,2022-02-24,합격,SHM-10-B.SP-3G,M1103,"형식,제작번호,허용축중,제작일자,제작회사 미표시"
서울본부,정비종합,사이드슬립측정기,정기,2022-02-15,2022-02-16,합격,SHC-10-A,2603,"형식,제작번호,제작일자,제작회사 미표시"
서울본부,정비종합,사이드슬립측정기,정기,2022-02-15,2022-02-21,합격,SHM-10-A5P,M1303,"형식,제작번호,제작일자,제작회사 미표시"
서울본부,정비종합,제동시험기,정기,2022-02-15,2022-02-21,합격,SHM-10-B.SP-GG,M2013,"좌,우 자동차 입퇴출용 장치(리프트, 롤러고정장치 등, 형식,제작번호,허용축중,제작일자,제작회사 미표시"
서울본부,정비종합,속도계시험기,정기,2022-02-15,2022-02-21,합격,SHM-10-B.SP-GG,M2013,"좌,우 자동차 입퇴출용 장치(리프트, 롤러고정장치 등, 형식,제작번호,허용축중,제작일자,제작회사 미표시, 기기작동불"
서울본부,정비종합,주행빔전조등시험기,정기,2022-02-15,2022-02-21,합격,SHM-3001,M2013,"형식,제작번호,제작일자,제작회사 미표시"
대구경북본부,정비종합,제동시험기,정기,2022-02-15,2022-02-16,합격,SHM-15-B-1,M2732,"좌제동력지시(±5%) 부적합, 좌우합계제동력지시(±5%) 부적합, 좌우차이제동력지시(±5%) 부적합"
서울본부,정비소형,속도계시험기,정기,2022-02-16,2022-02-28,합격,DBC-103DF,96,"형식,제작번호,허용축중,제작일자,제작회사 미표시"
서울본부,정비소형,주행빔전조등시험기,정기,2022-02-16,2022-03-11,합격,SHM-3001,1742,레일 설치상태 불량
서울본부,정비종합,제동시험기,정기,2022-02-16,2022-03-02,합격,AUTO-BS-3T,3-263,좌 롤러구동모터 부적합
서울본부,정비종합,사이드슬립측정기,정기,2022-02-17,2022-02-25,합격,TST-3000E,504,답판 작동(고착) 부적합
서울본부,정비종합,제동시험기,정기,2022-02-17,2022-02-25,합격,TBT-6000A,131,"좌,우 롤러구동모터 부적합"
부산본부,정비소형,제동시험기,정기,2022-02-17,2022-06-30,합격,SHM-3-B-1,M2344,"좌,우 자동차 입퇴출용 장치(리프트, 롤러고정장치 등"
부산본부,정비소형,속도계시험기,정기,2022-02-17,2022-06-30,합격,SHM-3-SP-1,M2344,"좌,우 자동차 입퇴출용 장치(리프트, 롤러고정장치 등, 지시계 작동 불량"
서울본부,정비소형,사이드슬립측정기,정기,2022-02-17,2022-09-16,합격,DKM-2-A,2061,"형식,제작번호,제작일자,제작회사 미표시"
서울본부,정비소형,제동시험기,정기,2022-02-18,2022-02-25,합격,DBC-32DF2,248,우제동력지시(±5%) 부적합
광주전남본부,정비소형,사이드슬립측정기,정기,2022-02-18,2022-09-22,합격,SHC-3-S,1020,제어박스 작동불
광주전남본부,정비소형,제동시험기,정기,2022-02-18,2022-09-22,합격,SHC-3-B,1020,제어박스 작동불
광주전남본부,정비소형,속도계시험기,정기,2022-02-18,2022-09-22,합격,SHC-3-SP,1020,제어박스 작동불
서울본부,정비종합,사이드슬립측정기,정기,2022-02-21,2022-03-16,합격,AUTO-A-10T,163,"형식,제작번호,제작일자,제작회사 미표시"
서울본부,정비종합,제동시험기,정기,2022-02-21,2022-03-16,합격,AUTO-B-10T,163,"형식,제작번호,허용축중,제작일자,제작회사 미표시"
서울본부,정비종합,사이드슬립측정기,정기,2022-02-21,2022-03-10,합격,AUTO-A-10T,292,"형식,제작번호,제작일자,제작회사 미표시"
서울본부,정비종합,제동시험기,정기,2022-02-21,2022-03-10,합격,AUTO-B-10T-11,292,"형식,제작번호,허용축중,제작일자,제작회사 미표시"
서울본부,정비종합,속도계시험기,정기,2022-02-21,2022-03-10,합격,AUTO-S-10T,292,"형식,제작번호,허용축중,제작일자,제작회사 미표시"
광주전남본부,정비종합,사이드슬립측정기,정기,2022-02-21,2022-03-21,합격,SHC-10-A,2171,기기작동불
광주전남본부,정비종합,제동시험기,정기,2022-02-21,2022-03-21,합격,SHC-10-B,2171,기기작동불
광주전남본부,정비종합,속도계시험기,정기,2022-02-21,2022-03-21,합격,SHC-10-SP,2171,기기작동불
서울본부,정비종합,속도계시험기,정기,2022-02-21,2022-02-24,합격,KSMT-1000AUTO88C-1,160,"형식,제작번호,허용축중,제작일자,제작회사 미표시"
광주전남본부,정비종합,사이드슬립측정기,정기,2022-02-22,2022-03-21,합격,DKM-10-A,1212912,"0점 지시(±0.2mm/m) 부적합, 5밀리미터 지시(±0.2mm/m) 부적합"
광주전남본부,정비종합,제동시험기,정기,2022-02-22,2022-03-21,합격,"DKM-10-B,SP-1",1212912,지시계 작동 불량
광주전남본부,정비종합,속도계시험기,정기,2022-02-22,2022-03-21,합격,"DKM-10-B,SP-1",1212912,지시계 작동 불량
광주전남본부,정비종합,주행빔전조등시험기,정기,2022-02-22,2022-03-21,합격,DKM-3000,201301,"광도 지시계 손상 또는 작동 부적합, 광축 지시계 손상 또는 작동 부적합"
서울본부,정비종합,제동시험기,정기,2022-02-22,2022-03-23,합격,SHM-10-B-1,M2392,"좌,우 자동차 입퇴출용 장치(리프트, 롤러고정장치 등, 형식,제작번호,허용축중,제작일자,제작회사 미표시"
서울본부,정비종합,속도계시험기,정기,2022-02-22,2022-03-23,합격,SHM-10-SP-1,M2392,"형식,제작번호,허용축중,제작일자,제작회사 미표시"
광주전남본부,정비종합,제동시험기,정기,2022-02-23,2022-03-16,합격,DBC-102DF,111,"좌,우 롤러구동모터 부적합"
광주전남본부,정비종합,속도계시험기,정기,2022-02-23,2022-03-16,합격,DBC-103DF,111,"좌,우 자동차 입퇴출용 장치(리프트, 롤러고정장치 등"
광주전남본부,정비종합,주행빔전조등시험기,정기,2022-02-23,2022-03-16,합격,JHT-500M,HTM09250,기기작동불
광주전남본부,정비종합,사이드슬립측정기,정기,2022-02-23,,불합격,AUTO-A-10T-1,328,제어박스 작동불
광주전남본부,정비종합,제동시험기,정기,2022-02-23,,불합격,AUTO-B-10T-1,328,제어박스 작동불
광주전남본부,정비종합,속도계시험기,정기,2022-02-23,,불합격,AUTO-S-10T,328,제어박스 작동불
광주전남본부,정비종합,사이드슬립측정기,정기,2022-02-23,,불합격,KSST-AUTO88,85,"자동차의 점검,정비 또는 검사 수행 불가능 설치, 기기작동불"
광주전남본부,정비종합,제동시험기,정기,2022-02-23,,불합격,KBT-AUTO88,85,"제어박스 작동불, 자동차의 점검,정비 또는 검사 수행 불가능 설치"
광주전남본부,정비종합,속도계시험기,정기,2022-02-23,,불합격,KSMT-AUTO88,85,"제어박스 작동불, 자동차의 점검,정비 또는 검사 수행 불가능 설치"
광주전남본부,정비종합,주행빔전조등시험기,정기,2022-02-23,,불합격,DBC-800T,1004,"자동차의 점검,정비 또는 검사 수행 불가능 설치"
광주전남본부,정비종합,사이드슬립측정기,정기,2022-02-23,,불합격,DBC-101A,86,"제어박스 작동불, 자동차의 점검,정비 또는 검사 수행 불가능 설치"
광주전남본부,정비종합,제동시험기,정기,2022-02-23,,불합격,DBC-102DC,86,"제어박스 작동불, 자동차의 점검,정비 또는 검사 수행 불가능 설치"
광주전남본부,정비종합,속도계시험기,정기,2022-02-23,,불합격,DBC-103DC,86,"제어박스 작동불, 자동차의 점검,정비 또는 검사 수행 불가능 설치"
광주전남본부,정비종합,제동시험기,정기,2022-02-24,2022-03-04,합격,SMB-10T-D,99015,"좌,우 롤러구동모터 부적합"
광주전남본부,정비종합,속도계시험기,정기,2022-02-24,2022-03-04,합격,SMS-10T-D,99015,500
광주전남본부,정비종합,주행빔전조등시험기,정기,2022-02-24,2022-03-04,합격,DKM-3000,5493,광축 지시계 손상 또는 작동 부적합
대구경북본부,지정(종합소형),사이드슬립측정기,정기,2022-02-24,2022-02-25,합격,DKM-15-AP-1,15103,제어박스 작동불
광주전남본부,정비소형,사이드슬립측정기,정기,2022-02-24,2022-04-14,합격,DKM-3-A,3117,제어박스 작동불
광주전남본부,정비소형,제동시험기,정기,2022-02-24,2022-04-14,합격,DKM-3-B,3117,제어박스 작동불
광주전남본부,정비소형,속도계시험기,정기,2022-02-24,2022-04-14,합격,DKM-3-SP,3117,제어박스 작동불
대구경북본부,정비소형,제동시험기,최초,2022-02-24,2022-03-07,합격,AUTO-B-3T-1,3-124,"자동차의 점검,정비 또는 검사 수행 불가능 설치"
대구경북본부,정비소형,주행빔전조등시험기,최초,2022-02-24,2022-03-07,합격,AUTO-H300,3-236,"자동차의 점검,정비 또는 검사 수행 불가능 설치"
광주전남본부,정비소형,제동시험기,정기,2022-02-24,2022-03-25,합격,DL-3UBS,950239,기기작동불
광주전남본부,정비소형,속도계시험기,정기,2022-02-24,2022-03-25,합격,DL-3UBS,950239,기기작동불
서울본부,정비소형,제동시험기,정기,2022-03-02,2022-03-07,합격,DBC-6000B,748480,"형식,제작번호,허용축중,제작일자,제작회사 미표시"
서울본부,정비종합,사이드슬립측정기,정기,2022-03-02,2022-03-30,합격,DFA-150A,59,"제어박스 작동불, 형식,제작번호,제작일자,제작회사 미표시"
서울본부,정비종합,제동시험기,정기,2022-03-02,2022-03-30,합격,DFB-150A,59,"제어박스 작동불, 형식,제작번호,허용축중,제작일자,제작회사 미표시, 좌제동력지시(±5%) 부적합, 우제동력지시(±5%) 부적합"
서울본부,정비종합,속도계시험기,정기,2022-03-02,2022-03-30,합격,DFS-150A,59,"제어박스 작동불, 형식,제작번호,허용축중,제작일자,제작회사 미표시, 속도지시(±3%) 이내 부적합"
서울본부,정비소형,제동시험기,정기,2022-03-03,,불합격,BSCT-300AL-1,98,"형식,제작번호,허용축중,제작일자,제작회사 미표시, 좌제동력지시(±5%) 부적합, 우제동력지시(±5%) 부적합"
서울본부,정비소형,속도계시험기,정기,2022-03-03,,불합격,BSCT-300AL-1,98,"형식,제작번호,허용축중,제작일자,제작회사 미표시, 속도지시(±3%) 이내 부적합"
대구경북본부,지정(종합소형),가스누출감지기,정기,2022-03-03,,불합격,SH-808,3382,지시계 부적합
서울본부,정비소형,사이드슬립측정기,정기,2022-03-03,2022-03-10,합격,DBC-31DF,1,"형식,제작번호,제작일자,제작회사 미표시"
광주전남본부,정비종합,제동시험기,정기,2022-03-03,2022-03-11,합격,"SHM-3-B,SP-2",M1304,"좌,우 자동차 입퇴출용 장치(리프트, 롤러고정장치 등, 좌 제동력전달장치 부적합"
광주전남본부,정비종합,속도계시험기,정기,2022-03-03,2022-03-11,합격,SHM-3-B.SP-2,M1304,"좌,우 자동차 입퇴출용 장치(리프트, 롤러고정장치 등"
부산본부,정비소형,사이드슬립측정기,정기,2022-03-03,2022-04-06,합격,SHC-3-A,1039,기기작동불
부산본부,정비소형,제동시험기,정기,2022-03-03,2022-04-06,합격,SHC-3-B,1039,"좌,우 롤러구동모터 부적합"
부산본부,정비소형,속도계시험기,정기,2022-03-03,2022-04-06,합격,SHC-3-SP,1039,"좌,우 자동차 입퇴출용 장치(리프트, 롤러고정장치 등"
광주전남본부,정비소형,사이드슬립측정기,정기,2022-03-03,2022-03-18,합격,DKM-2-A,2086,기기작동불
광주전남본부,정비소형,제동시험기,정기,2022-03-03,2022-03-18,합격,DKM-2-B1,2086,기기작동불
광주전남본부,정비소형,속도계시험기,정기,2022-03-03,2022-03-18,합격,DKM-2-SP,2086,기기작동불
광주전남본부,정비소형,주행빔전조등시험기,정기,2022-03-03,2022-03-18,합격,DKM-3000,5324,기기작동불
서울본부,전문정비,변환빔전조등시험기,최초,2022-03-03,,불합격,ELS-80,ELS-1-00004,각도 광축편차 부적합
서울본부,정비소형,사이드슬립측정기,정기,2022-03-04,2022-04-08,합격,KSST-1051D,363,"형식,제작번호,제작일자,제작회사 미표시, 기기작동불"
서울본부,정비소형,제동시험기,정기,2022-03-04,2022-04-08,합격,BSCT-1000AL,90,기기작동불
서울본부,정비소형,속도계시험기,정기,2022-03-04,2022-04-08,합격,BSCT-1000AL,90,기기작동불
서울본부,정비종합,속도계시험기,정기,2022-03-04,2022-03-29,합격,NTR-ABS-S-40A,110,"형식,제작번호,허용축중,제작일자,제작회사 미표시"
서울본부,정비소형,제동시험기,정기,2022-03-07,2022-03-10,합격,AUTO-BS-3T,3-235,"좌,우 롤러구동모터 부적합"
부산본부,정비종합,제동시험기,정기,2022-03-07,2022-03-18,합격,DKM-10-BS,10176,"좌,우 자동차 입퇴출용 장치(리프트, 롤러고정장치 등, 좌 롤러구동모터 부적합"
부산본부,정비종합,속도계시험기,정기,2022-03-07,2022-03-18,합격,DKM-10-BS,10176,"좌,우 자동차 입퇴출용 장치(리프트, 롤러고정장치 등, 속도지시(±3%) 이내 부적합"
대전세종충남본부,정비종합,제동시험기,정기,2022-03-07,2022-03-30,합격,SMB-10T-D,97003,"좌,우 롤러구동모터 부적합"
대전세종충남본부,정비종합,속도계시험기,정기,2022-03-07,2022-03-30,합격,SMS-10T-D,97002,속도지시(±3%) 이내 부적합
대전세종충남본부,정비종합,제동시험기,정기,2022-03-07,,불합격,SHM-10-B-1,81002,좌제동력지시(±5%) 부적합
서울본부,정비소형,제동시험기,정기,2022-03-08,2022-07-04,합격,DSM-3-BS2,3472,우제동력지시(±5%) 부적합
경기남부본부,정비소형,사이드슬립측정기,정기,2022-03-10,2022-03-16,합격,AUTO-A-3T,3-147,기타[  ]
경기남부본부,정비소형,제동시험기,정기,2022-03-10,2022-03-16,합격,AUTO-B-3T-1,3-147,지시계 파손
경기남부본부,정비소형,속도계시험기,정기,2022-03-10,2022-03-16,합격,AUTO-S-3T,3-147,지시계 파손
부산본부,정비소형,사이드슬립측정기,정기,2022-03-11,2022-04-28,합격,DKM-2-AP,1048,기기작동불
부산본부,정비소형,제동시험기,정기,2022-03-11,2022-04-28,합격,DKM-2-BS,1048,기기작동불
부산본부,정비소형,속도계시험기,정기,2022-03-11,2022-04-28,합격,DKM-2-BS,1048,기기작동불
부산본부,정비소형,주행빔전조등시험기,정기,2022-03-11,2022-04-28,합격,DKM-3000,5542,기기작동불
부산본부,정비소형,제동시험기,정기,2022-03-11,2022-03-30,합격,DKM-2-BS,1028,"좌,우 자동차 입퇴출용 장치(리프트, 롤러고정장치 등, 좌,우 롤러구동모터 부적합"
부산본부,정비소형,속도계시험기,정기,2022-03-11,2022-03-30,합격,DKM-2-BS,1028,"좌,우 자동차 입퇴출용 장치(리프트, 롤러고정장치 등, 기기작동불"
서울본부,정비종합,사이드슬립측정기,정기,2022-03-14,2022-03-24,합격,KSST-1000B,313,"형식,제작번호,제작일자,제작회사 미표시"
경기남부본부,정비종합,제동시험기,정기,2022-03-14,2022-03-14,합격,DKM-10-B.SP,1501,기타[  ]
광주전남본부,정비종합,사이드슬립측정기,정기,2022-03-14,2022-03-15,합격,KSST-1000,156,기기작동불
광주전남본부,정비종합,속도계시험기,정기,2022-03-14,2022-03-15,합격,KSMT-1000,58,기기작동불
서울본부,정비소형,사이드슬립측정기,정기,2022-03-15,2022-09-15,합격,DBC-301,1161,"형식,제작번호,제작일자,제작회사 미표시"
서울본부,정비소형,제동시험기,정기,2022-03-15,2022-09-15,합격,DBC-6000B,221,"형식,제작번호,허용축중,제작일자,제작회사 미표시"
서울본부,정비소형,주행빔전조등시험기,정기,2022-03-15,2022-09-15,합격,H-300A,261,"형식,제작번호,제작일자,제작회사 미표시"
광주전남본부,정비종합,속도계시험기,정기,2022-03-15,2022-03-28,합격,AUTO-BS-3T,3-289,기기작동불
서울본부,정비소형,사이드슬립측정기,정기,2022-03-16,2022-03-22,합격,KSST-305B,330,"형식,제작번호,제작일자,제작회사 미표시"
광주전남본부,정비종합,사이드슬립측정기,정기,2022-03-16,2022-03-28,합격,SHC-10-A,2638,"0점 지시(±0.2mm/m) 부적합, 5밀리미터 지시(±0.2mm/m) 부적합"
광주전남본부,정비종합,제동시험기,정기,2022-03-16,2022-03-28,합격,SOM-10-BSL,11001,"좌,우 롤러구동모터 부적합"
광주전남본부,정비종합,속도계시험기,정기,2022-03-16,2022-03-28,합격,SOM-10-BSL,11001,"좌,우 자동차 입퇴출용 장치(리프트, 롤러고정장치 등"
대전세종충남본부,정비종합,주행빔전조등시험기,정기,2022-03-16,2022-04-26,합격,SHC-300,1128,"수광부지지대 설치상태 불량, 광도지시 부적합"
부산본부,정비종합,사이드슬립측정기,정기,2022-03-16,2022-03-26,합격,AUTO-A-10T-1,293,제어박스 작동불
부산본부,정비종합,제동시험기,정기,2022-03-16,2022-03-26,합격,AUTO-B-10T-1,293,제어박스 작동불
부산본부,정비종합,속도계시험기,정기,2022-03-16,2022-03-26,합격,AUTO-S-10T,293,제어박스 작동불
부산본부,정비소형,사이드슬립측정기,정기,2022-03-18,2022-04-16,합격,DKM-2-AP,1012,기기작동불
부산본부,정비소형,제동시험기,정기,2022-03-18,2022-04-16,합격,DKM-2-BS,1012,기기작동불
부산본부,정비소형,속도계시험기,정기,2022-03-18,2022-04-16,합격,DKM-2-BS,1012,기기작동불
서울본부,정비소형,사이드슬립측정기,정기,2022-03-21,2022-04-13,합격,SHM-3-A5P,M2616,기기작동불
서울본부,정비소형,제동시험기,정기,2022-03-21,2022-04-13,합격,SHM-3-B.SP,M2616,"좌 롤러구동모터 부적합, 우 롤러구동모터 부적합"
광주전남본부,정비종합,사이드슬립측정기,정기,2022-03-21,2022-03-31,합격,SHM-10-A-1,10023,"0점 지시(±0.2mm/m) 부적합, 5밀리미터 지시(±0.2mm/m) 부적합, 기능키 작동불"
광주전남본부,정비종합,제동시험기,정기,2022-03-21,2022-03-31,합격,SHM-10-B-1,10023,"좌,우 자동차 입퇴출용 장치(리프트, 롤러고정장치 등, 좌,우 롤러구동모터 부적합"
대구경북본부,정비소형,사이드슬립측정기,정기,2022-03-22,2022-03-31,합격,DSM-10-SS-A,1105,기기작동불
대구경북본부,정비소형,제동시험기,정기,2022-03-22,2022-03-31,합격,DSM-10-B-A,1105,기기작동불
대구경북본부,정비소형,속도계시험기,정기,2022-03-22,2022-03-31,합격,DSM-10-SP-A,1105,기기작동불
광주전남본부,정비종합,사이드슬립측정기,정기,2022-03-22,2022-04-11,합격,SST-1050SIS-A,52,제어박스 작동불
광주전남본부,정비종합,제동시험기,정기,2022-03-22,2022-04-11,합격,KBT-1000SIS-AW-1,55,제어박스 작동불
광주전남본부,정비종합,속도계시험기,정기,2022-03-22,2022-04-11,합격,KSMT-1000SIS-A,40,제어박스 작동불
서울본부,정비종합,사이드슬립측정기,정기,2022-03-22,2022-03-24,합격,KSST-1051SIS-A,121,"제어박스 작동불, 형식,제작번호,제작일자,제작회사 미표시"
서울본부,정비종합,제동시험기,정기,2022-03-22,2022-03-24,합격,BS-1000SIS-AW-1,27,"제어박스 작동불, 형식,제작번호,허용축중,제작일자,제작회사 미표시"
서울본부,정비종합,속도계시험기,정기,2022-03-22,2022-03-24,합격,BS-1000SIS-AW-1,27,"제어박스 작동불, 형식,제작번호,허용축중,제작일자,제작회사 미표시"
대전세종충남본부,정비종합,제동시험기,정기,2022-03-23,,불합격,KBT-AUTO88,101,우 롤러구동모터 부적합
광주전남본부,정비소형,사이드슬립측정기,정기,2022-03-23,2022-04-11,합격,DBC-31DF2,197,기기작동불
광주전남본부,정비소형,제동시험기,정기,2022-03-23,2022-04-11,합격,DBC-32DF2,197,기기작동불
광주전남본부,정비소형,속도계시험기,정기,2022-03-23,2022-04-11,합격,DBC-33DF2,197,기기작동불
광주전남본부,정비소형,주행빔전조등시험기,정기,2022-03-23,2022-04-11,합격,DBC-300,158,광도 지시계 손상 또는 작동 부적합
서울본부,정비소형,제동시험기,정기,2022-03-24,2022-04-11,합격,AUTO-BS-3T-11,3-156,"형식,제작번호,허용축중,제작일자,제작회사 미표시"
서울본부,정비소형,속도계시험기,정기,2022-03-24,2022-04-11,합격,AUTO-BS-3T-11,3-156,"형식,제작번호,허용축중,제작일자,제작회사 미표시"
서울본부,정비소형,주행빔전조등시험기,정기,2022-03-24,,불합격,DSM-300,3680,각도 광축편차 부적합
광주전남본부,정비소형,사이드슬립측정기,정기,2022-03-24,2022-04-15,합격,SHM-2-A5,M2413,"자동차의 점검,정비 또는 검사 수행 불가능 설치"
광주전남본부,정비소형,제동시험기,정기,2022-03-24,2022-04-15,합격,SHM-2-B.SP,M2413,"자동차의 점검,정비 또는 검사 수행 불가능 설치"
광주전남본부,정비소형,속도계시험기,정기,2022-03-24,2022-04-15,합격,SHM-2-B.SP,M2413,"자동차의 점검,정비 또는 검사 수행 불가능 설치"
광주전남본부,정비소형,주행빔전조등시험기,정기,2022-03-24,2022-04-15,합격,SHM-3000,5541,"자동차의 점검,정비 또는 검사 수행 불가능 설치"
대전세종충남본부,지정(종합대형),사이드슬립측정기,정기,2022-03-24,2022-03-29,합격,DASAN-15TA,DS08-001,5밀리미터 지시(±0.2mm/m) 부적합
광주전남본부,정비종합,제동시험기,정기,2022-03-25,2022-03-30,합격,DKM-10-BSTG,1679,기기작동불
광주전남본부,정비종합,속도계시험기,정기,2022-03-25,2022-03-30,합격,DKM-10-BSTG,1679,기기작동불
서울본부,정비종합,사이드슬립측정기,정기,2022-03-28,2022-03-30,합격,DBC-301,747864,"형식,제작번호,제작일자,제작회사 미표시"
서울본부,정비종합,제동시험기,정기,2022-03-28,2022-03-30,합격,DBC-10T-B,27,우제동력지시(±5%) 부적합
부산본부,정비소형,주행빔전조등시험기,정기,2022-03-28,2022-04-20,합격,SM-1100,9222,기기작동불
서울본부,정비소형,제동시험기,정기,2022-03-29,2022-03-29,합격,SHM-3-B-1,M2248,"우 자동차 입퇴출용 장치(리프트, 롤러고정장치 등) "
부산본부,정비종합,제동시험기,정기,2022-03-29,2022-04-06,합격,KBT-AUTO88,87,기기작동불
부산본부,정비소형,제동시험기,정기,2022-03-30,2022-04-07,합격,DBC-102I,192,기기작동불
서울본부,정비소형,사이드슬립측정기,정기,2022-03-31,2022-04-04,합격,SHM-3-A5P,M1109,"형식,제작번호,제작일자,제작회사 미표시"
서울본부,정비소형,제동시험기,정기,2022-03-31,2022-04-04,합격,SHM-3-B.SP-2,M1109,"형식,제작번호,허용축중,제작일자,제작회사 미표시"
서울본부,정비소형,속도계시험기,정기,2022-03-31,2022-04-04,합격,SHM-3-B.SP-2,M1109,"형식,제작번호,허용축중,제작일자,제작회사 미표시"
광주전남본부,정비소형,사이드슬립측정기,정기,2022-03-31,2022-04-20,합격,SHM-3-A5P,M2659,5밀리미터 지시(±0.2mm/m) 부적합
광주전남본부,정비소형,제동시험기,정기,2022-03-31,2022-04-20,합격,"SHM-3-B,SP-G",M2659,지시계 지시값 부적합
서울본부,정비종합,사이드슬립측정기,정기,2022-04-01,2022-04-05,합격,DBC-301,1067,"형식,제작번호,제작일자,제작회사 미표시"
서울본부,정비종합,제동시험기,정기,2022-04-01,2022-04-05,합격,DBC-6000B,126,"형식,제작번호,허용축중,제작일자,제작회사 미표시"
서울본부,정비종합,속도계시험기,정기,2022-04-01,2022-04-05,합격,KSMT-1000,19,"형식,제작번호,허용축중,제작일자,제작회사 미표시"
서울본부,정비소형,사이드슬립측정기,정기,2022-04-01,2022-04-05,합격,TBE-SS100,169,"형식,제작번호,제작일자,제작회사 미표시"
서울본부,정비소형,속도계시험기,정기,2022-04-01,2022-04-05,합격,TBE-SM1000,169,"형식,제작번호,허용축중,제작일자,제작회사 미표시"
부산본부,정비소형,사이드슬립측정기,정기,2022-04-02,2022-06-15,합격,DSM-3-AT,3175,답판 작동(고착) 부적합
부산본부,정비소형,제동시험기,정기,2022-04-02,2022-06-15,합격,DSM-3-BST,3175,"좌,우 자동차 입퇴출용 장치(리프트, 롤러고정장치 등, 좌,우 롤러구동모터 부적합"
부산본부,정비소형,속도계시험기,정기,2022-04-02,2022-06-15,합격,DSM-3-BST,3175,"좌 자동차 입퇴출용 장치(리프트, 롤러고정장치 등) "
광주전남본부,정비종합,사이드슬립측정기,정기,2022-04-04,2022-04-26,합격,DFA-50M1,305,제어박스 작동불
광주전남본부,정비종합,제동시험기,정기,2022-04-04,2022-04-26,합격,DFB-100M1,305,제어박스 작동불
광주전남본부,정비종합,속도계시험기,정기,2022-04-04,2022-04-26,합격,DFS-100M1,305,제어박스 작동불
부산본부,정비소형,제동시험기,정기,2022-04-04,2022-06-08,합격,DBC-102,34,"좌,우 롤러구동모터 부적합"
대전세종충남본부,정비종합,주행빔전조등시험기,정기,2022-04-05,2022-05-31,합격,DBC-2-H,71,광도지시 부적합
서울본부,정비소형,사이드슬립측정기,정기,2022-04-05,2022-04-22,합격,KSST-305B,101,"0점 지시(±0.2mm/m) 부적합, 5밀리미터 지시(±0.2mm/m) 부적합"
서울본부,정비소형,속도계시험기,정기,2022-04-05,2022-04-22,합격,KSMT-300,84,"형식,제작번호,허용축중,제작일자,제작회사 미표시"
서울본부,정비소형,제동시험기,정기,2022-04-05,2022-04-07,합격,BBT-51A,1096,"형식,제작번호,허용축중,제작일자,제작회사 미표시"
서울본부,정비종합,사이드슬립측정기,정기,2022-04-07,2022-04-20,합격,SHM-10-A5-1,M2449,"형식,제작번호,제작일자,제작회사 미표시, 기기작동불"
서울본부,정비종합,제동시험기,정기,2022-04-07,2022-04-20,합격,SHM-10-B-1,M2449,"좌,우 제동력전달장치 부적합, 형식,제작번호,허용축중,제작일자,제작회사 미표시, 기기작동불"
서울본부,정비종합,속도계시험기,정기,2022-04-07,2022-04-20,합격,SHM-10-SP-1,M2449,"좌,우 자동차 입퇴출용 장치(리프트, 롤러고정장치 등, 형식,제작번호,허용축중,제작일자,제작회사 미표시"
서울본부,정비소형,제동시험기,정기,2022-04-08,2022-04-14,합격,BSCT-300D,447,"형식,제작번호,허용축중,제작일자,제작회사 미표시"
서울본부,정비소형,속도계시험기,정기,2022-04-08,2022-04-14,합격,BSCT-300D,447,"형식,제작번호,허용축중,제작일자,제작회사 미표시"
서울본부,정비소형,사이드슬립측정기,정기,2022-04-11,2022-04-21,합격,SHM-2-A5,M2047,"답판 작동(고착) 부적합, 형식,제작번호,제작일자,제작회사 미표시"
서울본부,정비소형,제동시험기,정기,2022-04-11,2022-04-21,합격,SHM-2-B.SP,M2047,"좌,우 자동차 입퇴출용 장치(리프트, 롤러고정장치 등, 형식,제작번호,허용축중,제작일자,제작회사 미표시, 좌제동력지시(±5%) 부적합, 우제동력지시(±5%) 부적합"
서울본부,정비소형,속도계시험기,정기,2022-04-11,2022-04-21,합격,SHM-2-B.SP,M2047,"좌,우 자동차 입퇴출용 장치(리프트, 롤러고정장치 등, 형식,제작번호,허용축중,제작일자,제작회사 미표시"
대전세종충남본부,정비종합,사이드슬립측정기,정기,2022-04-11,,불합격,SHM-10-A5P,M1308,5밀리미터 지시(±0.2mm/m) 부적합
서울본부,정비소형,속도계시험기,정기,2022-04-12,2022-05-06,합격,DSM-3-BSL,3194,기기작동불
서울본부,정비종합,사이드슬립측정기,정기,2022-04-12,2022-04-20,합격,DKM-3-AA,1732,"형식,제작번호,제작일자,제작회사 미표시"
광주전남본부,정비소형,사이드슬립측정기,정기,2022-04-12,,불합격,KSST-1000AUTO88D-1,204,기기작동불
광주전남본부,정비소형,제동시험기,정기,2022-04-12,,불합격,KBT-1000AUTO88D-1L,204,기기작동불
광주전남본부,정비소형,속도계시험기,정기,2022-04-12,,불합격,KSMT-1000AUTO88D-1,203,기기작동불
광주전남본부,정비소형,주행빔전조등시험기,정기,2022-04-12,,불합격,AUTO-HT1001-1,191,기기작동불
대전세종충남본부,군부대,제동시험기,정기,2022-04-12,2022-05-11,합격,SHM-10-B-1,M1142,"좌제동력지시(±5%) 부적합, 우제동력지시(±5%) 부적합, 좌우합계제동력지시(±5%) 부적합, 좌우차이제동력지시(±5%) 부적합, 중량설정지시(±5%) 부적합"
대전세종충남본부,정비소형,사이드슬립측정기,정기,2022-04-13,2022-05-11,합격,DBC-31DC,4,5밀리미터 지시(±0.2mm/m) 부적합
대전세종충남본부,정비소형,제동시험기,정기,2022-04-13,2022-05-11,합격,DBC-32DC,4,좌제동력지시(±5%) 부적합
대전세종충남본부,정비소형,속도계시험기,정기,2022-04-13,2022-05-11,합격,DBC-33DC,4,"좌,우 자동차 입퇴출용 장치(리프트, 롤러고정장치 등"
광주전남본부,정비소형,제동시험기,정기,2022-04-14,,불합격,SHC-3-B,1008,"좌,우 자동차 입퇴출용 장치(리프트, 롤러고정장치 등, 좌,우 롤러구동모터 부적합"
광주전남본부,정비소형,속도계시험기,정기,2022-04-14,,불합격,SHC-3-SP,1008,"좌,우 자동차 입퇴출용 장치(리프트, 롤러고정장치 등"
광주전남본부,정비소형,주행빔전조등시험기,정기,2022-04-14,,불합격,SHC-300,1015,"광도지시 부적합, 각도 광축편차 부적합"
대전세종충남본부,정비종합,주행빔전조등시험기,정기,2022-04-18,2022-04-26,합격,SHC-300,1128,광도지시 부적합
서울본부,정비소형,사이드슬립측정기,정기,2022-04-19,2022-04-21,합격,SHM-3-A5P,M1307,"형식,제작번호,제작일자,제작회사 미표시"
서울본부,정비소형,제동시험기,정기,2022-04-19,2022-04-21,합격,SHM-3-B.SP-2,M1307,"형식,제작번호,허용축중,제작일자,제작회사 미표시"
서울본부,정비소형,속도계시험기,정기,2022-04-19,2022-04-21,합격,SHM-3-B.SP-2,M1307,"형식,제작번호,허용축중,제작일자,제작회사 미표시"
서울본부,튜닝제작사,제동시험기,정기,2022-04-19,2022-04-21,합격,SHM-10K-B-2,2017,"형식,제작번호,허용축중,제작일자,제작회사 미표시"
광주전남본부,정비소형,사이드슬립측정기,정기,2022-04-19,2022-05-30,합격,DSM-3-AT,3247,"제어박스 작동불, 형식,제작번호,제작일자,제작회사 미표시"
광주전남본부,정비소형,제동시험기,정기,2022-04-19,2022-05-30,합격,DSM-3-BSL,3247,"제어박스 작동불, 형식,제작번호,허용축중,제작일자,제작회사 미표시"
광주전남본부,정비소형,속도계시험기,정기,2022-04-19,2022-05-30,합격,DSM-3-BSL,3247,"제어박스 작동불, 형식,제작번호,허용축중,제작일자,제작회사 미표시"
광주전남본부,정비소형,주행빔전조등시험기,정기,2022-04-19,2022-05-30,합격,DKM-3000,5236,"광도지시 부적합, 각도 광축편차 부적합"
광주전남본부,정비종합,사이드슬립측정기,정기,2022-04-19,,불합격,DBC-101DF,85,"제어박스 작동불, 형식,제작번호,제작일자,제작회사 미표시"
광주전남본부,정비종합,제동시험기,정기,2022-04-19,,불합격,DBC-102DF,85,"제어박스 작동불, 형식,제작번호,허용축중,제작일자,제작회사 미표시"
광주전남본부,정비종합,속도계시험기,정기,2022-04-19,,불합격,DBC-103DF,85,"제어박스 작동불, 형식,제작번호,허용축중,제작일자,제작회사 미표시"
광주전남본부,정비종합,주행빔전조등시험기,정기,2022-04-19,,불합격,DBC-300,670,레일 설치상태 불량
대전세종충남본부,정비소형,제동시험기,정기,2022-04-20,2022-05-02,합격,DSM-3-BSL,3316,"좌,우 롤러구동모터 부적합"
광주전남본부,자가정비,속도계시험기,정기,2022-04-20,2022-05-09,합격,DKM-10-BS,10143,기기작동불
광주전남본부,자가정비,주행빔전조등시험기,정기,2022-04-20,2022-05-09,합격,DKM-3000,5437,레일 설치상태 불량
광주전남본부,정비소형,사이드슬립측정기,정기,2022-04-21,2022-05-19,합격,SHM-3-A,3104,제어박스 작동불
광주전남본부,정비소형,제동시험기,정기,2022-04-21,2022-05-19,합격,SHM-3-B,3104,제어박스 작동불
광주전남본부,정비소형,속도계시험기,정기,2022-04-21,2022-05-19,합격,SHM-3-SP,3104,제어박스 작동불
광주전남본부,정비소형,주행빔전조등시험기,정기,2022-04-21,,불합격,AUTO-HL150-11,128,기기작동불
서울본부,튜닝제작사,제동시험기,정기,2022-04-21,2022-04-25,합격,KBT-1000SIS-AW-1,1086,"형식,제작번호,허용축중,제작일자,제작회사 미표시"
부산본부,정비종합,사이드슬립측정기,정기,2022-04-21,2022-05-09,합격,SHM-3-A5P,M305,수평유지 부적합
부산본부,정비종합,제동시험기,정기,2022-04-21,2022-05-09,합격,SHM-3-B.SP-2,M1305,"좌,우 제동력전달장치 부적합"
대구경북본부,정비종합,사이드슬립측정기,정기,2022-04-22,,불합격,SHC-10-A,2035,기기작동불
대구경북본부,정비종합,제동시험기,정기,2022-04-22,,불합격,SHC-10-B,2035,기기작동불
대구경북본부,정비종합,속도계시험기,정기,2022-04-22,,불합격,SHC-10-SP,2035,기기작동불
경기남부본부,정비소형,제동시험기,정기,2022-04-22,2022-04-29,합격,DBC-6000B,748500,좌제동력지시(±5%) 부적합
서울본부,정비소형,제동시험기,정기,2022-04-22,2022-04-22,합격,DSM-3-BS2,3423,"좌,우 자동차 입퇴출용 장치(리프트, 롤러고정장치 등"
대구경북본부,정비소형,속도계시험기,정기,2022-04-25,2022-06-11,합격,DBC-103DF,255,"좌,우 자동차 입퇴출용 장치(리프트, 롤러고정장치 등"
광주전남본부,정비종합,사이드슬립측정기,정기,2022-04-25,2022-05-17,합격,DBC-101AI,204,제어박스 작동불
광주전남본부,정비종합,제동시험기,정기,2022-04-25,2022-05-17,합격,DBC-102AT-1,104,제어박스 작동불
광주전남본부,정비종합,속도계시험기,정기,2022-04-25,2022-05-17,합격,DBC-103I,204,제어박스 작동불
서울본부,정비종합,사이드슬립측정기,정기,2022-04-25,,불합격,DSM-10-AT,1236,"형식,제작번호,제작일자,제작회사 미표시"
서울본부,정비종합,제동시험기,정기,2022-04-25,,불합격,DSM-10-BST,1236,"좌,우 롤러구동모터 부적합, 형식,제작번호,허용축중,제작일자,제작회사 미표시, 좌제동력지시(±5%) 부적합, 우제동력지시(±5%) 부적합"
서울본부,정비종합,속도계시험기,정기,2022-04-25,,불합격,DSM-10-BST,1236,"형식,제작번호,허용축중,제작일자,제작회사 미표시"
서울본부,정비종합,주행빔전조등시험기,정기,2022-04-25,,불합격,DSM-300,3428,"광도 지시계 손상 또는 작동 부적합, 광축 지시계 손상 또는 작동 부적합"
대구경북본부,정비종합,주행빔전조등시험기,정기,2022-04-26,,불합격,HLT-1000IT,3,기기작동불
광주전남본부,정비종합,사이드슬립측정기,정기,2022-04-26,2022-05-12,합격,KSST-AUTO88,8,기기작동불
광주전남본부,정비종합,제동시험기,정기,2022-04-26,2022-05-12,합격,SHM-10-B-1,9710002,기기작동불
광주전남본부,정비종합,속도계시험기,정기,2022-04-26,2022-05-12,합격,KSMT-AUTO88,17,기기작동불
광주전남본부,정비종합,주행빔전조등시험기,정기,2022-04-26,2022-05-12,합격,HLT-800D-1,850,기기작동불
부산본부,정비종합,제동시험기,정기,2022-04-26,2022-08-11,합격,KBT-AUTO88,111,"우 제동력전달장치 부적합, 좌우합계제동력지시(±5%) 부적합, 좌우차이제동력지시(±5%) 부적합"
부산본부,정비종합,속도계시험기,정기,2022-04-26,2022-08-11,합격,KSMT-AUTO88,111,"좌,우 자동차 입퇴출용 장치(리프트, 롤러고정장치 등"
대전세종충남본부,정비종합,제동시험기,정기,2022-04-26,2022-05-25,합격,DBC-15B-2,26,"좌,우 자동차 입퇴출용 장치(리프트, 롤러고정장치 등, 좌제동력지시(±5%) 부적합, 우제동력지시(±5%) 부적합"
서울본부,정비종합,변환빔전조등시험기,최초,2022-04-26,2022-04-26,합격,ELS-80,ELS-1-00005,각도 광축편차 부적합
경기남부본부,튜닝제작사,제동시험기,정기,2022-04-26,2022-04-28,합격,BLB-10-4,501,"좌,우 자동차 입퇴출용 장치(리프트, 롤러고정장치 등, 좌제동력지시(±5%) 부적합, 우제동력지시(±5%) 부적합, 좌우합계제동력지시(±5%) 부적합, 좌우차이제동력지시(±5%) 부적합"
대전세종충남본부,지정(종합소형),가스누출감지기,정기,2022-04-27,,불합격,SH-808,3332,"지시계 부적합, 경보장치 부적합, 폭발하한값(20%) 감지 부적합"
대전세종충남본부,정비종합,주행빔전조등시험기,정기,2022-04-28,2022-05-31,합격,JHT-500HA-N,HTMN17005,기기작동불
서울본부,정비종합,사이드슬립측정기,정기,2022-04-28,2022-05-30,합격,KSST-1000B,190,기기작동불
서울본부,정비종합,제동시험기,정기,2022-04-28,2022-05-30,합격,BSCT-1000AL,4,"형식,제작번호,허용축중,제작일자,제작회사 미표시"
서울본부,정비종합,속도계시험기,정기,2022-04-28,2022-05-30,합격,BSCT-1000AL,4,"형식,제작번호,허용축중,제작일자,제작회사 미표시"
광주전남본부,정비종합,사이드슬립측정기,정기,2022-04-28,2022-05-11,합격,KSST-1550B,31,제어박스 작동불
광주전남본부,정비종합,제동시험기,정기,2022-04-28,2022-05-11,합격,KBT-1550CL,31,"좌,우 자동차 입퇴출용 장치(리프트, 롤러고정장치 등"
광주전남본부,정비종합,속도계시험기,정기,2022-04-28,2022-05-11,합격,KSMT-1500,30,"좌,우 자동차 입퇴출용 장치(리프트, 롤러고정장치 등, 지시계 지시값 부적합"
서울본부,정비종합,제동시험기,정기,2022-04-29,2022-04-29,합격,BSCT-1000AL,99,기기작동불
서울본부,정비종합,사이드슬립측정기,정기,2022-04-29,2022-05-09,합격,KSST-AUTO88,132,"형식,제작번호,제작일자,제작회사 미표시"
서울본부,정비종합,제동시험기,정기,2022-04-29,2022-05-09,합격,KBT-AUTO88,132,"좌,우 롤러구동모터 부적합, 형식,제작번호,허용축중,제작일자,제작회사 미표시"
서울본부,정비종합,사이드슬립측정기,정기,2022-04-29,2022-06-22,합격,KSST-1050SIS-A,144,기기작동불
서울본부,정비종합,제동시험기,정기,2022-04-29,2022-06-22,합격,TSBS-1000,101,기기작동불
서울본부,정비종합,속도계시험기,정기,2022-04-29,2022-06-22,합격,TSBS-1000,101,"좌,우 자동차 입퇴출용 장치(리프트, 롤러고정장치 등"
서울본부,정비종합,주행빔전조등시험기,정기,2022-04-29,2022-06-22,합격,HLT-800D-1,683,"자동차의 점검,정비 또는 검사 수행 불가능 설치"
대전세종충남본부,정비종합,제동시험기,정기,2022-05-02,2022-07-21,합격,DKM-10-B,10063,"좌,우 롤러구동모터 부적합, 우제동력지시(±5%) 부적합, 좌우합계제동력지시(±5%) 부적합, 좌우차이제동력지시(±5%) 부적합"
서울본부,정비종합,제동시험기,정기,2022-05-02,2022-05-17,합격,SHM-10-B,M2042,"형식,제작번호,허용축중,제작일자,제작회사 미표시"
서울본부,정비종합,속도계시험기,정기,2022-05-02,2022-05-17,합격,SHM-10-SP,M2042,"형식,제작번호,허용축중,제작일자,제작회사 미표시"
부산본부,정비소형,사이드슬립측정기,정기,2022-05-02,2022-07-12,합격,SMA-3A,9612,5밀리미터 지시(±0.2mm/m) 부적합
부산본부,정비소형,제동시험기,정기,2022-05-02,2022-07-12,합격,SMA-3B,9612,"좌,우 롤러구동모터 부적합"
부산본부,정비소형,주행빔전조등시험기,정기,2022-05-02,2022-07-12,합격,SM-1100,962,광도지시 부적합
경기남부본부,정비소형,사이드슬립측정기,정기,2022-05-03,2022-05-11,합격,SHC-3-A,1084,제어박스 작동불
경기남부본부,정비소형,제동시험기,정기,2022-05-03,2022-05-11,합격,SHC-3-B,1084,제어박스 작동불
경기남부본부,정비소형,속도계시험기,정기,2022-05-03,2022-05-11,합격,SHC-3-SP,1084,제어박스 작동불
서울본부,정비소형,사이드슬립측정기,정기,2022-05-04,2022-05-06,합격,SHM-2-A5,M2398,"형식,제작번호,제작일자,제작회사 미표시"
서울본부,정비소형,제동시험기,정기,2022-05-04,2022-05-06,합격,SHM-2-B.SP,M2398,"형식,제작번호,허용축중,제작일자,제작회사 미표시"
서울본부,정비소형,속도계시험기,정기,2022-05-04,2022-05-06,합격,SHM-2-B.SP,M2398,"형식,제작번호,허용축중,제작일자,제작회사 미표시"
서울본부,정비종합,제동시험기,정기,2022-05-04,2022-05-19,합격,DSM-10-BST,1319,"좌,우 자동차 입퇴출용 장치(리프트, 롤러고정장치 등, 지시계 작동 불량"
서울본부,정비종합,속도계시험기,정기,2022-05-04,2022-05-19,합격,DSM-10-BST,1319,"좌,우 자동차 입퇴출용 장치(리프트, 롤러고정장치 등"
서울본부,자가정비,속도계시험기,정기,2022-05-04,2022-05-31,합격,DBC-103I,67,속도지시(±3%) 이내 부적합
서울본부,정비종합,속도계시험기,정기,2022-05-09,2022-05-10,합격,SHM-2-B.SP,M2055,기기작동불
서울본부,지정(정기),제동시험기,정기,2022-05-09,2022-05-11,합격,DFB-100A2,1006,"좌,우 자동차 입퇴출용 장치(리프트, 롤러고정장치 등"
서울본부,운수업체,제동시험기,정기,2022-05-09,2022-05-18,합격,FBT-2000BK,43,기기작동불
광주전남본부,정비종합,제동시험기,정기,2022-05-09,2022-05-13,합격,SHC-10-B-1,2158,우제동력지시(±5%) 부적합
서울본부,정비종합,사이드슬립측정기,정기,2022-05-10,,불합격,SHM-15-A-1,11,제어박스 작동불
서울본부,정비종합,제동시험기,정기,2022-05-10,,불합격,SHM-15-B-1,11,제어박스 작동불
서울본부,정비종합,속도계시험기,정기,2022-05-10,,불합격,SHM-15-SP-1,11,제어박스 작동불
광주전남본부,정비종합,사이드슬립측정기,정기,2022-05-10,,불합격,KSST-AUTO88,129,제어박스 작동불
광주전남본부,정비종합,제동시험기,정기,2022-05-10,,불합격,KBT-AUTO88,129,제어박스 작동불
광주전남본부,정비종합,속도계시험기,정기,2022-05-10,,불합격,KSMT-AUTO88,129,제어박스 작동불
광주전남본부,정비종합,제동시험기,정기,2022-05-12,2022-05-30,합격,SHM-15-B-1,9715006,"좌,우 자동차 입퇴출용 장치(리프트, 롤러고정장치 등, 좌,우 롤러구동모터 부적합"
광주전남본부,정비종합,속도계시험기,정기,2022-05-12,2022-05-30,합격,SHM-15-SP-1,9715006,"좌,우 자동차 입퇴출용 장치(리프트, 롤러고정장치 등"
부산본부,정비소형,사이드슬립측정기,정기,2022-05-13,2022-08-11,합격,SHM-2-A5,M2208,기기작동불
부산본부,정비소형,제동시험기,정기,2022-05-13,2022-08-11,합격,SHM-2-B.SP,M2208,"좌,우 자동차 입퇴출용 장치(리프트, 롤러고정장치 등"
부산본부,정비소형,속도계시험기,정기,2022-05-13,2022-08-11,합격,SHM-2-B.SP,M2208,500
서울본부,정비소형,제동시험기,정기,2022-05-14,,불합격,HI-62MB,2MB2K02,기기작동불
서울본부,정비소형,속도계시험기,정기,2022-05-14,,불합격,HI-62MS,2MS2K02,기기작동불
서울본부,정비소형,사이드슬립측정기,정기,2022-05-17,2022-06-08,합격,DKM-10-AAP,10291,"형식,제작번호,제작일자,제작회사 미표시, 기기작동불"
서울본부,정비소형,제동시험기,정기,2022-05-17,2022-06-08,합격,DKM-3-BS,3181,"형식,제작번호,허용축중,제작일자,제작회사 미표시, 기기작동불"
서울본부,정비소형,속도계시험기,정기,2022-05-17,2022-06-08,합격,DKM-3-BS,3181,"형식,제작번호,허용축중,제작일자,제작회사 미표시"
대전세종충남본부,정비종합,사이드슬립측정기,정기,2022-05-17,2022-07-02,합격,JAT-15C,AT16013,제어박스 작동불
대전세종충남본부,정비종합,제동시험기,정기,2022-05-17,2022-07-02,합격,JBT-15CB,BT16013,제어박스 작동불
대전세종충남본부,정비종합,속도계시험기,정기,2022-05-17,2022-07-02,합격,JST-15CB,ST16013,제어박스 작동불
광주전남본부,정비소형,사이드슬립측정기,정기,2022-05-17,2022-05-24,합격,DKM-2-A,2097,"0점 지시(±0.2mm/m) 부적합, 5밀리미터 지시(±0.2mm/m) 부적합"
광주전남본부,정비소형,제동시험기,정기,2022-05-17,2022-05-24,합격,DKM-2-B,2097,"좌,우 자동차 입퇴출용 장치(리프트, 롤러고정장치 등, 좌,우 롤러구동모터 부적합, 좌제동력지시(±5%) 부적합, 우제동력지시(±5%) 부적합"
광주전남본부,정비소형,속도계시험기,정기,2022-05-17,2022-05-24,합격,DKM-2-SP,2097,"좌,우 자동차 입퇴출용 장치(리프트, 롤러고정장치 등"
대구경북본부,정비종합,사이드슬립측정기,정기,2022-05-18,2022-05-24,합격,SHM-10-A5P,M2746,5밀리미터 지시(±0.2mm/m) 부적합
대전세종충남본부,정비소형,사이드슬립측정기,정기,2022-05-18,2022-11-09,합격,SHM-2-A5,M2079,5밀리미터 지시(±0.2mm/m) 부적합
대전세종충남본부,정비소형,제동시험기,정기,2022-05-18,2022-11-09,합격,SHM-2-B.SP,M2079,"좌,우 자동차 입퇴출용 장치(리프트, 롤러고정장치 등, 우제동력지시(±5%) 부적합, 좌우합계제동력지시(±5%) 부적합, 좌우차이제동력지시(±5%) 부적합"
대전세종충남본부,정비소형,속도계시험기,정기,2022-05-18,2022-11-09,합격,SHM-2-B.SP,M2079,"좌,우 자동차 입퇴출용 장치(리프트, 롤러고정장치 등"
부산본부,정비종합,사이드슬립측정기,정기,2022-05-18,2022-06-22,합격,SHM-15-A-1,M2275,기기작동불
부산본부,정비종합,제동시험기,정기,2022-05-18,2022-06-22,합격,SHM-15-B-1,M2275,기기작동불
부산본부,정비종합,속도계시험기,정기,2022-05-18,2022-06-22,합격,SHM-15-SP-1,M2275,기기작동불
서울본부,정비종합,제동시험기,정기,2022-05-18,2022-05-25,합격,DBC-6000B,932,"좌,우 자동차 입퇴출용 장치(리프트, 롤러고정장치 등, 좌,우 롤러구동모터 부적합, 좌,우 제동력전달장치 부적합"
대구경북본부,지정(종합소형),가스누출감지기,정기,2022-05-20,,불합격,MR-300,C01315,기기작동불
서울본부,정비종합,제동시험기,정기,2022-05-23,2022-05-25,합격,SMB-10T-D,97001,"좌,우 자동차 입퇴출용 장치(리프트, 롤러고정장치 등"
서울본부,정비종합,속도계시험기,정기,2022-05-23,2022-05-25,합격,DBC-10T-SP,44,속도지시(±3%) 이내 부적합
광주전남본부,정비종합,사이드슬립측정기,정기,2022-05-23,2022-05-27,합격,HS-10,10,기기작동불
광주전남본부,정비종합,제동시험기,정기,2022-05-23,2022-05-27,합격,HBS-10,10,기기작동불
광주전남본부,정비종합,속도계시험기,정기,2022-05-23,2022-05-27,합격,HBS-10,10,기기작동불
대구경북본부,정비소형,사이드슬립측정기,정기,2022-05-24,,불합격,SHM-3-A5,M2593,5밀리미터 지시(±0.2mm/m) 부적합
대구경북본부,정비소형,제동시험기,정기,2022-05-24,,불합격,SHM-3-B.SP,M2593,"좌제동력지시(±5%) 부적합, 우제동력지시(±5%) 부적합, 좌우합계제동력지시(±5%) 부적합, 좌우차이제동력지시(±5%) 부적합"
대전세종충남본부,정비소형,제동시험기,정기,2022-05-24,2022-05-25,합격,BSCT-300AL-1,135,"좌,우 롤러구동모터 부적합"
대구경북본부,정비소형,사이드슬립측정기,정기,2022-05-25,2022-07-05,합격,DBC-31DF2,85,제어박스 작동불
대구경북본부,정비소형,제동시험기,정기,2022-05-25,2022-07-05,합격,DBC-32DF2,85,제어박스 작동불
대구경북본부,정비소형,속도계시험기,정기,2022-05-25,2022-07-05,합격,DBC-33DF2,85,제어박스 작동불
경기남부본부,정비종합,제동시험기,정기,2022-05-25,2022-06-20,합격,SHM-10-B.SP-G,M2712,"형식,제작번호,허용축중,제작일자,제작회사 미표시"
경기남부본부,정비종합,속도계시험기,정기,2022-05-25,2022-06-20,합격,SHM-10-B.SP-G,M2712,"형식,제작번호,허용축중,제작일자,제작회사 미표시, 속도지시(±3%) 이내 부적합"
경기남부본부,정비종합,주행빔전조등시험기,정기,2022-05-25,2022-06-20,합격,SHM-3000,5856,"광도 지시계 손상 또는 작동 부적합, 정대장치 부적합, 광도지시 부적합"
대전세종충남본부,정비종합,주행빔전조등시험기,정기,2022-05-26,,불합격,AUTO-H300,3-164,"광도지시 부적합, 각도 광축편차 부적합"
대전세종충남본부,정비소형,주행빔전조등시험기,정기,2022-05-26,2022-06-15,합격,DBC-300,538,광도 지시계 손상 또는 작동 부적합
서울본부,정비종합,사이드슬립측정기,정기,2022-05-27,,불합격,DBC-101DF,99,기기작동불
서울본부,정비종합,제동시험기,정기,2022-05-27,,불합격,DBC-102DF,99,기기작동불
서울본부,정비종합,속도계시험기,정기,2022-05-27,,불합격,DBC-103DF,99,기기작동불
대구경북본부,정비소형,제동시험기,정기,2022-05-27,2022-06-16,합격,SHM-10-B,81003,제어박스 작동불
대구경북본부,정비소형,속도계시험기,정기,2022-05-27,2022-06-16,합격,SHM-10-SP,81003,제어박스 작동불
부산본부,정비소형,사이드슬립측정기,최초,2022-05-28,2022-06-09,합격,SOM-3-AT-A1,220501,5밀리미터 지시(±0.2mm/m) 부적합
서울본부,정비종합,제동시험기,정기,2022-05-30,2022-06-09,합격,DKM-10-B,10307,기기작동불
부산본부,정비소형,제동시험기,정기,2022-05-30,2022-06-10,합격,DSM-3-BSL,3262,기기작동불
부산본부,정비소형,속도계시험기,정기,2022-05-30,2022-06-10,합격,DSM-3-BSL,3262,기기작동불
서울본부,정비소형,사이드슬립측정기,정기,2022-05-31,2022-06-20,합격,SHM-3-A5,M2597,"형식,제작번호,제작일자,제작회사 미표시"
서울본부,정비소형,제동시험기,정기,2022-05-31,2022-06-20,합격,SHM-3-B.SP,M2597,"좌 롤러구동모터 부적합, 형식,제작번호,허용축중,제작일자,제작회사 미표시"
서울본부,정비소형,속도계시험기,정기,2022-05-31,2022-06-20,합격,SHM-3-B.SP,M2597,"형식,제작번호,허용축중,제작일자,제작회사 미표시"
대전세종충남본부,정비종합,사이드슬립측정기,정기,2022-06-02,2022-06-29,합격,DSM-10-AT2,1343,5밀리미터 지시(±0.2mm/m) 부적합
대전세종충남본부,정비종합,속도계시험기,정기,2022-06-02,2022-06-29,합격,DSM-10-BS2,1343,속도지시(±3%) 이내 부적합
대전세종충남본부,정비소형,제동시험기,정기,2022-06-02,2022-06-27,합격,DBC-03B.S-4,2522,지시계 지시값 부적합
대구경북본부,정비소형,주행빔전조등시험기,정기,2022-06-08,,불합격,DKM-3001,1556,광축 지시계 손상 또는 작동 부적합
경기남부본부,정비종합,사이드슬립측정기,정기,2022-06-10,2022-06-16,합격,SHM-10-A5-1,M2428,답판 작동(고착) 부적합
경기남부본부,정비종합,제동시험기,정기,2022-06-10,2022-06-16,합격,SHM-10-B-1,M2428,"좌,우 자동차 입퇴출용 장치(리프트, 롤러고정장치 등, 좌,우 롤러구동모터 부적합"
경기남부본부,정비종합,속도계시험기,정기,2022-06-10,2022-06-16,합격,SHM-10-SP-1,M2428,"좌,우 자동차 입퇴출용 장치(리프트, 롤러고정장치 등, 형식,제작번호,허용축중,제작일자,제작회사 미표시"
경기남부본부,정비소형,제동시험기,정기,2022-06-14,2022-07-19,합격,DSM-3-BS2,3446,"좌,우 롤러구동모터 부적합"
대전세종충남본부,정비소형,사이드슬립측정기,정기,2022-06-15,2022-07-26,합격,DBC-101DC,147,5밀리미터 지시(±0.2mm/m) 부적합
대전세종충남본부,정비소형,제동시험기,정기,2022-06-15,2022-07-26,합격,DBC-102DC,147,"좌제동력지시(±5%) 부적합, 우제동력지시(±5%) 부적합, 좌우합계제동력지시(±5%) 부적합, 좌우차이제동력지시(±5%) 부적합, 중량설정지시(±5%) 부적합"
대전세종충남본부,정비소형,속도계시험기,정기,2022-06-15,2022-07-26,합격,DBC-103DC,147,속도지시(±3%) 이내 부적합
대구경북본부,정비소형,사이드슬립측정기,정기,2022-06-15,2022-07-05,합격,KSST-305B,92,제어박스 작동불
대구경북본부,정비소형,제동시험기,정기,2022-06-15,2022-07-05,합격,KBT-300A,103,제어박스 작동불
대구경북본부,정비소형,속도계시험기,정기,2022-06-15,2022-07-05,합격,KSMT-300,77,제어박스 작동불
대구경북본부,정비종합,제동시험기,정기,2022-06-15,2022-06-21,합격,DBC-102DF,22,"좌,우 자동차 입퇴출용 장치(리프트, 롤러고정장치 등"
대구경북본부,정비종합,속도계시험기,정기,2022-06-15,2022-06-21,합격,DBC-103DF,22,"좌,우 자동차 입퇴출용 장치(리프트, 롤러고정장치 등"
서울본부,정비소형,제동시험기,정기,2022-06-15,2022-06-21,합격,SHM-3-B.SP,M2598,우제동력지시(±5%) 부적합
부산본부,정비소형,제동시험기,정기,2022-06-18,2022-09-03,합격,SHM-2-B.SP,M2102,기기작동불
부산본부,정비소형,속도계시험기,정기,2022-06-18,2022-09-03,합격,SHM-2-B.SP,M2102,기기작동불
광주전남본부,정비종합,제동시험기,정기,2022-06-20,2022-06-21,합격,SHC-10-B-1,2120,기기작동불
광주전남본부,정비종합,속도계시험기,정기,2022-06-20,2022-06-21,합격,SHC-10-SP-1,2120,기기작동불
대전세종충남본부,정비소형,속도계시험기,정기,2022-06-20,2022-06-28,합격,BSCT-300AL-1,58,"좌,우 자동차 입퇴출용 장치(리프트, 롤러고정장치 등, 속도지시(±3%) 이내 부적합"
대구경북본부,정비종합,사이드슬립측정기,정기,2022-06-22,,불합격,SHC-10-A,2113,제어박스 작동불
대구경북본부,정비종합,제동시험기,정기,2022-06-22,,불합격,SHC-10-B,2113,제어박스 작동불
대구경북본부,정비종합,속도계시험기,정기,2022-06-22,,불합격,SHC-10-SP,2113,제어박스 작동불
대구경북본부,정비소형,사이드슬립측정기,정기,2022-06-23,,불합격,DSM-3-AT,3155,기기작동불
대구경북본부,정비소형,제동시험기,정기,2022-06-23,,불합격,DSM-3-BST,3155,기기작동불
대구경북본부,정비소형,속도계시험기,정기,2022-06-23,,불합격,DSM-3-BST,3155,기기작동불
대구경북본부,정비소형,주행빔전조등시험기,정기,2022-06-23,,불합격,DSM-300,3091,레일 미설치
서울본부,정비종합,제동시험기,정기,2022-06-23,,불합격,DBC-6000B,933,기기작동불
서울본부,정비종합,속도계시험기,정기,2022-06-23,,불합격,DSM-3-ST,3174,기기작동불
광주전남본부,정비소형,사이드슬립측정기,정기,2022-06-27,,불합격,SHM-2-A5,M2068,기기작동불
광주전남본부,정비소형,제동시험기,정기,2022-06-27,,불합격,SHM-2-B.SP,M2068,기기작동불
광주전남본부,정비소형,속도계시험기,정기,2022-06-27,,불합격,SHM-2-B.SP,M2068,기기작동불
대전세종충남본부,정비종합,사이드슬립측정기,정기,2022-06-27,2022-07-18,합격,DKM-10-A,10042,5밀리미터 지시(±0.2mm/m) 부적합
부산본부,정비소형,제동시험기,정기,2022-06-28,2022-08-10,합격,SHM-2-B.SP,M2352,"좌,우 자동차 입퇴출용 장치(리프트, 롤러고정장치 등"
부산본부,정비소형,속도계시험기,정기,2022-06-28,2022-08-10,합격,SHM-2-B.SP,M2352,"좌,우 자동차 입퇴출용 장치(리프트, 롤러고정장치 등"
대구경북본부,지정(종합소형),가스누출감지기,정기,2022-06-29,,불합격,SH-808,99264,폭발하한값(20%) 감지 부적합
부산본부,정비종합,사이드슬립측정기,정기,2022-06-29,2022-07-11,합격,DKM-10-A,10108,"제어박스 작동불, 5밀리미터 지시(±0.2mm/m) 부적합, 답판작동력 부적합"
부산본부,정비종합,제동시험기,정기,2022-06-29,2022-07-11,합격,DKM-10-B,10108,"좌,우 자동차 입퇴출용 장치(리프트, 롤러고정장치 등"
부산본부,정비종합,속도계시험기,정기,2022-06-29,2022-07-11,합격,DKM-10-SP,10108,"좌,우 자동차 입퇴출용 장치(리프트, 롤러고정장치 등"
광주전남본부,지정(정기),변환빔전조등시험기,정기,2022-06-29,2022-06-30,합격,JHT-500CA-1,21901,광도지시 부적합
부산본부,전문정비,주행빔전조등시험기,정기,2022-06-29,2022-08-10,합격,DKM-3000,5217,수광부지지대 설치상태 불량
서울본부,정비종합,사이드슬립측정기,정기,2022-06-30,2022-07-04,합격,DBC-101DC,52,"형식,제작번호,제작일자,제작회사 미표시, 기기작동불"
서울본부,정비종합,제동시험기,정기,2022-06-30,2022-07-04,합격,DBC-102DC,52,기기작동불
서울본부,정비종합,속도계시험기,정기,2022-06-30,2022-07-04,합격,DBC-103DC,52,기기작동불
서울본부,정비종합,사이드슬립측정기,정기,2022-06-30,2022-07-04,합격,DKM-3-AA,1650,기기작동불
서울본부,정비종합,제동시험기,정기,2022-06-30,2022-07-04,합격,DKM-3-BSTG,1650,기기작동불
서울본부,정비종합,속도계시험기,정기,2022-06-30,2022-07-04,합격,DKM-3-BSTG,1650,기기작동불
서울본부,전문정비,주행빔전조등시험기,정기,2022-06-30,2022-07-14,합격,JPH-7000,JPH-4103,기기작동불
부산본부,부분정비,주행빔전조등시험기,정기,2022-06-30,2022-08-10,합격,JPH-7000,JPH-5120,"정대장치 부적합, 수광부지지대 설치상태 불량"
부산본부,전문정비,변환빔전조등시험기,최초,2022-07-01,2022-08-20,합격,LTS-80,LTS21-K01,"수광부지지대 설치상태 불량, 광도 광축편차 부적합"
경기남부본부,정비소형,사이드슬립측정기,정기,2022-07-01,2022-07-05,합격,SHM-3-A5P,M1332,"지시값의 과도한 떨림, 0점 지시(±0.2mm/m) 부적합, 5밀리미터 지시(±0.2mm/m) 부적합"
광주전남본부,정비종합,사이드슬립측정기,정기,2022-07-04,,불합격,KSST-1000B,4,제어박스 작동불
광주전남본부,정비종합,제동시험기,정기,2022-07-04,,불합격,KBT-1010A,5,제어박스 작동불
광주전남본부,정비종합,속도계시험기,정기,2022-07-04,,불합격,KSMT-1000,10,제어박스 작동불
광주전남본부,정비종합,주행빔전조등시험기,정기,2022-07-04,,불합격,HLT-800D,84,기기작동불
부산본부,자가정비,사이드슬립측정기,정기,2022-07-04,2022-07-15,합격,DBC-101A,76,기기작동불
부산본부,자가정비,제동시험기,정기,2022-07-04,2022-07-15,합격,DBC-102,70,"좌,우 자동차 입퇴출용 장치(리프트, 롤러고정장치 등, 기기작동불"
부산본부,자가정비,속도계시험기,정기,2022-07-04,2022-07-15,합격,DBC-103,68,"좌,우 자동차 입퇴출용 장치(리프트, 롤러고정장치 등, 기기작동불"
대전세종충남본부,정비종합,사이드슬립측정기,정기,2022-07-04,,불합격,SHM-10-A5-1,M2548,제어박스 작동불
대전세종충남본부,정비종합,제동시험기,정기,2022-07-04,,불합격,SHM-10-B-1,M2548,제어박스 작동불
대전세종충남본부,정비종합,속도계시험기,정기,2022-07-04,,불합격,SHM-10-SP-1,M2548,제어박스 작동불
대구경북본부,정비소형,제동시험기,정기,2022-07-11,2022-07-22,합격,DBC-102,137,"좌,우 자동차 입퇴출용 장치(리프트, 롤러고정장치 등"
대구경북본부,정비소형,속도계시험기,정기,2022-07-11,2022-07-22,합격,DBC-103,130,"좌,우 자동차 입퇴출용 장치(리프트, 롤러고정장치 등"
광주전남본부,자가정비,사이드슬립측정기,정기,2022-07-11,2022-07-25,합격,SHM-10-A5P,M2830,"0점 지시(±0.2mm/m) 부적합, 5밀리미터 지시(±0.2mm/m) 부적합, 답판작동력 부적합"
광주전남본부,정비종합,제동시험기,정기,2022-07-12,2022-07-14,합격,SHM-15-B-1,M2385,지시계 지시값 부적합
서울본부,정비종합,사이드슬립측정기,정기,2022-07-13,2022-07-19,합격,KSST-1050B,281,"형식,제작번호,제작일자,제작회사 미표시, 기기작동불"
서울본부,정비종합,제동시험기,정기,2022-07-13,2022-07-19,합격,BSCT-1000AL,58,"좌,우 자동차 입퇴출용 장치(리프트, 롤러고정장치 등, 형식,제작번호,허용축중,제작일자,제작회사 미표시"
서울본부,정비종합,속도계시험기,정기,2022-07-13,2022-07-19,합격,BSCT-1000AL,58,"좌,우 자동차 입퇴출용 장치(리프트, 롤러고정장치 등, 형식,제작번호,허용축중,제작일자,제작회사 미표시"
부산본부,건설기계,주행빔전조등시험기,정기,2022-07-13,,불합격,JHT-500M,HTM09259,기기작동불
대구경북본부,정비종합,사이드슬립측정기,정기,2022-07-13,,불합격,DSM-3-AT-A,3283,제어박스 작동불
대구경북본부,정비종합,제동시험기,정기,2022-07-13,,불합격,DSM-3-BT-A,3283,제어박스 작동불
대구경북본부,정비종합,속도계시험기,정기,2022-07-13,,불합격,DSM-3-ST-A,3283,제어박스 작동불
대전세종충남본부,정비종합,사이드슬립측정기,정기,2022-07-15,2022-08-10,합격,KSST-1550SIS-A,54,제어박스 작동불
대전세종충남본부,정비종합,제동시험기,정기,2022-07-15,2022-08-10,합격,KBT-1500SIS-AW-1,57,제어박스 작동불
대전세종충남본부,정비종합,속도계시험기,정기,2022-07-15,2022-08-10,합격,KSMT-1500SIS-A,56,제어박스 작동불
대전세종충남본부,정비종합,주행빔전조등시험기,정기,2022-07-15,2022-08-10,합격,JHT-500HA,HTM11243,기기작동불
광주전남본부,정비종합,사이드슬립측정기,정기,2022-07-15,,불합격,KSST-1000B,32,"0점 지시(±0.2mm/m) 부적합, 5밀리미터 지시(±0.2mm/m) 부적합"
광주전남본부,정비종합,제동시험기,정기,2022-07-15,,불합격,KBT-1010DB-3,6,지시계 지시값 부적합
대전세종충남본부,정비종합,사이드슬립측정기,정기,2022-07-18,2022-09-05,합격,AUTO-A-10T,230,"답판 작동(고착) 부적합, 5밀리미터 지시(±0.2mm/m) 부적합"
대전세종충남본부,정비종합,제동시험기,정기,2022-07-18,2022-09-05,합격,AUTO-B-10T-11,230,"좌,우 자동차 입퇴출용 장치(리프트, 롤러고정장치 등, 좌,우 롤러구동모터 부적합"
대전세종충남본부,정비종합,속도계시험기,정기,2022-07-18,2022-09-05,합격,AUTO-S-10T,230,"좌,우 자동차 입퇴출용 장치(리프트, 롤러고정장치 등, 속도지시(±3%) 이내 부적합"
서울본부,지정(정기),사이드슬립측정기,정기,2022-07-18,2022-07-18,합격,SHM-10-A-1,M2528,5밀리미터 지시(±0.2mm/m) 부적합
대전세종충남본부,정비소형,제동시험기,정기,2022-07-19,2022-07-29,합격,AUTO-B-3T,3-120,"좌,우 자동차 입퇴출용 장치(리프트, 롤러고정장치 등"
대전세종충남본부,정비종합,제동시험기,정기,2022-07-19,2022-09-21,합격,DSM-10-BST,1270,"우제동력지시(±5%) 부적합, 좌우합계제동력지시(±5%) 부적합, 기능키 작동불"
대전세종충남본부,정비종합,사이드슬립측정기,정기,2022-07-21,2022-09-24,합격,KSST-1550SIS-A,34,"0점 지시(±0.2mm/m) 부적합, 5밀리미터 지시(±0.2mm/m) 부적합, 답판작동력 부적합"
대전세종충남본부,정비종합,주행빔전조등시험기,정기,2022-07-21,,불합격,MQD-3B-1,DS12-008,300
대전세종충남본부,정비종합,주행빔전조등시험기,정기,2022-07-22,2022-07-30,합격,SHM-3000,5029,광도지시 부적합
부산본부,정비소형,제동시험기,정기,2022-07-25,2022-08-17,합격,DKM-2-B,2104,"좌제동력지시(±5%) 부적합, 우제동력지시(±5%) 부적합, 좌우합계제동력지시(±5%) 부적합, 좌우차이제동력지시(±5%) 부적합"
광주전남본부,정비종합,제동시험기,정기,2022-07-25,2022-07-28,합격,DKM-10-B.SPG,1522,"좌,우 자동차 입퇴출용 장치(리프트, 롤러고정장치 등, 지시계 지시값 부적합"
광주전남본부,정비종합,속도계시험기,정기,2022-07-25,2022-07-28,합격,DKM-10-B.SPG,1522,"좌,우 자동차 입퇴출용 장치(리프트, 롤러고정장치 등, 지시계 지시값 부적합"
대전세종충남본부,정비종합,주행빔전조등시험기,정기,2022-07-25,2022-08-03,합격,HLT-800D-1,796,레일 설치상태 불량
대구경북본부,지정(정기),변환빔전조등시험기,정기,2022-07-25,2022-07-26,합격,JHT-500CA-1,21833,광도지시 부적합
대구경북본부,지정(정기),변환빔전조등시험기,정기,2022-07-26,2022-07-26,합격,JHT-500CA-1,21831,각도 광축편차 부적합
대전세종충남본부,정비종합,제동시험기,정기,2022-07-26,2022-08-25,합격,DKM-10-B-S,10097,"좌,우 자동차 입퇴출용 장치(리프트, 롤러고정장치 등, 기능키 작동불"
대전세종충남본부,정비종합,주행빔전조등시험기,정기,2022-07-26,2022-08-25,합격,DKM-3000,5331,기능키 작동불
대전세종충남본부,정비종합,제동시험기,정기,2022-07-26,2022-11-30,합격,SMB-10T-D,98030,"좌,우 자동차 입퇴출용 장치(리프트, 롤러고정장치 등"
경기남부본부,정비종합,제동시험기,최초,2022-07-28,2022-08-19,합격,"SHM-10K-B,SP",1763,"좌 자동차 입퇴출용 장치(리프트, 롤러고정장치 등) "
경기남부본부,정비종합,속도계시험기,최초,2022-07-28,2022-08-19,합격,"SHM-10K-B,SP",1763,"좌 자동차 입퇴출용 장치(리프트, 롤러고정장치 등) "
대전세종충남본부,정비소형,사이드슬립측정기,정기,2022-08-04,2022-08-12,합격,DKM-2-A,2143,"5밀리미터 지시(±0.2mm/m) 부적합, 답판작동력 부적합"
대구경북본부,정비소형,속도계시험기,정기,2022-08-04,2022-08-12,합격,SHC-3-SP,1046,기기작동불
부산본부,정비소형,사이드슬립측정기,정기,2022-08-05,2022-08-24,합격,DKM-3-AP-1,3126,기기작동불
부산본부,정비소형,제동시험기,정기,2022-08-05,2022-08-24,합격,DKM-3-BC-1,3126,"우제동력지시(±5%) 부적합, 좌우합계제동력지시(±5%) 부적합, 좌우차이제동력지시(±5%) 부적합"
부산본부,정비소형,속도계시험기,정기,2022-08-05,2022-08-24,합격,DKM-3-SPC-1,3126,기기작동불
부산본부,정비소형,주행빔전조등시험기,정기,2022-08-05,2022-08-24,합격,H-300A,382,레일 설치상태 불량
경기남부본부,튜닝제작사,제동시험기,정기,2022-08-08,2022-08-12,합격,"SHM-10K-B,SP",1948,좌제동력지시(±5%) 부적합
광주전남본부,정비종합,제동시험기,정기,2022-08-09,2022-09-23,합격,KBT-1010DA,12,기기작동불
광주전남본부,정비종합,속도계시험기,정기,2022-08-09,2022-09-23,합격,KSMT-1000,11,기기작동불
서울본부,제작(기기),변환빔전조등시험기,최초,2022-08-09,,불합격,TLS-80L,80L-22G01,"레일 설치상태 불량, 기타[  ]"
서울본부,제작(기기),변환빔전조등시험기,최초,2022-08-09,,불합격,TLS-70L,70H-22G01,"레일 설치상태 불량, 기타[  ]"
경기남부본부,정비종합,사이드슬립측정기,정기,2022-08-10,2022-08-18,합격,DFA-150A2,43,"형식,제작번호,제작일자,제작회사 미표시"
경기남부본부,정비종합,제동시험기,구변,2022-08-10,2022-08-18,합격,DFB-150A2,43,"지시계 지시값 부적합, 형식,제작번호,허용축중,제작일자,제작회사 미표시"
경기남부본부,정비종합,속도계시험기,정기,2022-08-10,2022-08-18,합격,DFS-150A2,43,"형식,제작번호,허용축중,제작일자,제작회사 미표시"
서울본부,제작(기기),변환빔전조등시험기,최초,2022-08-17,,불합격,TLS-80L,TLS-82H01,광도 광축편차 부적합
광주전남본부,정비종합,사이드슬립측정기,정기,2022-08-18,2022-09-08,합격,DL-10A,940738,"제어박스 작동불, 자동차의 점검,정비 또는 검사 수행 불가능 설치"
광주전남본부,정비종합,제동시험기,정기,2022-08-18,2022-09-08,합격,DL-10B,940710,제어박스 작동불
광주전남본부,정비종합,속도계시험기,정기,2022-08-18,2022-09-08,합격,DL-10S,940710,제어박스 작동불
광주전남본부,정비종합,주행빔전조등시험기,정기,2022-08-18,2022-09-08,합격,DL-H7,940738,기기작동불
대구경북본부,정비종합,사이드슬립측정기,정기,2022-08-19,2022-09-07,합격,DBC-151DF,23,제어박스 작동불
대구경북본부,정비종합,제동시험기,정기,2022-08-19,2022-09-07,합격,DBC-152DF,23,제어박스 작동불
대구경북본부,정비종합,속도계시험기,정기,2022-08-19,2022-09-07,합격,DBC-153DF,23,제어박스 작동불
광주전남본부,정비종합,사이드슬립측정기,정기,2022-08-19,2022-09-08,합격,HS-10,6,"자동차의 점검,정비 또는 검사 수행 불가능 설치"
광주전남본부,정비종합,제동시험기,정기,2022-08-19,2022-09-08,합격,HBS-10,6,"자동차의 점검,정비 또는 검사 수행 불가능 설치"
광주전남본부,정비종합,속도계시험기,정기,2022-08-19,2022-09-08,합격,HBS-10,6,"자동차의 점검,정비 또는 검사 수행 불가능 설치"
광주전남본부,정비종합,주행빔전조등시험기,정기,2022-08-19,2022-09-08,합격,HL-8CD,105,"자동차의 점검,정비 또는 검사 수행 불가능 설치"
서울본부,제작(기기),변환빔전조등시험기,최초,2022-08-24,2022-08-24,합격,ELS-80,ELS-1-00008,각도 광축편차 부적합
서울본부,제작(기기),변환빔전조등시험기,최초,2022-08-24,2022-08-24,합격,ELS-80,ELS-1-00008,각도 광축편차 부적합
서울본부,정비종합,사이드슬립측정기,정기,2022-08-24,2022-09-30,합격,DBC-101AI,35,5밀리미터 지시(±0.2mm/m) 부적합
대전세종충남본부,정비소형,사이드슬립측정기,정기,2022-08-26,2022-09-16,합격,SHM-3-A,9703001,"기능키 작동불, 기기작동불"
대전세종충남본부,정비소형,제동시험기,정기,2022-08-26,2022-09-16,합격,SHM-3-B,9703001,"기능키 작동불, 기기작동불"
대전세종충남본부,정비소형,속도계시험기,정기,2022-08-26,2022-09-16,합격,SHM-3-SP,9703001,"기능키 작동불, 기기작동불"
대구경북본부,정비소형,사이드슬립측정기,정기,2022-08-27,2022-09-01,합격,DKM-3-A-1,3032,기기작동불
대구경북본부,정비소형,제동시험기,정기,2022-08-27,2022-09-01,합격,DKM-3-B-1,3032,기기작동불
대구경북본부,정비소형,속도계시험기,정기,2022-08-27,2022-09-01,합격,DKM-3-SP-1,3032,기기작동불
대구경북본부,정비소형,주행빔전조등시험기,정기,2022-08-27,2022-09-01,합격,SHC-300,1130,기기작동불
대전세종충남본부,정비종합,사이드슬립측정기,정기,2022-09-01,2022-09-19,합격,DKM-10-AP-1,3056,제어박스 작동불
대전세종충남본부,정비종합,제동시험기,정기,2022-09-01,2022-09-19,합격,DKM-3-BC-2,3056,제어박스 작동불
대전세종충남본부,정비종합,속도계시험기,정기,2022-09-01,2022-09-19,합격,DKM-3-SPC-2,3056,제어박스 작동불
대전세종충남본부,정비종합,주행빔전조등시험기,정기,2022-09-02,2022-09-20,합격,HLT-3,4139,광도지시 부적합
대전세종충남본부,정비소형,사이드슬립측정기,정기,2022-09-02,2022-11-10,합격,DBC-301,747908,"0점 지시(±0.2mm/m) 부적합, 5밀리미터 지시(±0.2mm/m) 부적합"
대전세종충남본부,정비소형,속도계시험기,정기,2022-09-02,2022-11-10,합격,DBC-3000,747787,속도지시(±3%) 이내 부적합
광주전남본부,정비종합,사이드슬립측정기,정기,2022-09-02,2022-09-29,합격,JAT-15C,AT14521,기기작동불
광주전남본부,정비종합,제동시험기,정기,2022-09-02,2022-09-29,합격,JBT-15CB,BT14521,기기작동불
광주전남본부,정비종합,속도계시험기,정기,2022-09-02,2022-09-29,합격,JST-15CB,ST14521,기기작동불
광주전남본부,정비종합,주행빔전조등시험기,정기,2022-09-02,2022-09-29,합격,JHT-500HA,HTM14521,기기작동불
서울본부,정비소형,사이드슬립측정기,정기,2022-09-02,2022-09-19,합격,DSM-3-AT,3160,"형식,제작번호,제작일자,제작회사 미표시"
서울본부,정비소형,제동시험기,정기,2022-09-02,2022-09-19,합격,DSM-3-BST,3160,"형식,제작번호,허용축중,제작일자,제작회사 미표시"
서울본부,정비소형,속도계시험기,정기,2022-09-02,2022-09-19,합격,DSM-3-BST,3160,"형식,제작번호,허용축중,제작일자,제작회사 미표시"
부산본부,정비종합,사이드슬립측정기,정기,2022-09-07,2022-09-24,합격,DBC-10A-1,1001,0점 지시(±0.2mm/m) 부적합
부산본부,정비종합,제동시험기,정기,2022-09-07,2022-09-24,합격,SHC-10-B-1,2131,"좌제동력지시(±5%) 부적합, 좌우합계제동력지시(±5%) 부적합, 좌우차이제동력지시(±5%) 부적합"
광주전남본부,정비종합,변환빔전조등시험기,정기,2022-09-13,2022-09-22,합격,ELS-80,ELS-1-00002,기기작동불
광주전남본부,정비종합,사이드슬립측정기,정기,2022-09-13,2022-09-22,합격,DKM-10-AP-1,10219,제어박스 작동불
광주전남본부,정비종합,제동시험기,정기,2022-09-13,2022-09-22,합격,DKM-10-BC-1,10219,제어박스 작동불
광주전남본부,정비종합,속도계시험기,정기,2022-09-13,2022-09-22,합격,DKM-10-SPC-1,10219,제어박스 작동불
광주전남본부,정비소형,제동시험기,정기,2022-09-13,2022-09-22,합격,DKM-2-B-1,2119,"좌,우 자동차 입퇴출용 장치(리프트, 롤러고정장치 등, 좌,우 롤러구동모터 부적합"
광주전남본부,정비소형,속도계시험기,정기,2022-09-13,2022-09-22,합격,DKM-2-SP-1,2119,"좌,우 자동차 입퇴출용 장치(리프트, 롤러고정장치 등"
대전세종충남본부,정비소형,제동시험기,정기,2022-09-16,,불합격,DKM-3-B-1,3111,"좌,우 자동차 입퇴출용 장치(리프트, 롤러고정장치 등, 좌,우 롤러구동모터 부적합"
대전세종충남본부,정비소형,속도계시험기,정기,2022-09-16,,불합격,DKM-3-SP-1,3111,기기작동불
경기남부본부,정비소형,사이드슬립측정기,정기,2022-09-16,2022-10-25,합격,AUTO-A-3T,3-101,"형식,제작번호,제작일자,제작회사 미표시"
경기남부본부,정비소형,제동시험기,정기,2022-09-16,2022-10-25,합격,AUTO-BS-3T,3-101,"좌제동력지시(±5%) 부적합, 좌우합계제동력지시(±5%) 부적합, 좌우차이제동력지시(±5%) 부적합, 기타[  ]"
경기남부본부,정비소형,속도계시험기,정기,2022-09-16,2022-10-25,합격,AUTO-BS-3T,3-101,기타[  ]
부산본부,정비종합,사이드슬립측정기,정기,2022-09-16,2022-09-28,합격,DBC-101AI,229,5밀리미터 지시(±0.2mm/m) 부적합
부산본부,정비종합,제동시험기,정기,2022-09-16,2022-09-28,합격,DBC-102I,229,"우제동력지시(±5%) 부적합, 좌우합계제동력지시(±5%) 부적합, 좌우차이제동력지시(±5%) 부적합"
부산본부,정비종합,속도계시험기,정기,2022-09-16,2022-09-28,합격,DBC-103I,229,속도지시(±3%) 이내 부적합
서울본부,배출전문,주행빔전조등시험기,정기,2022-09-23,2022-09-23,합격,JPH-7000-2,JPH-A001,광도지시 부적합
광주전남본부,정비종합,제동시험기,정기,2022-09-26,2022-09-30,합격,DKM-10-B.SPG,1567,"좌,우 롤러구동모터 부적합, 지시계 지시값 부적합"
대전세종충남본부,정비종합,제동시험기,정기,2022-09-26,2022-12-14,합격,SHM-10-B.SP-GG,M2846,"좌,우 제동력전달장치 부적합"
대전세종충남본부,정비종합,속도계시험기,정기,2022-09-26,2022-12-14,합격,SHM-10-B.SP-GG,M2846,속도지시(±3%) 이내 부적합
광주전남본부,정비종합,사이드슬립측정기,정기,2022-09-27,2022-10-24,합격,KSST-1051SIS-A,172,기기작동불
광주전남본부,정비종합,제동시험기,정기,2022-09-27,2022-10-24,합격,KBT-1000IT,136,우 롤러구동모터 부적합
부산본부,정비종합,사이드슬립측정기,정기,2022-09-29,2022-11-21,합격,DBC-101DC,132,제어박스 작동불
부산본부,정비종합,제동시험기,정기,2022-09-29,2022-11-21,합격,DBC-102DC,132,제어박스 작동불
부산본부,정비종합,속도계시험기,정기,2022-09-29,2022-11-21,합격,DBC-103DC,132,제어박스 작동불
부산본부,정비종합,주행빔전조등시험기,정기,2022-09-29,,불합격,DBC-300,1003,기기작동불
대구경북본부,정비종합,제동시험기,정기,2022-09-30,2022-11-08,합격,DBC-10BS-5,2523,"좌 롤러구동모터 부적합, 우 롤러구동모터 부적합"
광주전남본부,정비종합,속도계시험기,정기,2022-09-30,2022-10-19,합격,AUTO-S-10T,220,"지시계 작동 불량, 속도지시(±3%) 이내 부적합"
광주전남본부,정비종합,주행빔전조등시험기,정기,2022-09-30,2022-10-19,합격,AUTO-H300,3-195,광축 지시계 손상 또는 작동 부적합
대구경북본부,정비종합,사이드슬립측정기,정기,2022-10-05,,불합격,KSST-1000B,103,제어박스 작동불
대구경북본부,정비종합,제동시험기,정기,2022-10-05,,불합격,KBT-1010DB-5,24,제어박스 작동불
대구경북본부,정비종합,속도계시험기,정기,2022-10-05,,불합격,KSMT-1000,113,제어박스 작동불
대전세종충남본부,지정(종합대형),제동시험기,최초,2022-10-06,2022-10-11,합격,DASAN-15TB-MSA,DS22-025,"좌제동력지시(±5%) 부적합, 우제동력지시(±5%) 부적합, 좌우합계제동력지시(±5%) 부적합, 좌우차이제동력지시(±5%) 부적합"
대전세종충남본부,정비종합,제동시험기,정기,2022-10-07,2022-10-25,합격,KBT-1000SIS-AW-1,89,"좌,우 자동차 입퇴출용 장치(리프트, 롤러고정장치 등"
광주전남본부,정비종합,사이드슬립측정기,정기,2022-10-07,,불합격,DBC-101DF,53,제어박스 작동불
광주전남본부,정비종합,제동시험기,정기,2022-10-07,,불합격,DBC-102DF,53,제어박스 작동불
광주전남본부,정비종합,속도계시험기,정기,2022-10-07,,불합격,DBC-103DF,53,제어박스 작동불
대전세종충남본부,정비소형,제동시험기,정기,2022-10-11,,불합격,DKM-15-B.SPG,1504,"좌,우 롤러구동모터 부적합"
부산본부,정비종합,제동시험기,정기,2022-10-11,2022-11-29,합격,DBC-15B-2,35,"좌,우 자동차 입퇴출용 장치(리프트, 롤러고정장치 등, 좌,우 롤러구동모터 부적합, 제어박스 작동불"
부산본부,정비종합,속도계시험기,정기,2022-10-11,2022-11-29,합격,DBC-15SP-2,35,"좌,우 자동차 입퇴출용 장치(리프트, 롤러고정장치 등, 제어박스 작동불"
서울본부,정비종합,사이드슬립측정기,정기,2022-10-12,,불합격,DBC-101DF,278,제어박스 작동불
서울본부,정비종합,제동시험기,정기,2022-10-12,,불합격,DBC-102DF,279,제어박스 작동불
서울본부,정비종합,속도계시험기,정기,2022-10-12,,불합격,DBC-103DF,279,제어박스 작동불
대전세종충남본부,정비종합,사이드슬립측정기,정기,2022-10-12,2022-10-24,합격,KSST-1050B,201,5밀리미터 지시(±0.2mm/m) 부적합
대전세종충남본부,정비종합,제동시험기,정기,2022-10-12,2022-10-24,합격,BSCT-1000AL,13,"좌,우 자동차 입퇴출용 장치(리프트, 롤러고정장치 등"
대전세종충남본부,정비종합,속도계시험기,정기,2022-10-12,2022-10-24,합격,BSCT-1000AL,13,"좌,우 자동차 입퇴출용 장치(리프트, 롤러고정장치 등"
대전세종충남본부,정비종합,주행빔전조등시험기,정기,2022-10-12,2022-10-24,합격,HLT-800D-1,110,수광부지지대 설치상태 불량
서울본부,정비소형,사이드슬립측정기,정기,2022-10-12,2022-10-20,합격,SHM-3-A5P,M2633,답판 작동(고착) 부적합
서울본부,정비소형,제동시험기,정기,2022-10-12,2022-10-20,합격,SHM-3-B.SP,M2633,"좌,우 자동차 입퇴출용 장치(리프트, 롤러고정장치 등, 좌,우 롤러구동모터 부적합"
서울본부,정비소형,속도계시험기,정기,2022-10-12,2022-10-20,합격,SHM-3-B.SP,M2633,"좌,우 자동차 입퇴출용 장치(리프트, 롤러고정장치 등"
서울본부,정비소형,제동시험기,정기,2022-10-14,2022-11-16,합격,DBC-6000B,245,"좌,우 자동차 입퇴출용 장치(리프트, 롤러고정장치 등"
대전세종충남본부,정비종합,제동시험기,정기,2022-10-17,2022-11-02,합격,HBS-15-D,7,"좌제동력지시(±5%) 부적합, 좌우합계제동력지시(±5%) 부적합, 좌우차이제동력지시(±5%) 부적합"
광주전남본부,정비종합,사이드슬립측정기,정기,2022-10-17,2022-11-07,합격,DBC-101DF,258,제어박스 작동불
광주전남본부,정비종합,제동시험기,정기,2022-10-17,2022-11-07,합격,DBC-102DF,258,제어박스 작동불
광주전남본부,정비종합,속도계시험기,정기,2022-10-17,2022-11-07,합격,DBC-103DF,258,제어박스 작동불
대구경북본부,정비소형,제동시험기,정기,2022-10-17,2022-12-07,합격,DSM-3-BSL,3184,"좌,우 롤러구동모터 부적합"
대구경북본부,정비소형,속도계시험기,정기,2022-10-17,2022-12-07,합격,DSM-3-BSL,3184,기기작동불
부산본부,정비종합,제동시험기,정기,2022-10-17,2022-11-29,합격,KBT-1010DA,111,"좌,우 자동차 입퇴출용 장치(리프트, 롤러고정장치 등, 기기작동불"
부산본부,정비종합,속도계시험기,정기,2022-10-17,2022-11-29,합격,KSMT-1000,206,"좌,우 자동차 입퇴출용 장치(리프트, 롤러고정장치 등, 기기작동불"
광주전남본부,정비종합,제동시험기,정기,2022-10-19,2022-10-20,합격,DBC-10BS-2,2510,"좌,우 롤러구동모터 부적합, 좌 제동력전달장치 부적합"
부산본부,정비소형,주행빔전조등시험기,정기,2022-10-19,2022-11-25,합격,SHM-3001,6004,레일 설치상태 불량
경기남부본부,정비소형,제동시험기,정기,2022-10-20,2022-11-18,합격,DKM-2-B,2001,"형식,제작번호,허용축중,제작일자,제작회사 미표시"
경기남부본부,정비소형,속도계시험기,정기,2022-10-20,2022-11-18,합격,DKM-2-SP,2001,"형식,제작번호,허용축중,제작일자,제작회사 미표시"
경기남부본부,정비소형,주행빔전조등시험기,정기,2022-10-20,2022-11-18,합격,DKM-3000,5112,"광도지시 부적합, 각도 광축편차 부적합"
서울본부,정비소형,사이드슬립측정기,정기,2022-10-20,2022-10-31,합격,DSM-3-AT,3252,"5밀리미터 지시(±0.2mm/m) 부적합, 답판작동력 부적합"
서울본부,정비소형,제동시험기,정기,2022-10-20,2022-10-31,합격,DSM-3-BST,3252,"좌제동력지시(±5%) 부적합, 좌우합계제동력지시(±5%) 부적합, 좌우차이제동력지시(±5%) 부적합"
광주전남본부,정비종합,제동시험기,정기,2022-10-21,2022-11-04,합격,SHC-10-B,2045,"좌,우 롤러구동모터 부적합"
경기남부본부,정비종합,제동시험기,정기,2022-10-21,,불합격,KBT-1500SIS-AW-1,65,"좌,우 자동차 입퇴출용 장치(리프트, 롤러고정장치 등, 좌,우 롤러구동모터 부적합, 형식,제작번호,허용축중,제작일자,제작회사 미표시"
대구경북본부,정비종합,제동시험기,정기,2022-10-24,2022-11-09,합격,DBC-102DF,29,"좌,우 자동차 입퇴출용 장치(리프트, 롤러고정장치 등"
대구경북본부,정비종합,속도계시험기,정기,2022-10-24,2022-11-09,합격,DBC-103DF,29,"좌,우 자동차 입퇴출용 장치(리프트, 롤러고정장치 등, 기기작동불"
서울본부,정비소형,제동시험기,정기,2022-10-24,2022-11-16,합격,DBC-102-I,202,기기작동불
서울본부,정비소형,속도계시험기,정기,2022-10-24,2022-11-16,합격,DBC-103-I,202,기기작동불
대전세종충남본부,튜닝제작사,제동시험기,정기,2022-10-24,2022-11-14,합격,KBT-1000C-1,352,지시계 작동 불량
서울본부,정비소형,사이드슬립측정기,정기,2022-10-24,,불합격,SHM-3-A5-1,M2399,기기작동불
서울본부,정비소형,주행빔전조등시험기,정기,2022-10-24,,불합격,SHM-3000,5527,기기작동불
대전세종충남본부,정비종합,사이드슬립측정기,정기,2022-10-25,2022-11-09,합격,KSST-1000AUTO88C-1,185,제어박스 작동불
대전세종충남본부,정비종합,제동시험기,정기,2022-10-25,2022-11-09,합격,KBT-1000AUTO88C-1L,185,제어박스 작동불
대전세종충남본부,정비종합,속도계시험기,정기,2022-10-25,2022-11-09,합격,KSMT-1000AUTO88C-1,184,제어박스 작동불
대전세종충남본부,정비종합,사이드슬립측정기,정기,2022-10-25,2022-11-09,합격,DKM-10-AP-1,10238,제어박스 작동불
대전세종충남본부,정비종합,제동시험기,정기,2022-10-25,2022-11-09,합격,DKM-10-BC-1,10238,제어박스 작동불
대전세종충남본부,정비종합,속도계시험기,정기,2022-10-25,2022-11-09,합격,DKM-10-SPC-1,10238,제어박스 작동불
대구경북본부,자동차제작사,변환빔전조등시험기,최초,2022-10-25,2022-11-07,합격,SHM-2000,2230,각도 광축편차 부적합
경기남부본부,정비종합,사이드슬립측정기,정기,2022-11-01,2022-11-28,합격,SA-10A,9,"형식,제작번호,제작일자,제작회사 미표시"
경기남부본부,정비종합,제동시험기,정기,2022-11-01,2022-11-28,합격,SA-10B,1,"좌,우 자동차 입퇴출용 장치(리프트, 롤러고정장치 등, 형식,제작번호,허용축중,제작일자,제작회사 미표시"
경기남부본부,정비종합,속도계시험기,정기,2022-11-01,2022-11-28,합격,SST-500,5999,"좌,우 자동차 입퇴출용 장치(리프트, 롤러고정장치 등"
경기남부본부,정비소형,속도계시험기,정기,2022-11-03,2022-11-16,합격,AUTO-BS-3T-1,3-128,기기작동불
서울본부,정비소형,사이드슬립측정기,정기,2022-11-03,2022-11-24,합격,SHM-2-A5,M2237,기기작동불
서울본부,정비소형,제동시험기,정기,2022-11-03,2022-11-24,합격,SHM-2-B.SP,M2237,"좌우합계제동력지시(±5%) 부적합, 좌우차이제동력지시(±5%) 부적합, 기기작동불"
서울본부,정비소형,주행빔전조등시험기,정기,2022-11-03,2022-11-24,합격,SHM-3000,5360,각도 광축편차 부적합
서울본부,정비종합,사이드슬립측정기,정기,2022-11-04,,불합격,KSST-1000B,118,제어박스 작동불
서울본부,정비종합,제동시험기,정기,2022-11-04,,불합격,TBT-6000B,235,제어박스 작동불
서울본부,정비종합,속도계시험기,정기,2022-11-04,,불합격,SSM-6000,79040,제어박스 작동불
광주전남본부,정비소형,사이드슬립측정기,정기,2022-11-07,,불합격,SHM-2-A5,M2028,제어박스 작동불
광주전남본부,정비소형,제동시험기,정기,2022-11-07,,불합격,SHM-2-B.SP,M2028,제어박스 작동불
광주전남본부,정비소형,속도계시험기,정기,2022-11-07,,불합격,SHM-2-B.SP,M2028,제어박스 작동불
경기남부본부,정비소형,사이드슬립측정기,정기,2022-11-07,,불합격,DBC-31DF2,138,기기작동불
경기남부본부,정비소형,제동시험기,정기,2022-11-07,,불합격,DBC-32DF2,138,기기작동불
경기남부본부,정비소형,속도계시험기,정기,2022-11-07,,불합격,DBC-33DF2,138,기기작동불
부산본부,지정(정기),제동시험기,구변,2022-11-08,2022-11-09,합격,DKM-15-B-1,15040,중량설정지시(±5%) 부적합
대구경북본부,정비종합,사이드슬립측정기,정기,2022-11-09,2022-11-23,합격,SHM-15-A5P,M2778,기기작동불
서울본부,지정(종합소형),사이드슬립측정기,정기,2022-11-11,2022-11-11,합격,DBC-101AI,12,기기작동불
부산본부,정비종합,제동시험기,정기,2022-11-15,2022-11-16,합격,DBC-10BS-3,2525,"좌제동력지시(±5%) 부적합, 우제동력지시(±5%) 부적합, 좌우합계제동력지시(±5%) 부적합, 좌우차이제동력지시(±5%) 부적합"
대전세종충남본부,정비종합,사이드슬립측정기,정기,2022-11-15,2022-12-13,합격,DBC-31DF2,34,제어박스 작동불
대전세종충남본부,정비종합,제동시험기,정기,2022-11-15,2022-12-13,합격,DBC-32DF2,34,제어박스 작동불
대전세종충남본부,정비종합,속도계시험기,정기,2022-11-15,2022-12-13,합격,DBC-33DF2,34,제어박스 작동불
광주전남본부,정비종합,제동시험기,정기,2022-11-15,2022-11-16,합격,DBC-102DF,15,"좌,우 자동차 입퇴출용 장치(리프트, 롤러고정장치 등, 좌,우 제동력전달장치 부적합"
광주전남본부,정비종합,속도계시험기,정기,2022-11-15,2022-11-16,합격,DBC-103DF,15,"좌,우 자동차 입퇴출용 장치(리프트, 롤러고정장치 등"
서울본부,지정(종합대형),사이드슬립측정기,정기,2022-11-17,2022-11-17,합격,DASAN-15TA-MS,DS20-057,기기작동불
경기남부본부,정비종합,제동시험기,정기,2022-11-18,2022-12-20,합격,DBC-102DC,98,"좌 자동차 입퇴출용 장치(리프트, 롤러고정장치 등) "
경기남부본부,정비종합,속도계시험기,정기,2022-11-18,2022-12-20,합격,DBC-103DC,98,"좌,우 자동차 입퇴출용 장치(리프트, 롤러고정장치 등"
대전세종충남본부,정비종합,사이드슬립측정기,정기,2022-11-22,2022-11-23,합격,SHM-15-A,1973,5밀리미터 지시(±0.2mm/m) 부적합
대전세종충남본부,정비종합,제동시험기,정기,2022-11-22,2022-11-23,합격,SHM-15-B,1973,"좌제동력지시(±5%) 부적합, 우제동력지시(±5%) 부적합, 좌우합계제동력지시(±5%) 부적합, 좌우차이제동력지시(±5%) 부적합"
대전세종충남본부,정비종합,속도계시험기,정기,2022-11-22,2022-11-23,합격,SHM-15-SP,1973,속도지시(±3%) 이내 부적합
서울본부,정비소형,제동시험기,정기,2022-11-23,2022-12-15,합격,SHM-3K-B.SP,2064,기기작동불
광주전남본부,정비종합,사이드슬립측정기,정기,2022-11-23,2022-12-07,합격,SHM-10-A5P,M1163,제어박스 작동불
광주전남본부,정비종합,제동시험기,정기,2022-11-23,2022-12-07,합격,SHM-10-B.SP-GG,M1163,제어박스 작동불
광주전남본부,정비종합,속도계시험기,정기,2022-11-23,2022-12-07,합격,SHM-10-B.SP-GG,M1163,제어박스 작동불
광주전남본부,정비종합,주행빔전조등시험기,최초,2022-11-24,,불합격,HJM-300H,128,"광축 지시계 손상 또는 작동 부적합, 광도지시 부적합"
대전세종충남본부,자동차제작사,제동시험기,정기,2022-11-28,,불합격,KBT-1010DA,72,제어박스 작동불
대구경북본부,정비소형,제동시험기,정기,2022-11-28,2022-12-15,합격,SHC-10-B,2221,"좌,우 자동차 입퇴출용 장치(리프트, 롤러고정장치 등"
대구경북본부,정비소형,속도계시험기,정기,2022-11-28,2022-12-15,합격,SHC-10-SP,2221,"좌,우 자동차 입퇴출용 장치(리프트, 롤러고정장치 등"
경기남부본부,정비종합,사이드슬립측정기,정기,2022-11-28,2022-12-26,합격,DSM-15-AT,1526,"형식,제작번호,제작일자,제작회사 미표시, 5밀리미터 지시(±0.2mm/m) 부적합"
경기남부본부,정비종합,제동시험기,정기,2022-11-28,2022-12-26,합격,DSM-15-BST,1526,"좌제동력지시(±5%) 부적합, 좌우합계제동력지시(±5%) 부적합, 좌우차이제동력지시(±5%) 부적합"
경기남부본부,정비종합,속도계시험기,정기,2022-11-28,2022-12-26,합격,DSM-15-BST,1526,"지시계 지시값 부적합, 지시계 작동 불량, 속도지시(±3%) 이내 부적합"
대구경북본부,정비종합,사이드슬립측정기,정기,2022-11-29,,불합격,SHM-15-A-1,15014,기기작동불
대전세종충남본부,정비종합,사이드슬립측정기,정기,2022-12-02,2022-12-22,합격,DBC-10A-1,2534,제어박스 작동불
대전세종충남본부,정비종합,제동시험기,정기,2022-12-02,2022-12-22,합격,DBC-10BS-3,2534,"좌,우 자동차 입퇴출용 장치(리프트, 롤러고정장치 등, 제어박스 작동불"
대전세종충남본부,정비종합,속도계시험기,정기,2022-12-02,2022-12-22,합격,DBC-10BS-3,2534,제어박스 작동불
서울본부,정비종합,사이드슬립측정기,정기,2022-12-06,2022-12-13,합격,DBC-101DF,200,기기작동불
서울본부,정비종합,제동시험기,정기,2022-12-06,2022-12-13,합격,DBC-102DF,200,"좌,우 자동차 입퇴출용 장치(리프트, 롤러고정장치 등, 좌,우 롤러구동모터 부적합"
서울본부,정비종합,속도계시험기,정기,2022-12-06,2022-12-13,합격,DBC-103DF,200,기기작동불
광주전남본부,정비종합,사이드슬립측정기,정기,2022-12-06,,불합격,HS-10D,2,기기작동불
광주전남본부,정비종합,제동시험기,정기,2022-12-06,,불합격,HBS-10D,2,기기작동불
광주전남본부,정비종합,속도계시험기,정기,2022-12-06,,불합격,HBS-10D,2,기기작동불
광주전남본부,정비종합,주행빔전조등시험기,정기,2022-12-06,,불합격,HL-300D,102,"자동차의 점검,정비 또는 검사 수행 불가능 설치"
서울본부,정비종합,변환빔전조등시험기,정기,2022-12-07,2022-12-27,합격,LTS-80,LTS21-C001,"각도 광축편차 부적합, 광도 광축편차 부적합"
부산본부,정비종합,주행빔전조등시험기,정기,2022-12-07,,불합격,DHT-500M,DHT09-095,각도 광축편차 부적합
경기남부본부,정비종합,제동시험기,정기,2022-12-07,2022-12-26,합격,TBT-6000A,114,기기작동불
경기남부본부,정비종합,속도계시험기,정기,2022-12-07,2022-12-26,합격,SSM-6000,79096,속도지시(±3%) 이내 부적합
경기남부본부,정비종합,주행빔전조등시험기,정기,2022-12-07,2022-12-26,합격,HLT-3,4032,각도 광축편차 부적합
경기남부본부,정비종합,사이드슬립측정기,정기,2022-12-09,,불합격,AUTO-A-3T,3-231,기능키 작동불
경기남부본부,정비종합,제동시험기,정기,2022-12-09,,불합격,AUTO-BS-3T-1,3-231,기능키 작동불
경기남부본부,정비종합,속도계시험기,정기,2022-12-09,,불합격,AUTO-BS-3T-1,3-231,기능키 작동불
부산본부,정비소형,제동시험기,정기,2022-12-12,2022-12-27,합격,BSCT-300AL-1,84,"좌,우 자동차 입퇴출용 장치(리프트, 롤러고정장치 등"
부산본부,정비소형,속도계시험기,정기,2022-12-12,2022-12-27,합격,BSCT-300AL-1,84,"좌,우 자동차 입퇴출용 장치(리프트, 롤러고정장치 등"
부산본부,정비소형,주행빔전조등시험기,정기,2022-12-12,2022-12-27,합격,SHC-300,1722,"광도 지시계 손상 또는 작동 부적합, 광도지시 부적합"
대구경북본부,정비소형,사이드슬립측정기,정기,2022-12-12,2022-12-29,합격,SHC-3-A,1123,제어박스 작동불
대구경북본부,정비소형,제동시험기,정기,2022-12-12,2022-12-29,합격,SHC-3-B,1123,제어박스 작동불
대구경북본부,정비소형,속도계시험기,정기,2022-12-12,2022-12-29,합격,SHC-3-SP,1123,제어박스 작동불
부산본부,정비소형,제동시험기,정기,2022-12-13,2022-12-28,합격,"SHM-3K-B,SP",M1668,좌 롤러구동모터 부적합
부산본부,정비소형,주행빔전조등시험기,정기,2022-12-13,2022-12-28,합격,AUTO-H300,3-206,"광도 지시계 손상 또는 작동 부적합, 광축 지시계 손상 또는 작동 부적합, 광도지시 부적합"
부산본부,정비종합,제동시험기,정기,2022-12-13,,불합격,DSM-15-BST,1558,"좌제동력지시(±5%) 부적합, 우제동력지시(±5%) 부적합"
부산본부,정비소형,사이드슬립측정기,정기,2022-12-14,,불합격,SHM-2-A5,M2038,제어박스 작동불
서울본부,정비소형,제동시험기,정기,2022-12-15,2022-12-15,합격,SHM-2-B.SP,M2133,"좌제동력지시(±5%) 부적합, 좌우합계제동력지시(±5%) 부적합, 좌우차이제동력지시(±5%) 부적합"
서울본부,정비종합,제동시험기,정기,2022-12-15,2022-12-23,합격,DKM-3-BSTG,1674,기기작동불
서울본부,정비종합,속도계시험기,정기,2022-12-15,2022-12-23,합격,DKM-3-BSTG,1674,기기작동불
경기남부본부,정비종합,제동시험기,정기,2022-12-16,,불합격,KBT-1500SIS-AW-1,54,"좌,우 롤러구동모터 부적합"
대전세종충남본부,정비종합,제동시험기,정기,2022-12-19,,불합격,"SHM-10K-B,SP",1982,"좌,우 롤러구동모터 부적합"
경기남부본부,정비소형,속도계시험기,정기,2022-12-20,,불합격,DSM-15-BST,1557,기기작동불
경기남부본부,정비소형,사이드슬립측정기,정기,2022-12-21,,불합격,AUTO-A-3T,3-261,"형식,제작번호,제작일자,제작회사 미표시"
경기남부본부,정비소형,제동시험기,정기,2022-12-21,,불합격,AUTO-BS-3T,3-261,"형식,제작번호,허용축중,제작일자,제작회사 미표시"
경기남부본부,정비소형,속도계시험기,정기,2022-12-21,,불합격,AUTO-BS-3T,3-261,"형식,제작번호,허용축중,제작일자,제작회사 미표시"
경기남부본부,정비소형,주행빔전조등시험기,정기,2022-12-21,,불합격,DSM-300,3527,각도 광축편차 부적합
대구경북본부,정비종합,제동시험기,정기,2022-12-22,,불합격,DKM-10-BSTG,1775,우 롤러구동모터 부적합
광주전남본부,정비종합,제동시험기,정기,2022-12-28,,불합격,HBS-10D,18,"좌,우 롤러구동모터 부적합, 지시계 지시값 부적합"
대구경북본부,정비종합,사이드슬립측정기,정기,2022-12-29,,불합격,DSM-15-AT,1567,제어박스 작동불
대구경북본부,정비종합,제동시험기,정기,2022-12-29,,불합격,SHM-15-B,M1102,제어박스 작동불
대구경북본부,정비종합,속도계시험기,정기,2022-12-29,,불합격,SHM-15-SP,M1102,제어박스 작동불
부산본부,정비소형,제동시험기,정기,2022-12-29,2022-12-30,합격,DBC-32DF2,52,"좌,우 자동차 입퇴출용 장치(리프트, 롤러고정장치 등, 좌제동력지시(±5%) 부적합, 우제동력지시(±5%) 부적합, 좌우합계제동력지시(±5%) 부적합, 좌우차이제동력지시(±5%) 부적합"
부산본부,정비소형,속도계시험기,정기,2022-12-29,2022-12-30,합격,DBC-33DF2,52,"좌,우 자동차 입퇴출용 장치(리프트, 롤러고정장치 등, 속도지시(±3%) 이내 부적합"
