"questionId","formVersion","departmentId","department","topicId","blockOrder","fieldId","questionText","responseType","optionsJSON","required","displayIfJSON","conditionScopeJSON","exclusiveOptionCodesJSON","helpText","sourceRefs","hypothesisStatus"
"SURVEY-katri-research-planning-COMMON-ROLE","v0.2","katri-research-planning","연구기획처","COMMON","2","ROLE","이번 의견을 작성하는 업무 역할은 무엇입니까?","single_choice","[{""code"":""WORK"",""label"":""업무 담당""},{""code"":""REVIEW"",""label"":""검토·승인""},{""code"":""PLANNING"",""label"":""기획·성과""},{""code"":""TECH"",""label"":""정보화·제품·운영""},{""code"":""SECURITY"",""label"":""자료·보안""},{""code"":""OTHER"",""label"":""그 밖의 역할""},{""code"":""UNKNOWN"",""label"":""역할 설명 보완 필요""}]","false","","{""departmentId"":""katri-research-planning"",""topicId"":""COMMON""}","[]","실명·연락처 대신 역할만 작성. 담당 처는 해당 양식에서 지정.","[""CCK-NOA"",""CTX-01"",""BOUNDARY-01""]","공통 설명·추가 의견"
"SURVEY-katri-research-planning-COMMON-POSITION","v0.2","katri-research-planning","연구기획처","COMMON","2","POSITION","이 응답은 어떤 범위의 의견입니까?","single_choice","[{""code"":""INDIVIDUAL"",""label"":""개인의 업무 경험·의견""},{""code"":""CONSULTED"",""label"":""부서 내 확인을 거친 의견""},{""code"":""OFFICIAL"",""label"":""권한자가 확인한 공식 회신""},{""code"":""UNKNOWN"",""label"":""범위 미확인""}]","false","","{""departmentId"":""katri-research-planning"",""topicId"":""COMMON""}","[]","공식 회신 선택만으로 도입·예산·자료 이용승인이 생기는 것은 아님. 확인 근거는 별도 검토.","[""CCK-NOA"",""CTX-01"",""BOUNDARY-01""]","공통 설명·추가 의견"
"SURVEY-katri-research-planning-COMMON-CURRENT_USE","v0.2","katri-research-planning","연구기획처","COMMON","2","CURRENT_USE","현재 NOA 또는 AI 공통플랫폼을 어떤 업무에 사용하거나 확인하고 있습니까? 사용하지 않거나 기능을 모르는 경우도 작성해 주십시오.","long_text","[]","false","","{""departmentId"":""katri-research-planning"",""topicId"":""COMMON""}","[]","실제 사용 기능·업무·남는 어려움 중심. 제공된 제품 소개를 실제 설치본 기능으로 옮겨 적지 않음.","[""CCK-NOA"",""CTX-01"",""BOUNDARY-01""]","공통 설명·추가 의견"
"SURVEY-katri-research-planning-katri-research-planning-DISCOVERY_SCOPE","v0.2","katri-research-planning","연구기획처","katri-research-planning","3","DISCOVERY_SCOPE","현재 담당하는 개별 업무·대상자·입력자료·결과·권한은 무엇입니까?","long_text","[]","false","","{""departmentId"":""katri-research-planning"",""topicId"":""katri-research-planning""}","[]","조직명만으로 업무를 확정하지 않음. 제시된 부서명이 현행과 다르면 정정.","[""ORG-KATRI""]","병목 가설 미제시 · 분장·문제 유무 확인부터"
"SURVEY-katri-research-planning-katri-research-planning-DISCOVERY_CURRENT","v0.2","katri-research-planning","연구기획처","katri-research-planning","3","DISCOVERY_CURRENT","어떤 순서와 기준으로 처리하며 현재 시스템·서식·AI가 어디까지 지원합니까?","long_text","[]","false","","{""departmentId"":""katri-research-planning"",""topicId"":""katri-research-planning""}","[]","정상 사례와 실제 역할·공식 완료 결과부터 설명. 다른 처·센터·기관의 단계는 분리.","[""ORG-KATRI""]","병목 가설 미제시 · 분장·문제 유무 확인부터"
"SURVEY-katri-research-planning-katri-research-planning-DISCOVERY_PROBLEM","v0.2","katri-research-planning","연구기획처","katri-research-planning","3","DISCOVERY_PROBLEM","남는 어려움이 있습니까? 있다면 사례·영향·현재 대응·다른 원인을, 없다면 확인 범위를 설명해 주십시오.","long_text","[]","false","","{""departmentId"":""katri-research-planning"",""topicId"":""katri-research-planning""}","[]","병목 가설이 아직 없는 처. AI·신규사업 필요를 미리 배정하지 않고 자유롭게 발견.","[""ORG-KATRI""]","병목 가설 미제시 · 분장·문제 유무 확인부터"
"SURVEY-katri-research-planning-COMMON-OTHER_WORK_DIFFICULTY","v0.2","katri-research-planning","연구기획처","COMMON","4","OTHER_WORK_DIFFICULTY","제시된 병목 외에 업무처리나 정확한 판단을 어렵게 만드는 지점은 무엇입니까?","long_text","[]","false","","{""departmentId"":""katri-research-planning"",""topicId"":""COMMON""}","[]","업무 / 발생 단계 / 대상 / 현재 대응 / 남는 문제 / 근거를 작성. 없음·담당 아님·미확인도 명시 가능.","[""CCK-NOA"",""CTX-01"",""BOUNDARY-01""]","공통 설명·추가 의견"
"SURVEY-katri-research-planning-COMMON-PUBLIC_SERVICE_ISSUE","v0.2","katri-research-planning","연구기획처","COMMON","4","PUBLIC_SERVICE_ISSUE","국민·기업이 안전·검사·자격·교통 서비스를 이용할 때 추가로 겪는 불편이나 권익 문제는 무엇입니까?","long_text","[]","false","","{""departmentId"":""katri-research-planning"",""topicId"":""COMMON""}","[]","대상자 / 원하는 결과 / 현재 경로 / 반복 설명·보완·방문·접근성 / 확인 근거. 현업의 추정과 이용자의 직접 의견을 구분.","[""CCK-NOA"",""CTX-01"",""BOUNDARY-01""]","공통 설명·추가 의견"
"SURVEY-katri-research-planning-COMMON-NEW_PROBLEM","v0.2","katri-research-planning","연구기획처","COMMON","4","NEW_PROBLEM","이번 조사에서 빠진 문제나 다른 원인 설명이 있다면 작성해 주십시오.","long_text","[]","false","","{""departmentId"":""katri-research-planning"",""topicId"":""COMMON""}","[]","기존 병목의 수정인지 별도 문제인지, 소관 후보·현재 대응·우선 이유를 설명. 없으면 없음으로 작성.","[""CCK-NOA"",""CTX-01"",""BOUNDARY-01""]","공통 설명·추가 의견"
"SURVEY-katri-research-planning-COMMON-AX_EXPANSION_OPINION","v0.2","katri-research-planning","연구기획처","COMMON","4","AX_EXPANSION_OPINION","현재 플랫폼을 확대한다면 어떤 업무의 어떤 결과를 우선 개선해야 합니까?","long_text","[]","false","","{""departmentId"":""katri-research-planning"",""topicId"":""COMMON""}","[]","현재 기능 → 남는 어려움 → 필요한 새 능력 → 업무·역할 변화 → 기관/국민 편익. 확대 불필요·비AI 대안도 가능.","[""CCK-NOA"",""CTX-01"",""BOUNDARY-01""]","공통 설명·추가 의견"
"SURVEY-katri-research-planning-COMMON-EXPANSION_LIMIT","v0.2","katri-research-planning","연구기획처","COMMON","4","EXPANSION_LIMIT","별도 전문시스템이나 권한자의 판단에 남겨야 할 범위와 확대 제약은 무엇입니까?","long_text","[]","false","","{""departmentId"":""katri-research-planning"",""topicId"":""COMMON""}","[]","공식 안전·자격·의료·처분·승인/지급 책임, 자료 이용·운영·비용 조건을 설명. 실행본 확인은 제품 담당 보충지 S01~S04와 연결.","[""CCK-NOA"",""CTX-01"",""BOUNDARY-01""]","공통 설명·추가 의견"
