처	근거ID	확인 대상	확인 방법	결과
AD	AD-E28	별표15 "진단기로 진단을 시도하였으나" 검사생략·경고등 대체 문구	조사원 저장 원문(PDF 추출본 b15.txt) 문구 대조. 법령정보센터 재조회는 스크립트 렌더링으로 불가	일치
AD	AD-E29	별표5의3 "최대·최소 셀 전압"	원문 추출본 b53.txt 대조	일치
PK	PK-22/23	부적합 잔존 656기·운행중지 명령 152기·기준시점	대한경제 2026-09-17 기사 직접 열람(WebFetch)과 검색결과 9개 매체 교차	일치. 기준 "올해(2026) 7월 말", 출처 정일영 의원이 TS로부터 제출받은 자료. 등급 PLAUSIBLE 적정(의원실 원문 미열람)
SI	SI(CSV 집계)	2022 정밀도검사 부적합 746건 중 재검 기록 없음 148건(19.8%), 본부별 5.0~37.8%	로컬 CSV(한국교통안전공단_2022년 안전도측정기기 정밀도검사…_20230720.csv, cp949) 직접 재계산	일치. 재검일 결측 148행 = 결과 불합격 148행 동일. 단 "기록 없음"이 미조치인지 자료 수록 범위 문제인지는 원자료만으로 구분 불가
IP	IP-E20	화재 우려 결함 1년 6개월 미시정 시 정기검사 부적합, 국토교통부령 제1539호 2026-01-01 시행, 시행 후 통지분부터 적용	시행규칙 원문 사본(work_AD/law_rule.txt) 제41조②7호·부칙 제1조·제2조 대조 + 웹검색(법령정보센터 개정이유 요약)으로 부칙 적용례 문구 교차	일치. "첫 부적합 2027-07 이후"는 적용례에서 도출한 추론으로 문서에 추론 표기됨
00	OV-68	TS 2025-12-29 보도자료: 교통안전관리규정 이행 확인 평가 지원 AI 특화 서비스 도입, TS-AI GPT 1,850여 명	TS 홈페이지 보도자료 직접 열람(WebFetch)	일치. 기능 상세는 보도자료 1문장뿐이라는 한계도 원장 표기와 같음
00	OV-32	COSAS 운영·고도화 RFP 418,215,333원, 모듈형 AI 운전자 안전모델·운전자별 AI안전보고서 시범운영	로컬 RFP 원문 텍스트(19137) 직접 대조	일치(유지보수 1·2차 각 119,362,060원 + 고도화·모델연구 179,491,213원)
DF	DF-W01	운행기록 제출률 44%(2019 38·2020 43·2021 44%), 택시 35.5·화물 32.3%	이투데이 2022-10-10 기사 직접 열람(WebFetch)	수치 일치. 출처는 김병욱 의원실이 국토부에서 받은 자료. 기사의 조사기간 "2011~2014년 6월" 표기 이상은 원장에도 표기됨. 1차 자료 미열람이므로 등급은 PLAUSIBLE이 더 적정(원장은 CONFIRMED) → 통합 시 언론 인용 수치를 2차 출처로 구분
CL	CL(계획 p.120)	TS 2026 추진계획 "안전운임 신고처리 지연 민원인 불편 야기 → 신규 인력확보·시스템 고도화로 처리기한 단축"	로컬 추진계획 전문 텍스트 직접 검색	일치(p.120, 교통안전정책실 화물차 위험요인 과제의 개선사항)
QE	QE-L11	운전적성정밀검사 관리규정(국토부고시 제2025-700호, 2025-12-05 시행) 제10조 교정교육: 운송사업자 검사소견 교정교육·TS 지도	웹검색으로 고시 번호·시행일·명칭과 교정교육 대상 규정 확인. 조문 원문(제10조④⑤)은 법령정보센터 스크립트 렌더링으로 직접 재열람 불가	부분 확인(고시 실재·시행일·교정교육 규정 존재 일치, 조항 번호별 문구는 조사원 원문 대조에 의존)
RI	RIS-15/65	모빌리티 샌드박스 승인 95건·개시 공지 52건, 승인→개시 중앙값 169일(n=51), 1~7차 승인 79건 중 180일 내 개시 25건(31.6%)	조사원 파싱 원자료(work_RI/boards_parsed2.json)로 독립 재계산	일치(개시일=최초 유효기간 시작일, 조사원 매칭 기준). 연장 후 유효기간 시작일을 쓰면 중앙값 187일, 회사명 단순 매칭이면 180일 내 개시 25.3%로 달라짐 → 정의 민감. 게시판 크롤링 자체는 재수행하지 않음
MR	MR(지정·규모)	TS 2023-11 앱미터 전문검정기관 지정, 전국 약 18만대, 제작·수리·사용검정 3종	웹검색: 부산일보 2023-11-29 기사와 TS 앱미터 검정 안내 페이지 목록 확인(검색 요약 수준)	일치(부분). 6개사·83개 지자체 수치와 별표 5의2 문구는 조사원 원문 대조에 의존
PS	PS-E31	여객법 법률 제21710호(2026-05-29 공포, 2026-11-30 시행) 제20조의3 장거리 필수노선·제22조의3 종합정보체계 신설	국가법령정보센터 제·개정 목록 페이지 직접 열람(WebFetch)	일치. 검색 요약이 제21339호(가맹수수료)와 혼동했으나 목록 원문에서 구분 확인
RD	RD-E28	자동차관리법 사용후 배터리 조항 신설, 2027-07-01 시행(성능평가·안전검사·이력관리)	웹검색: 아시아경제·다음 2026-01-29 기사, 에너지데일리(국무회의 통과·시행일)	일치(시행일·내용). 조문 번호(제35조의13~19)와 위임 13회는 조사원 원문 대조에 의존
