ID,자료,URL,날짜와버전,적용과한계
S01,2026년 적용 SW기술자 평균임금,https://www.sw.or.kr/site/kipa/ex/board/View.do?bcIdx=64717&cbIdx=304&gubun=G,"2025-12-19 공표, 2026년 적용",직무별 월 평균임금. 기본급·수당·상여·퇴직충당·사업주 보험 부담 포함. 견적단가 아님.
S02,SW사업 대가산정 가이드 2025년 개정판,https://www.sw.or.kr/site/sw/ex/board/View.do?cbIdx=276&bcIdx=63607&searchExt1=,2025-08-11 공표,"인쇄면 157~165 AI 시스템통합형 비용 구성과 중복 배제. 16, 215~217면 운영 공수·요율. 132면 FP와 제경비·기술료 중복 배제. PDF 원문 해당 면 열람."
S03,소프트웨어사업 계약 및 관리감독에 관한 지침,https://law.go.kr/LSW/admRulInfoP.do?admRulSeq=2100000223356,"2023-05-15 시행, 고시 제2023-15호",제3조 예산편성의 기능·비기능·HW·SW 범위 명확화 확인. 세부 발주 절차의 적용은 발주기관 검토 필요.
S04,부가가치세법 제30조,https://law.go.kr/LSW/lsLinkCommonInfo.do?chrClsCd=010202&lsJoLnkSeq=1028444683,2026-01-02 시행본,세율 10%. 본 예산 모델은 모두 일반 과세 용역·물품이라는 가정.
S05,TS 자동차검사 안내,https://main.kotsa.or.kr/portal/contents.do?menuCode=01010101,2026-09-10,업무 소개. 연계 API 제공·접근권한의 근거는 아님.
S06,자동차리콜센터,https://www.car.go.kr/home/main.do,2026-09-10,기존 리콜 조회·신고 서비스 존재. 신규 차별성은 결과 이후 행동 지원에 한정.
S07,TS 기계식주차장 검사 안내,https://main.kotsa.or.kr/portal/contents.do?menuCode=01030401,2026-09-10,X04 최초 적용 분야 후보의 업무 소개. 개별 감독·결정 권한은 별도 확인.
S08,기술 확장 검토와 사용자 경험,../../../04_기관리서치/TS_대화구조화/기술확장_2026-09-10/CCK_TS_기술기반_확장검토.md,2026-09-10,파생 조사와 사용자 현장 의견. CCK 실제 수행능력·TS 의사결정의 증명 아님.
U-BUD-02,현재 대화의 사용자 예산 제안,현재 대화,2026-09-10,5억+8억 제안 후 7억+5억 검토 요청. VAT 포함 해석은 작성 가정이며 예산 승인 아님.
