요구ID,명칭,사업요구,서비스,WBS,화면,API,데이터,권한,시험ID,우선순위
SFR-001,로컬 모델 호출,BR08,공통,W02,UI-C,API-C01,"ModelVersion, Task",시스템 서비스 계정,T-SFR-001,필수
SFR-002,근거 검색과 인용,BR06,공통,W02,UI-C,API-C02,"Case, Evidence",업무 권한 보유 사용자,T-SFR-002,필수
SFR-003,기준과 규칙 버전,BR06,공통,W02,UI-A,API-C02,RuleVersion,기준 편집자와 별도 승인자,T-SFR-003,필수
SFR-004,동의와 실행 내용 결속,BR07,공통,W03,UI-C,API-C03,"Consent, Execution",본인 또는 위임 확인 사용자,T-SFR-004,필수
SFR-005,업무 상태와 재개,BR07,공통,W03,UI-C,API-C03,"Task, Execution",실행 권한 서비스 계정,T-SFR-005,필수
SFR-006,전자문서 수집과 정정,BR06,공통,W02,UI-C,API-C04,"Document, Evidence",자료 제공자 및 검토자,T-SFR-006,필수
SFR-007,허용 API와 반환 검증,BR07,공통,W03,UI-A,API-C05,ConnectorContract,연계 서비스 계정,T-SFR-007,필수
SFR-008,개선 의견과 운영 지표,BR10,공통,"W06,W10",UI-A,API-C06,"Feedback, Metric",운영자,T-SFR-008,필수
SFR-101,조건 구조화와 확인,BR01,X01,W07,UI-X01,API-X01,Condition,본인 또는 위임 확인 사용자,T-SFR-101,필수
SFR-102,실시간 후보와 대안 비교,BR01,X01,W07,UI-X01,API-X01,Slot,본인 또는 위임 확인 사용자,T-SFR-102,필수
SFR-103,예약 재확인과 확정,BR01,X01,W07,UI-X01,API-X01,Booking,본인 또는 위임 확인 사용자,T-SFR-103,필수
SFR-104,예약 변경과 취소,BR01,X01,W07,UI-X01,API-X01,Booking,본인 또는 위임 확인 사용자,T-SFR-104,필수
SFR-201,검사 결과와 기준 결합,BR02,X02,W04,UI-X02,API-X02,InspectionResult,본인 또는 위임 확인 사용자,T-SFR-201,필수
SFR-202,필수 행동과 쉬운 설명,BR02,X02,W04,UI-X02,API-X02,Action,본인 또는 위임 확인 사용자,T-SFR-202,필수
SFR-203,후속 조치 상태 분리,BR02,X02,W04,UI-X02,API-X02,ActionStatus,본인 또는 위임 확인 사용자,T-SFR-203,필수
SFR-204,결과 정정과 이의 연결,BR02,X02,W04,UI-X02,API-X02,Correction,본인 또는 위임 확인 사용자,T-SFR-204,필수
SFR-301,관찰 사실과 불확실성 분리,BR03,X03,W08,UI-X03,API-X03,ReportDraft,본인 또는 위임 확인 사용자,T-SFR-301,필수
SFR-302,중립적 보완 질문,BR03,X03,W08,UI-X03,API-X03,ReportField,본인 또는 위임 확인 사용자,T-SFR-302,필수
SFR-303,원문 대비와 제출 승인,BR03,X03,W08,UI-X03,API-X03,ReportVersion,본인 또는 위임 확인 사용자,T-SFR-303,필수
SFR-304,접수 확인과 보호 정책,BR03,X03,W08,UI-X03,API-X03,ReportReceipt,본인 또는 위임 확인 사용자,T-SFR-304,필수
SFR-401,지적사항 단위 구조화,BR04,X04,W05,UI-X04,API-X04,Finding,권한 있는 담당자,T-SFR-401,필수
SFR-402,조치 증빙 대응 검토,BR04,X04,W05,UI-X04,API-X04,ActionEvidence,권한 있는 담당자,T-SFR-402,필수
SFR-403,담당자 검토와 반려,BR04,X04,W05,UI-X04,API-X04,ReviewDecision,권한 있는 담당자,T-SFR-403,필수
SFR-404,미해결과 재발 이력,BR04,X04,W05,UI-X04,API-X04,FindingHistory,권한 있는 담당자,T-SFR-404,필수
SFR-501,신청 유형과 기준 확인,BR05,X05,W09,UI-X05,API-X05,ApplicationType,본인 또는 위임 확인 사용자,T-SFR-501,필수
SFR-502,요건과 준비자료 대응,BR05,X05,W09,UI-X05,API-X05,RequirementEvidence,본인 또는 위임 확인 사용자,T-SFR-502,필수
SFR-503,보완과 초안 작성,BR05,X05,W09,UI-X05,API-X05,ApplicationDraft,본인 또는 위임 확인 사용자,T-SFR-503,필수
SFR-504,공식 접수와 상태 연결,BR05,X05,W09,UI-X05,API-X05,ApplicationReceipt,본인 또는 위임 확인 사용자,T-SFR-504,필수
DAR-001,데이터 품질과 삭제,BR06,공통,W02,공통 화면,공통 계약,업무 및 감사 데이터,업무·운영·보안 담당자,T-DAR-001,필수
SER-001,인증과 최소 권한,BR07,공통,W03,공통 화면,공통 계약,업무 및 감사 데이터,업무·운영·보안 담당자,T-SER-001,필수
SER-002,개인정보와 비밀정보,BR07,공통,"W06,W10",공통 화면,공통 계약,업무 및 감사 데이터,업무·운영·보안 담당자,T-SER-002,필수
SER-003,문서 내 악성 지시 차단,BR07,공통,"W06,W10",공통 화면,공통 계약,업무 및 감사 데이터,업무·운영·보안 담당자,T-SER-003,필수
PER-001,성능 측정과 자원 규모,BR08,공통,"W02,W06,W10",공통 화면,공통 계약,업무 및 감사 데이터,업무·운영·보안 담당자,T-PER-001,필수
PER-002,시간 초과와 대기열,BR08,공통,"W03,W06,W10",공통 화면,공통 계약,업무 및 감사 데이터,업무·운영·보안 담당자,T-PER-002,필수
COR-001,복구와 운영 연속성,BR08,공통,"W06,W10",공통 화면,공통 계약,업무 및 감사 데이터,업무·운영·보안 담당자,T-COR-001,필수
UIR-001,접근성과 화면 상태,BR09,공통,"W06,W10",공통 화면,공통 계약,업무 및 감사 데이터,업무·운영·보안 담당자,T-UIR-001,필수
QUR-001,AI 근거 품질 평가,BR09,공통,"W02,W06,W10",공통 화면,공통 계약,업무 및 감사 데이터,업무·운영·보안 담당자,T-QUR-001,필수
QUR-002,비AI 대비 이용성 검증,BR09,공통,"W06,W10",공통 화면,공통 계약,업무 및 감사 데이터,업무·운영·보안 담당자,T-QUR-002,필수
TER-001,시험과 요구 추적,BR10,공통,"W06,W10",공통 화면,공통 계약,업무 및 감사 데이터,업무·운영·보안 담당자,T-TER-001,필수
PMR-001,사업과 중복 범위 확정,BR10,공통,W01,공통 화면,공통 계약,업무 및 감사 데이터,업무·운영·보안 담당자,T-PMR-001,필수
PMR-002,단계와 변경 관리,BR10,공통,"W01,W10",공통 화면,공통 계약,업무 및 감사 데이터,업무·운영·보안 담당자,T-PMR-002,필수
PMR-003,인수와 지식재산,BR10,공통,"W06,W10",공통 화면,공통 계약,업무 및 감사 데이터,업무·운영·보안 담당자,T-PMR-003,필수
PMR-004,교육과 운영 책임,BR10,공통,"W06,W10",공통 화면,공통 계약,업무 및 감사 데이터,업무·운영·보안 담당자,T-PMR-004,필수
