"처ID","처","상위 조직","모드","주제ID","병목 가설 수","정의 문항 수","설문지","정의서","빈 회신","상태"
"EX13","감사처","감사실","병목 가설·개선 방법 검토","EX13-01","1","23","EX13/questionnaire.md","EX13/definition.csv","EX13/response-blank.csv","미요청·회신 없음"
"EX01","경영기획처","기획본부 / 기획조정실","병목 가설·개선 방법 검토","EX01-01","1","23","EX01/questionnaire.md","EX01/definition.csv","EX01/response-blank.csv","미요청·회신 없음"
"EX02","예산처","기획본부 / 기획조정실","병목 가설·개선 방법 검토","EX02-01","1","23","EX02/questionnaire.md","EX02/definition.csv","EX02/response-blank.csv","미요청·회신 없음"
"EX03","혁신성과처","기획본부 / 기획조정실","병목 가설·개선 방법 검토","EX03-01","1","23","EX03/questionnaire.md","EX03/definition.csv","EX03/response-blank.csv","미요청·회신 없음"
"EX04","ESG경영처","기획본부 / 기획조정실","병목 가설·개선 방법 검토","EX04-01","1","23","EX04/questionnaire.md","EX04/definition.csv","EX04/response-blank.csv","미요청·회신 없음"
"EX05","디지털기획처","기획본부 / AI디지털실","병목 가설·개선 방법 검토","EX05-01","1","23","EX05/questionnaire.md","EX05/definition.csv","EX05/response-blank.csv","미요청·회신 없음"
"EX06","AI혁신처","기획본부 / AI디지털실","병목 가설·개선 방법 검토","EX06-01","1","23","EX06/questionnaire.md","EX06/definition.csv","EX06/response-blank.csv","미요청·회신 없음"
"EX07","정보보안처","기획본부 / AI디지털실","병목 가설·개선 방법 검토","EX07-01","1","23","EX07/questionnaire.md","EX07/definition.csv","EX07/response-blank.csv","미요청·회신 없음"
"EX08","자동차정보처","기획본부 / AI디지털실","병목 가설·개선 방법 검토","EX08-01","1","23","EX08/questionnaire.md","EX08/definition.csv","EX08/response-blank.csv","미요청·회신 없음"
"EX09","운영지원처","경영지원본부","병목 가설·개선 방법 검토","EX09-01","1","23","EX09/questionnaire.md","EX09/definition.csv","EX09/response-blank.csv","미요청·회신 없음"
"EX10","인재개발처","경영지원본부","병목 가설·개선 방법 검토","EX10-01","1","23","EX10/questionnaire.md","EX10/definition.csv","EX10/response-blank.csv","미요청·회신 없음"
"EX11","재정회계처","경영지원본부","병목 가설·개선 방법 검토","EX11-01","1","23","EX11/questionnaire.md","EX11/definition.csv","EX11/response-blank.csv","미요청·회신 없음"
"EX12","자산인프라처","경영지원본부","병목 가설·개선 방법 검토","EX12-01","1","23","EX12/questionnaire.md","EX12/definition.csv","EX12/response-blank.csv","미요청·회신 없음"
"MR","모빌리티연구처","모빌리티교통안전본부 / 모빌리티연구실","병목 가설·개선 방법 검토","MR-01/MR-02","2","38","MR/questionnaire.md","MR/definition.csv","MR/response-blank.csv","미요청·회신 없음"
"DF","데이터융복합처","모빌리티교통안전본부 / 모빌리티연구실","병목 가설·개선 방법 검토","DF-01","1","23","DF/questionnaire.md","DF/definition.csv","DF/response-blank.csv","미요청·회신 없음"
"SA","교통안전처","모빌리티교통안전본부 / 교통안전정책실","병목 가설·개선 방법 검토","SA-01","1","23","SA/questionnaire.md","SA/definition.csv","SA/response-blank.csv","미요청·회신 없음"
"QE","자격교육처","모빌리티교통안전본부 / 교통안전정책실","병목 가설·개선 방법 검토","QE-01/QE-H01","2","38","QE/questionnaire.md","QE/definition.csv","QE/response-blank.csv","미요청·회신 없음"
"CL","기후탄소물류처","모빌리티교통안전본부 / 교통안전정책실","병목 가설·개선 방법 검토","CL-01","1","23","CL/questionnaire.md","CL/definition.csv","CL/response-blank.csv","미요청·회신 없음"
"PS","정책지원처","모빌리티교통안전본부 / 모빌리티지원센터","병목 가설·개선 방법 검토","PS-01","1","23","PS/questionnaire.md","PS/definition.csv","PS/response-blank.csv","미요청·회신 없음"
"RI","규제혁신처","모빌리티교통안전본부 / 모빌리티지원센터","병목 가설·개선 방법 검토","RI-01","1","23","RI/questionnaire.md","RI/definition.csv","RI/response-blank.csv","미요청·회신 없음"
"DV","실증사업처","모빌리티교통안전본부 / 모빌리티지원센터","병목 가설·개선 방법 검토","DV-01","1","23","DV/questionnaire.md","DV/definition.csv","DV/response-blank.csv","미요청·회신 없음"
"IP","검사기획처","자동차검사본부 / 검사전략실","병목 가설·개선 방법 검토","IP-01","1","23","IP/questionnaire.md","IP/definition.csv","IP/response-blank.csv","미요청·회신 없음"
"SI","특수검사처","자동차검사본부 / 검사전략실","병목 가설·개선 방법 검토","SI-01","1","23","SI/questionnaire.md","SI/definition.csv","SI/response-blank.csv","미요청·회신 없음"
"PK","주차안전처","자동차검사본부 / 검사전략실","병목 가설·개선 방법 검토","PK-01","1","23","PK/questionnaire.md","PK/definition.csv","PK/response-blank.csv","미요청·회신 없음"
"AD","첨단검사전략처","자동차검사본부 / 첨단자동차검사연구센터","병목 가설·개선 방법 검토","AD-01","1","23","AD/questionnaire.md","AD/definition.csv","AD/response-blank.csv","미요청·회신 없음"
"RD","첨단연구개발처","자동차검사본부 / 첨단자동차검사연구센터","병목 가설·개선 방법 검토","RD-01","1","23","RD/questionnaire.md","RD/definition.csv","RD/response-blank.csv","미요청·회신 없음"
"EX14","AI검사인프라처","자동차검사본부 / 첨단자동차검사연구센터","병목 가설·개선 방법 검토","EX14-01","1","23","EX14/questionnaire.md","EX14/definition.csv","EX14/response-blank.csv","미요청·회신 없음"
"EX15","기술안전처","자동차검사본부 / 튜닝안전기술원","병목 가설·개선 방법 검토","EX15-01","1","23","EX15/questionnaire.md","EX15/definition.csv","EX15/response-blank.csv","미요청·회신 없음"
"EX16","시험인증처","자동차검사본부 / 튜닝안전기술원","병목 가설·개선 방법 검토","EX16-01","1","23","EX16/questionnaire.md","EX16/definition.csv","EX16/response-blank.csv","미요청·회신 없음"
"EX17","기술승인처","자동차검사본부 / 튜닝안전기술원","병목 가설·개선 방법 검토","EX17-01","1","23","EX17/questionnaire.md","EX17/definition.csv","EX17/response-blank.csv","미요청·회신 없음"
"EX18","항공안전처","항공철도안전본부 / 항공안전실","병목 가설·개선 방법 검토","EX18-01","1","23","EX18/questionnaire.md","EX18/definition.csv","EX18/response-blank.csv","미요청·회신 없음"
"EX19","항공자격처","항공철도안전본부 / 항공안전실","병목 가설·개선 방법 검토","EX19-01","1","23","EX19/questionnaire.md","EX19/definition.csv","EX19/response-blank.csv","미요청·회신 없음"
"EX20","드론관리처","항공철도안전본부 / 항공안전실","병목 가설·개선 방법 검토","EX20-01","1","23","EX20/questionnaire.md","EX20/definition.csv","EX20/response-blank.csv","미요청·회신 없음"
"EX21","도심항공정책처","항공철도안전본부 / 항공안전실","병목 가설·개선 방법 검토","EX21-01","1","23","EX21/questionnaire.md","EX21/definition.csv","EX21/response-blank.csv","미요청·회신 없음"
"EX22","철도안전처","항공철도안전본부 / 철도안전실","병목 가설·개선 방법 검토","EX22-01/EX22-02","2","38","EX22/questionnaire.md","EX22/definition.csv","EX22/response-blank.csv","미요청·회신 없음"
"EX23","철도승인처","항공철도안전본부 / 철도안전실","병목 가설·개선 방법 검토","EX23-01/EX23-02","2","38","EX23/questionnaire.md","EX23/definition.csv","EX23/response-blank.csv","미요청·회신 없음"
"EX24","철도검사처","항공철도안전본부 / 철도안전실","병목 가설·개선 방법 검토","EX24-01","1","23","EX24/questionnaire.md","EX24/definition.csv","EX24/response-blank.csv","미요청·회신 없음"
"EX25","철도기술처","항공철도안전본부 / 철도안전실","병목 가설·개선 방법 검토","EX25-01","1","23","EX25/questionnaire.md","EX25/definition.csv","EX25/response-blank.csv","미요청·회신 없음"
"katri-research-planning","연구기획처","자동차안전연구원 / 연구기획실","업무·추가 문제 발견","katri-research-planning","0","11","katri-research-planning/questionnaire.md","katri-research-planning/definition.csv","katri-research-planning/response-blank.csv","미요청·회신 없음"
"katri-research-support","연구지원처","자동차안전연구원 / 연구기획실","업무·추가 문제 발견","katri-research-support","0","11","katri-research-support/questionnaire.md","katri-research-support/definition.csv","katri-research-support/response-blank.csv","미요청·회신 없음"
"katri-defect-policy","결함정책처","자동차안전연구원 / 결함조사본부","업무·추가 문제 발견","katri-defect-policy","0","11","katri-defect-policy/questionnaire.md","katri-defect-policy/definition.csv","katri-defect-policy/response-blank.csv","미요청·회신 없음"
"katri-defect-investigation1","결함조사1처","자동차안전연구원 / 결함조사본부","업무·추가 문제 발견","katri-defect-investigation1","0","11","katri-defect-investigation1/questionnaire.md","katri-defect-investigation1/definition.csv","katri-defect-investigation1/response-blank.csv","미요청·회신 없음"
"katri-defect-investigation2","결함조사2처","자동차안전연구원 / 결함조사본부","업무·추가 문제 발견","katri-defect-investigation2","0","11","katri-defect-investigation2/questionnaire.md","katri-defect-investigation2/definition.csv","katri-defect-investigation2/response-blank.csv","미요청·회신 없음"
"EX26","안전연구처","자동차안전연구원 / 미래차연구본부","병목 가설·개선 방법 검토","EX26-01","1","23","EX26/questionnaire.md","EX26/definition.csv","EX26/response-blank.csv","미요청·회신 없음"
"katri-future-research","미래차연구처","자동차안전연구원 / 미래차연구본부","업무·추가 문제 발견","katri-future-research","0","11","katri-future-research/questionnaire.md","katri-future-research/definition.csv","katri-future-research/response-blank.csv","미요청·회신 없음"
"katri-parts-research","부품연구처","자동차안전연구원 / 미래차연구본부","업무·추가 문제 발견","katri-parts-research","0","11","katri-parts-research/questionnaire.md","katri-parts-research/definition.csv","katri-parts-research/response-blank.csv","미요청·회신 없음"
"katri-autonomous-research","자율주행연구처","자동차안전연구원 / 자율주행본부","업무·추가 문제 발견","katri-autonomous-research","0","11","katri-autonomous-research/questionnaire.md","katri-autonomous-research/definition.csv","katri-autonomous-research/response-blank.csv","미요청·회신 없음"
"katri-connected-research","커넥티드카연구처","자동차안전연구원 / 자율주행본부","업무·추가 문제 발견","katri-connected-research","0","11","katri-connected-research/questionnaire.md","katri-connected-research/definition.csv","katri-connected-research/response-blank.csv","미요청·회신 없음"
"katri-autonomous-demonstration","자율주행실증처","자동차안전연구원 / 자율주행본부","업무·추가 문제 발견","katri-autonomous-demonstration","0","11","katri-autonomous-demonstration/questionnaire.md","katri-autonomous-demonstration/definition.csv","katri-autonomous-demonstration/response-blank.csv","미요청·회신 없음"
"katri-vehicle-certification","자동차인증처","자동차안전연구원 / 인증정책본부","업무·추가 문제 발견","katri-vehicle-certification","0","11","katri-vehicle-certification/questionnaire.md","katri-vehicle-certification/definition.csv","katri-vehicle-certification/response-blank.csv","미요청·회신 없음"
"katri-construction-certification","건설기계인증처","자동차안전연구원 / 인증정책본부","업무·추가 문제 발견","katri-construction-certification","0","11","katri-construction-certification/questionnaire.md","katri-construction-certification/definition.csv","katri-construction-certification/response-blank.csv","미요청·회신 없음"
